"TI","PY","SO","DI","found_in_extended_search","match_type","tier_revised","corpus_revised"
"DETECTING TURNING POINTS OF STOCK MARKETS IN CHINA AND THE UNITED STATES",2025,"APPLIED ECONOMICS","10.1080/00036846.2024.2305613",TRUE,"DOI","T1a_core_detection","A"
"GOVERNMENT INTERVENTION IN RUSSIAN BOURSE: A CASE OF FINANCIAL CONTAGION",2012,"JOURNAL OF FINANCIAL ECONOMIC POLICY","10.1108/17576381211279299",TRUE,"DOI","T1a_core_detection","A"
"THE STRUCTURE AND SUSTAINABILITY OF CURRENT ACCOUNT DEFICIT: TURKISH EVIDENCE FROM REGIME SWITCHING",2016,"JOURNAL OF INTERNATIONAL TRADE \& ECONOMIC DEVELOPMENT","10.1080/09638199.2015.1090472",TRUE,"DOI","T2_regime_switching_modelling","A"
"ACTIVE AND PASSIVE MONETARY POLICY IN CEE COUNTRIES WITH INFLATION TARGETING: THE CASE OF THE CZECH REPUBLIC, HUNGARY, AND POLAND",2016,"EASTERN EUROPEAN ECONOMICS","10.1080/00128775.2015.1126789",TRUE,"DOI","T2_regime_switching_modelling","A"
"SWITCHING IMPACTS OF THE OUTPUT GAP ON INFLATION: EVIDENCE FROM CANADA, THE UK AND THE US",2014,"INTERNATIONAL REVIEW OF ECONOMICS \& FINANCE","10.1016/j.iref.2014.06.001",TRUE,"DOI","T2_regime_switching_modelling","A"
"INVESTOR PERCEPTIONS AND EQUITY-SOVEREIGN BOND RETURN CORRELATION: REVISITING THE MEXICAN PESO CRISIS",2012,"MACROECONOMICS AND FINANCE IN EMERGING MARKET ECONOMIES","10.1080/17520843.2011.624526",TRUE,"DOI","T2_regime_switching_modelling","A"
"TESTING THE VALIDITY OF THE MONETARY MODEL FOR ASEAN WITH STRUCTURAL BREAK",2012,"APPLIED ECONOMICS","10.1080/00036846.2011.570726",TRUE,"DOI","T1a_core_detection","A"
"WAGE - PRICE DYNAMICS AND FINANCIAL MARKET IN A DISEQUILIBRIUM MACRO MODEL: A KEYNES - KALDOR - MINSKY MODELING OF RECESSION AND INFLATION USING VECM",2024,"JOURNAL OF ECONOMIC BEHAVIOR \& ORGANIZATION","10.1016/j.jebo.2024.01.012",TRUE,"DOI","T2_regime_switching_modelling","A"
"HETEROGENEOUS DETERMINANTS OF THE EXCHANGE RATE MARKET IN CHINA WITH STRUCTURAL BREAKS",2021,"APPLIED ECONOMICS","10.1080/00036846.2021.1949432",TRUE,"DOI","T1a_core_detection","A"
"AN EMPIRICAL ANALYSIS OF CURRENCY VOLATILITIES DURING THE RECENT GLOBAL FINANCIAL CRISIS",2014,"ECONOMIC MODELLING","10.1016/j.econmod.2014.09.008",TRUE,"DOI","T1a_core_detection","A"
"HIGH-DIMENSIONAL GARCH PROCESS SEGMENTATION WITH AN APPLICATION TO VALUE-AT-RISK",2022,"ECONOMETRICS AND STATISTICS","10.1016/j.ecosta.2021.07.009",TRUE,"DOI","T1a_core_detection","A"
"HOW TO IDENTIFY THE DIFFERENT PHASES OF STOCK MARKET BUBBLES STATISTICALLY?",2022,"FINANCE RESEARCH LETTERS","10.1016/j.frl.2021.102366",TRUE,"DOI","T1a_core_detection","A"
"THE ASYMMETRIC SPILLOVER EFFECT OF THE MARKOV SWITCHING MECHANISM FROM THE FUTURES MARKET TO THE SPOT MARKET",2020,"INTERNATIONAL REVIEW OF ECONOMICS \& FINANCE","10.1016/j.iref.2020.06.028",TRUE,"DOI","T2_regime_switching_modelling","A"
"STRUCTURAL CHANGES IN SENTIMENT AND RETURNS: EVIDENCE FROM THE TRUMP ELECTION",2022,"APPLIED ECONOMICS LETTERS","10.1080/13504851.2021.1897069",TRUE,"DOI","T1a_core_detection","A"
"EXPLORING THE DYNAMIC INTERDEPENDENCE BETWEEN GOLD AND OTHER FINANCIAL MARKETS",2012,"ECONOMICS BULLETIN",NA,TRUE,"DOI","T1a_core_detection","A"
"REGIME SWITCHES AND COMMONALITIES OF THE CRYPTOCURRENCIES ASSET CLASS",2021,"NORTH AMERICAN JOURNAL OF ECONOMICS AND FINANCE","10.1016/j.najef.2021.101425",TRUE,"DOI","T2_regime_switching_modelling","A"
"ASSET ALLOCATION USING FLEXIBLE DYNAMIC CORRELATION MODELS WITH REGIME SWITCHING",2010,"QUANTITATIVE FINANCE","10.1080/14697680902856515",TRUE,"DOI","T2_regime_switching_modelling","A"
"LONG MEMORY VIA NETWORKING",2018,"ECONOMETRICA","10.3982/ECTA11930",FALSE,"not retrieved",NA,NA
"REGIME SWITCHING MODELING OF UNEMPLOYMENT RATE IN EASTERN EUROPE",2020,"EKONOMICKY CASOPIS",NA,TRUE,"DOI","T1a_core_detection","A"
"HEDGE FUND CONTAGION AND RISK-ADJUSTED RETURNS: A MARKOV-SWITCHING DYNAMIC FACTOR APPROACH",2013,"JOURNAL OF EMPIRICAL FINANCE","10.1016/j.jempfin.2013.02.005",TRUE,"DOI","T2_regime_switching_modelling","A"
"CLEAN ENERGY STOCK MARKET AND ENERGY/METALS AS SAFE-HAVEN ASSETS: NEW INSIGHTS FROM QUANTILE-ON-QUANTILE AND MARKOV-SWITCHING APPROACHES",2025,"COMPUTATIONAL ECONOMICS","10.1007/s10614-025-10932-1",FALSE,"not retrieved",NA,NA
"ON TAIL INDEX ESTIMATION FOR DEPENDENT, HETEROGENEOUS DATA",2010,"ECONOMETRIC THEORY","10.1017/S0266466609990624",TRUE,"DOI","T2_regime_switching_modelling","A"
"LONGEVITY SWAPS FOR LONGEVITY RISK MANAGEMENT IN LIFE INSURANCE PRODUCTS",2020,"JOURNAL OF RISK FINANCE","10.1108/JRF-05-2019-0085",TRUE,"DOI","T2_regime_switching_modelling","A"
"WHAT DRIVES ASYMMETRIC DEPENDENCE STRUCTURE OF ASSET RETURN COMOVEMENTS?",2016,"INTERNATIONAL REVIEW OF FINANCIAL ANALYSIS","10.1016/j.irfa.2015.07.001",TRUE,"DOI","T2_regime_switching_modelling","A"
"OUTPUT COLLAPSE, GROWTH AND VOLATILITY IN SUB-SAHARAN AFRICA: A REGIME-SWITCHING APPROACH",2010,"ECONOMIC AND SOCIAL REVIEW",NA,TRUE,"DOI","T1a_core_detection","A"
"PAIRS TRADING UNDER DRIFT UNCERTAINTY AND RISK PENALIZATION",2018,"INTERNATIONAL JOURNAL OF THEORETICAL AND APPLIED FINANCE","10.1142/S0219024918500462",TRUE,"DOI","T2_regime_switching_modelling","A"
"THE EFFECTS OF INVESTOR SENTIMENT ON STOCK RETURN INDICES UNDER CHANGING MARKET CONDITIONS: EVIDENCE FROM SOUTH AFRICA",2025,"INTERNATIONAL JOURNAL OF FINANCIAL STUDIES","10.3390/ijfs13020070",TRUE,"DOI","T2_regime_switching_modelling","A"
"TESTING FOR ASSET MARKET LINKAGES: A NEW APPROACH BASED ON TIME-VARYING COPULAS",2010,"PACIFIC ECONOMIC REVIEW","10.1111/j.1468-0106.2010.00508.x",FALSE,"not retrieved",NA,NA
"AN EMPIRICAL ANALYSIS OF INFORMATION IN THE YIELD SPREAD ON FUTURE RECESSIONS IN JAPAN",2011,"APPLIED ECONOMICS","10.1080/00036840902780136",TRUE,"DOI","T1a_core_detection","A"
"EQUITY PREMIUM PREDICTION: ARE ECONOMIC AND TECHNICAL INDICATORS UNSTABLE?",2016,"INTERNATIONAL JOURNAL OF FORECASTING","10.1016/j.ijforecast.2016.02.006",FALSE,"not retrieved",NA,NA
"DYNAMIC RETURN-VOLATILITY DEPENDENCE AND RISK MEASURE OF COVAR IN THE OIL MARKET: A TIME-VARYING MIXED COPULA MODEL",2017,"ENERGY ECONOMICS","10.1016/j.eneco.2017.09.011",TRUE,"DOI","T1a_core_detection","A"
"SCORE-DRIVEN MULTI-REGIME MARKOV-SWITCHING EGARCH: EMPIRICAL EVIDENCE USING THE MEIXNER DISTRIBUTION",2023,"STUDIES IN NONLINEAR DYNAMICS AND ECONOMETRICS","10.1515/snde-2021-0101",TRUE,"DOI","T2_regime_switching_modelling","A"
"MODELLING THE IMPACT OF CRUDE OIL PRICES AND STOCK PRICE INDEX ON INDONESIA'S EXCHANGE RATES",2023,"STUDIES IN BUSINESS AND ECONOMICS","10.2478/sbe-2023-0057",TRUE,"DOI","T1a_core_detection","A"
"FORECASTING RETURN VOLATILITY: LEVEL SHIFTS WITH VARYING JUMP PROBABILITY AND MEAN REVERSION",2014,"INTERNATIONAL JOURNAL OF FORECASTING","10.1016/j.ijforecast.2013.12.012",TRUE,"DOI","T2_regime_switching_modelling","A"
"HOW DOES ECONOMIC POLICY UNCERTAINTY DRIVE TIME-FREQUENCY CONNECTEDNESS ACROSS COMMODITY AND FINANCIAL MARKETS?",2023,"NORTH AMERICAN JOURNAL OF ECONOMICS AND FINANCE","10.1016/j.najef.2022.101865",TRUE,"DOI","T2_regime_switching_modelling","A"
"INVESTOR SENTIMENTS AND PERFORMANCE OF SELECTED ESG INDICES IN BRICS MARKETS DURING BULL AND BEAR CONDITIONS",2024,"INVESTMENT ANALYSTS JOURNAL","10.1080/10293523.2024.2397889",TRUE,"DOI","T2_regime_switching_modelling","A"
"RISK CONTAGIONS BETWEEN GLOBAL OIL MARKETS AND CHINA'S AGRICULTURAL COMMODITY MARKETS UNDER STRUCTURAL BREAKS",2021,"APPLIED ECONOMICS","10.1080/00036846.2020.1808577",TRUE,"DOI","T1a_core_detection","A"
"TRUMP VS. PARIS: THE IMPACT OF CLIMATE POLICY ON US LISTED OIL AND GAS FIRM RETURNS AND VOLATILITY",2021,"INTERNATIONAL REVIEW OF FINANCIAL ANALYSIS","10.1016/j.irfa.2021.101746",TRUE,"DOI","T1a_core_detection","A"
"THE MIRROR OF HISTORY: HOW TO STATISTICALLY IDENTIFY STOCK MARKET BUBBLE BURSTS",2022,"JOURNAL OF ECONOMIC BEHAVIOR \& ORGANIZATION","10.1016/j.jebo.2022.09.024",TRUE,"DOI","T1a_core_detection","A"
"IMPACTS OF REALIZED VOLATILITY OF OIL PRICE OVER FOREIGN TRADE RELATED ACTIVITIES IN TURKEY",2017,"ECONOMIC CHANGE AND RESTRUCTURING","10.1007/s10644-017-9210-9",TRUE,"DOI","T1a_core_detection","A"
"DOES HOUSEHOLD WELFARE CHANGE WITH FINANCE ACCESS? THE CASE OF WOMEN AND THE YOUTH IN THE GAMBIA",2025,"REVIEW OF DEVELOPMENT ECONOMICS","10.1111/rode.13053",TRUE,"DOI","T2_regime_switching_modelling","A"
"SEQUENTIAL MONITORING FOR CHANGES FROM STATIONARITY TO MILD NON-STATIONARITY",2020,"JOURNAL OF ECONOMETRICS","10.1016/j.jeconom.2019.08.010",TRUE,"DOI","T1a_core_detection","A"
"EXCHANGE RATE REGIME AND EXTERNAL ADJUSTMENT: AN EMPIRICAL INVESTIGATION FOR THE US",2019,"WORLD ECONOMY","10.1111/twec.12745",TRUE,"DOI","T1a_core_detection","A"
"OIL PRICE, OIL PRICE IMPLIED VOLATILITY (OVX) AND ILLIQUIDITY PREMIUMS IN THE US: (A)SYMMETRY AND THE IMPACT OF MACROECONOMIC FACTORS",2020,"JOURNAL OF RISK AND FINANCIAL MANAGEMENT","10.3390/jrfm13040070",TRUE,"DOI","T1a_core_detection","A"
"THE IMPACT OF COVID-19 ON THE RELATIVE MARKET EFFICIENCY AND FORECASTING ABILITY OF CREDIT DERIVATIVE AND EQUITY MARKETS",2023,"INTERNATIONAL REVIEW OF FINANCIAL ANALYSIS","10.1016/j.irfa.2023.102926",TRUE,"DOI","T1a_core_detection","A"
"ENVIRONMENTAL REPORTING POLICY AND DEBT MATURITY: PRESPECTIVES FROM A DEVELOPING COUNTRY",2022,"TRANSFORMATIONS IN BUSINESS \& ECONOMICS",NA,TRUE,"DOI","T1a_core_detection","A"
"IMPACTS OF CENTRAL BANK DIGITAL CURRENCY ON REGIONAL ECONOMIC INTEGRATION: EVIDENCE FROM THE GREATER BAY AREA OF CHINA",2024,"CHINESE ECONOMY","10.1080/10971475.2024.2333124",TRUE,"DOI","T2_regime_switching_modelling","A"
"THE MACROECONOMIC IMPACT OF ECONOMIC UNCERTAINTY AND FINANCIAL SHOCKS UNDER LOW AND HIGH FINANCIAL STRESS",2022,"NORTH AMERICAN JOURNAL OF ECONOMICS AND FINANCE","10.1016/j.najef.2022.101801",TRUE,"DOI","T2_regime_switching_modelling","A"
"STATE-DEPENDENT JUMP RISKS FOR AMERICAN GOLD FUTURES OPTION PRICING",2015,"NORTH AMERICAN JOURNAL OF ECONOMICS AND FINANCE","10.1016/j.najef.2015.04.001",FALSE,"not retrieved",NA,NA
"THE BEHAVIOR OF COMMODITY PRICES IN ETHIOPIA",2011,"AGRICULTURAL ECONOMICS","10.1111/j.1574-0862.2010.00481.x",TRUE,"DOI","T2_regime_switching_modelling","A"
"HOW DOES CORRUPTION UNDERMINE BANKING STABILITY? A THRESHOLD NONLINEAR FRAMEWORK",2020,"JOURNAL OF BEHAVIORAL AND EXPERIMENTAL FINANCE","10.1016/j.jbef.2020.100365",FALSE,"not retrieved",NA,NA
"AN OUT-OF-SAMPLE ANALYSIS OF INVESTMENT GUARANTEES FOR EQUITY-LINKED PRODUCTS: LESSONS FROM THE FINANCIAL CRISIS OF THE LATE 2000S",2012,"NORTH AMERICAN ACTUARIAL JOURNAL","10.1080/10920277.2012.10590637",TRUE,"DOI","T2_regime_switching_modelling","A"
"HOW DO UK BANKS REACT TO CHANGING CENTRAL BANK RATES?",2010,"JOURNAL OF FINANCIAL SERVICES RESEARCH","10.1007/s10693-009-0056-9",TRUE,"DOI","T2_regime_switching_modelling","A"
"POLICY UNCERTAINTY AND BITCOIN RETURNS",2020,"BORSA ISTANBUL REVIEW","10.1016/j.bir.2020.02.003",TRUE,"DOI","T2_regime_switching_modelling","A"
"IMPROVING EQUITY PREMIUM FORECASTS BY INCORPORATING STRUCTURAL BREAK UNCERTAINTY",2018,"ACCOUNTING AND FINANCE","10.1111/acfi.12240",FALSE,"not retrieved",NA,NA
"ESTIMATING THE FOMC'S INTEREST RATE RULE WITH VARIABLE SELECTION AND PARTIAL REGIME SWITCHING",2023,"MACROECONOMIC DYNAMICS","10.1017/S1365100521000407",TRUE,"DOI","T2_regime_switching_modelling","A"
"DEPENDENCES AND VOLATILITY SPILLOVERS BETWEEN THE OIL AND STOCK MARKETS: NEW EVIDENCE FROM THE COPULA AND VAR-BEKK-GARCH MODELS",2020,"INTERNATIONAL REVIEW OF FINANCIAL ANALYSIS","10.1016/j.irfa.2018.11.007",TRUE,"DOI","T1a_core_detection","A"
"A LONG-MEMORY ANALYSIS FOR THE CBOE BRAZIL ETF VOLATILITY INDEX",2023,"INTERNATIONAL JOURNAL OF EMERGING MARKETS","10.1108/IJOEM-03-2021-0352",TRUE,"DOI","T1a_core_detection","A"
"THE RISE OF MARKET-ORIENTED BANKING AND THE HIDDEN BENEFITS OF DIVERSIFICATION",2012,"AESTIMATIO-THE IEB INTERNATIONAL JOURNAL OF FINANCE",NA,TRUE,"DOI","T1a_core_detection","A"
"A MARKOV-SWITCHING COGARCH APPROACH TO CRYPTOCURRENCY PORTFOLIO SELECTION AND OPTIMIZATION",2020,"FINANCIAL MARKETS AND PORTFOLIO MANAGEMENT","10.1007/s11408-020-00346-4",TRUE,"DOI","T1a_core_detection","A"
"HAS CHINESE ECONOMY BECOME MORE STABLE?",2013,"JOURNAL OF THE ASIA PACIFIC ECONOMY","10.1080/13547860.2012.742717",TRUE,"DOI","T1a_core_detection","A"
"ARE CRYPTOCURRENCIES A FUTURE SAFE HAVEN FOR INVESTORS? THE CASE OF BITCOIN",2022,"ECONOMIC RESEARCH-EKONOMSKA ISTRAZIVANJA","10.1080/1331677X.2022.2140443",TRUE,"DOI","T2_regime_switching_modelling","A"
"JOIN THE CLUB! DYNAMICS OF GLOBAL ESG INDICES CONVERGENCE",2022,"FINANCE RESEARCH LETTERS","10.1016/j.frl.2022.103085",TRUE,"DOI","T1a_core_detection","A"
"DOVE OR HAWK? CHARACTERIZING MONETARY POLICY REGIME SWITCHES IN INDIA",2013,"EMERGING MARKETS REVIEW","10.1016/j.ememar.2013.05.005",TRUE,"DOI","T2_regime_switching_modelling","A"
"JUMP DYNAMICS WITH STRUCTURAL BREAKS FOR CRUDE OIL PRICES",2010,"ENERGY ECONOMICS","10.1016/j.eneco.2009.08.006",TRUE,"DOI","T1a_core_detection","A"
"MODELING DYNAMIC CONDITIONAL CORRELATIONS WITH LEVERAGE EFFECTS AND VOLATILITY SPILLOVER EFFECTS: EVIDENCE FROM THE CHINESE AND US STOCK MARKETS AFFECTED BY THE RECENT TRADE FRICTION",2022,"NORTH AMERICAN JOURNAL OF ECONOMICS AND FINANCE","10.1016/j.najef.2021.101591",TRUE,"DOI","T1a_core_detection","A"
"INVESTIGATION ON TRANSITION OF RMB FORWARD EXCHANGE RATE PRICING MECHANISM BASED ON ERROR CORRECTION MODEL WITH STRUCTURAL MUTATION",2022,"INTERNATIONAL JOURNAL OF FINANCIAL ENGINEERING","10.1142/S2424786322500062",TRUE,"DOI","T1a_core_detection","A"
"ALTERNATIVE MONETARY POLICIES AND RENEWABLE ENERGY STOCK RETURNS",2024,"ENERGY ECONOMICS","10.1016/j.eneco.2024.107740",TRUE,"DOI","T1a_core_detection","A"
"FORECASTING CARBON RETURNS UNDER STRUCTURAL BREAKS AND MODEL UNCERTAINTY: A TIME-WEIGHTED REGULARIZED COMBINATION APPROACH",2025,"QUANTITATIVE FINANCE","10.1080/14697688.2025.2602783",FALSE,"not retrieved",NA,NA
"DOES THE RESERVE BANK OF AUSTRALIA FOLLOW A FORWARD-LOOKING NONLINEAR MONETARY POLICY RULE?",2020,"APPLIED ECONOMICS","10.1080/00036846.2019.1673302",TRUE,"DOI","T2_regime_switching_modelling","A"
"EMPIRICAL CONDITIONAL QUANTILE TEST FOR PURCHASING POWER PARITY: EVIDENCE FROM EAST ASIAN COUNTRIES",2017,"INTERNATIONAL REVIEW OF ECONOMICS \& FINANCE","10.1016/j.iref.2017.01.029",FALSE,"not retrieved",NA,NA
"HIDDEN MARKOV STRUCTURES FOR DYNAMIC COPULAE",2015,"ECONOMETRIC THEORY","10.1017/S0266466614000607",TRUE,"DOI","T2_regime_switching_modelling","A"
"RESPONSIVENESS OF U.S.-CHINA TRADE FLOWS TO RELATIVE PRICES AND NOMINAL EXCHANGE RATE",2020,"CHINESE ECONOMY","10.1080/10971475.2019.1625520",TRUE,"DOI","T1a_core_detection","A"
"CROSS-ASSET CONTAGION IN THE FINANCIAL CRISIS: A BAYESIAN TIME-VARYING PARAMETER APPROACH",2019,"JOURNAL OF FINANCIAL MARKETS","10.1016/j.finmar.2019.04.001",FALSE,"not retrieved",NA,NA
"THE IMPACT OF MEASURED INCOME UNCERTAINTY ON SPANISH HOUSEHOLD CONSUMPTION AT THE END OF THE GREAT RECESSION",2024,"EMPIRICA","10.1007/s10663-024-09619-x",FALSE,"not retrieved",NA,NA
"EARLY WARNING OF BUBBLES IN THE AGRICULTURAL COMMODITY MARKET: EVIDENCE FROM LPPLS CONFIDENCE INDICATORS",2025,"JOURNAL OF MANAGEMENT SCIENCE AND ENGINEERING","10.1016/j.jmse.2025.01.002",TRUE,"DOI","T1a_core_detection","A"
"CAPITAL-ENHANCED EQUILIBRIUM EXCHANGE RATE: EVIDENCE FROM INDIA",2018,"APPLIED ECONOMICS LETTERS","10.1080/13504851.2017.1422592",TRUE,"DOI","T1a_core_detection","A"
"EMPIRICAL INVESTIGATION OF MARKET EFFICIENCY IN THE BORSA İSTANBUL ELECTRICITY, GAS, AND WATER SECTOR",2025,"ISTANBUL BUSINESS RESEARCH","10.26650/ibr.2025.54.1375735",TRUE,"DOI","T1a_core_detection","A"
"A SEQUENTIAL BAYESIAN CHANGE-POINT ANALYSIS OF BRICS CURRENCY RETURNS",2021,"JOURNAL OF QUANTITATIVE ECONOMICS","10.1007/s40953-020-00227-7",TRUE,"DOI","T1a_core_detection","A"
"EVIDENCE OF SPECULATIVE BUBBLES AND REGIME SWITCH IN REAL ESTATE MARKET AND CRUDE OIL PRICE: INSIGHT FROM SAUDI ARABIA",2021,"INTERNATIONAL JOURNAL OF FINANCE \& ECONOMICS","10.1002/ijfe.1971",TRUE,"DOI","T2_regime_switching_modelling","A"
"THE VALUE PREMIUM AND EXPECTED BUSINESS CONDITIONS",2019,"FINANCE RESEARCH LETTERS","10.1016/j.frl.2018.10.022",TRUE,"DOI","T1a_core_detection","A"
"MODELLING MIXED-FREQUENCY TIME SERIES WITH STRUCTURAL CHANGE",2025,"COMPUTATIONAL ECONOMICS","10.1007/s10614-024-10672-8",TRUE,"DOI","T1a_core_detection","A"
"LIQUIDITY RISK OF CORPORATE BOND RETURNS: CONDITIONAL APPROACH",2013,"JOURNAL OF FINANCIAL ECONOMICS","10.1016/j.jfineco.2013.08.002",TRUE,"DOI","T2_regime_switching_modelling","A"
"CROSS-MARKET CORRELATIONS AND FINANCIAL CONTAGION FROM DEVELOPED TO EMERGING ECONOMIES: A CASE OF COVID-19 PANDEMIC",2022,"ECONOMIES","10.3390/economies10060147",TRUE,"DOI","T2_regime_switching_modelling","A"
"A GENERAL METHOD FOR ANALYSIS AND VALUATION OF DRAWDOWN RISK",2023,"JOURNAL OF ECONOMIC DYNAMICS \& CONTROL","10.1016/j.jedc.2023.104669",TRUE,"DOI","T2_regime_switching_modelling","A"
"OPTION PRICING WITH A LEVY-TYPE STOCHASTIC DYNAMIC MODEL FOR STOCK PRICE PROCESS UNDER SEMI-MARKOVIAN STRUCTURAL PERTURBATIONS",2015,"INTERNATIONAL JOURNAL OF THEORETICAL AND APPLIED FINANCE","10.1142/S0219024915500521",TRUE,"DOI","T2_regime_switching_modelling","A"
"EXPLORING THE PREDICTABILITY OF CRYPTOCURRENCIES VIA BAYESIAN HIDDEN MARKOV MODELS",2022,"RESEARCH IN INTERNATIONAL BUSINESS AND FINANCE","10.1016/j.ribaf.2021.101554",TRUE,"DOI","T2_regime_switching_modelling","A"
"INTEREST RATES CALIBRATION WITH A CIR MODEL",2019,"JOURNAL OF RISK FINANCE","10.1108/JRF-05-2019-0080",TRUE,"DOI","T2_regime_switching_modelling","A"
"INFLATION TOLERANCE RANGES IN THE NEW KEYNESIAN MODEL",2023,"EUROPEAN ECONOMIC REVIEW","10.1016/j.euroecorev.2023.104398",TRUE,"DOI","T2_regime_switching_modelling","A"
"REGIME SWITCHING AND THE RESPONSIVENESS OF PRICES TO SUPPLY: THE CASE OF THE IRISH HOUSING MARKET",2023,"QUARTERLY REVIEW OF ECONOMICS AND FINANCE","10.1016/j.qref.2022.12.001",TRUE,"DOI","T1b_contextual_detection","A"
"A TIME-VARYING COPULA APPROACH FOR MODELLING DEPENDENCY: NEW EVIDENCE FROM COMMODITY AND STOCK MARKETS",2016,"JOURNAL OF MULTINATIONAL FINANCIAL MANAGEMENT","10.1016/j.mulfin.2016.10.003",TRUE,"DOI","T1a_core_detection","A"
"IS MONETARY POLICY A DRIVER OF CRYPTOCURRENCIES? EVIDENCE FROM A STRUCTURAL BREAK GARCH-MIDAS APPROACH",2024,"ECONOMETRICS","10.3390/econometrics12010002",TRUE,"DOI","T1a_core_detection","A"
"INVESTIGATING UNITED KINGDOM'S MONETARY POLICY WITH MACRO-FACTOR AUGMENTED DYNAMIC NELSON-SIEGEL MODELS",2016,"JOURNAL OF EMPIRICAL FINANCE","10.1016/j.jempfin.2016.03.003",TRUE,"DOI","T1a_core_detection","A"
"BAYESIAN CHANGE POINT ANALYSIS OF BITCOIN RETURNS",2018,"FINANCE RESEARCH LETTERS","10.1016/j.frl.2018.03.018",TRUE,"DOI","T1a_core_detection","A"
"THE HISTORIC OIL PRICE FLUCTUATION DURING THE COVID-19 PANDEMIC: WHAT ARE THE CAUSES?",2021,"RESEARCH IN INTERNATIONAL BUSINESS AND FINANCE","10.1016/j.ribaf.2021.101489",TRUE,"DOI","T1a_core_detection","A"
"ASYMMETRIC EXCHANGE RATE PASS-THROUGH IN INDIA: A NON-LINEAR ARDL APPROACH",2024,"FOREIGN TRADE REVIEW","10.1177/00157325231190474",TRUE,"DOI","T1a_core_detection","A"
"BOOTSTRAP INFERENCE FOR MULTIPLE CHANGE-POINTS IN TIME SERIES",2022,"ECONOMETRIC THEORY","10.1017/S0266466621000293",TRUE,"DOI","T1a_core_detection","A"
"INDIAN START-UPS GOING PUBLIC: RETURN AND VOLATILITY OF STOCKS DURING BEAR AND BULL REGIMES",2025,"INTERNATIONAL JOURNAL OF EMERGING MARKETS","10.1108/IJOEM-06-2022-0898",TRUE,"DOI","T2_regime_switching_modelling","A"
"BAYESIAN VARIANCE CHANGEPOINT DETECTION IN LINEAR MODELS WITH SYMMETRIC HEAVY-TAILED ERRORS",2018,"COMPUTATIONAL ECONOMICS","10.1007/s10614-017-9690-8",TRUE,"DOI","T1a_core_detection","A"
"NONLINEARITY AND STRUCTURAL BREAKS IN MONETARY POLICY RULES WITH STOCK PRICES",2013,"ECONOMIC MODELLING","10.1016/j.econmod.2012.10.018",TRUE,"DOI","T1a_core_detection","A"
"TESTING MEAN STATIONARITY OF INTRADAY VOLATILITY CURVES",2025,"QUANTITATIVE ECONOMICS","10.3982/QE2644",TRUE,"DOI","T1a_core_detection","A"
"NEW EVIDENCE FROM THE RANDOM WALK HYPOTHESIS FOR BRICS STOCK INDICES: A WAVELET UNIT ROOT TEST APPROACH",2014,"ECONOMIC MODELLING","10.1016/j.econmod.2014.07.005",TRUE,"DOI","T1a_core_detection","A"
"``SPECULATIVE INFLUENCE NETWORK'' DURING FINANCIAL BUBBLES: APPLICATION TO CHINESE STOCK MARKETS",2018,"JOURNAL OF ECONOMIC INTERACTION AND COORDINATION","10.1007/s11403-016-0187-7",TRUE,"DOI","T2_regime_switching_modelling","A"
"NUMERICAL ANALYSIS OF VOLATILITY CHANGE POINT ESTIMATORS FOR DISCRETELY SAMPLED STOCHASTIC DIFFERENTIAL EQUATIONS",2010,"ECONOMIC NOTES","10.1111/j.1468-0300.2010.00224.x",TRUE,"DOI","T1a_core_detection","A"
"IMPACT OF AGRICULTURAL SUPPORTS ON THE AGRICULTURAL EXPORT",2022,"ESKISEHIR OSMANGAZI UNIVERSITESI IIBF DERGISI-ESKISEHIR OSMANGAZI UNIVERSITY JOURNAL OF ECONOMICS AND ADMINISTRATIVE SCIENCES","10.17153/oguiibf.976425",TRUE,"DOI","T1a_core_detection","A"
"TAIL DEPENDENCE BETWEEN OIL PRICES AND CHINA'S A-SHARES: EVIDENCE FROM FIRM-LEVEL DATA",2021,"INTERNATIONAL JOURNAL OF FINANCE \& ECONOMICS","10.1002/ijfe.1859",TRUE,"DOI","T1a_core_detection","A"
"ADVANCES IN FINANCIAL RISK MANAGEMENT AND ECONOMIC POLICY UNCERTAINTY: AN OVERVIEW",2015,"INTERNATIONAL REVIEW OF ECONOMICS \& FINANCE","10.1016/j.iref.2015.02.001",TRUE,"DOI","T2_regime_switching_modelling","A"
"ON THE ECONOMIC FUNDAMENTALS BEHIND THE DYNAMIC EQUICORRELATIONS AMONG ASSET CLASSES: GLOBAL EVIDENCE FROM EQUITIES, REAL ESTATE, AND COMMODITIES",2021,"JOURNAL OF INTERNATIONAL FINANCIAL MARKETS INSTITUTIONS \& MONEY","10.1016/j.intfin.2021.101292",TRUE,"DOI","T1a_core_detection","A"
"SPOT VOLATILITY MEASUREMENT USING A CHANGE-POINT DURATION MODEL IN THE HIGH-FREQUENCY MARKET",2025,"INTERNATIONAL JOURNAL OF FINANCIAL STUDIES","10.3390/ijfs13040186",TRUE,"DOI","T1a_core_detection","A"
"ASYMMETRIC EFFECTS OF MONETARY POLICY AND FINANCIAL ACCELERATOR: EVIDENCE FROM INDIA",2023,"JOURNAL OF ECONOMIC ASYMMETRIES","10.1016/j.jeca.2023.e00296",TRUE,"DOI","T2_regime_switching_modelling","A"
"ARE MACROECONOMIC VARIABLES A DETERMINANT OF ETF FLOW IN SOUTH AFRICA UNDER DIFFERENT ECONOMIC CONDITIONS?",2025,"ECONOMIES","10.3390/economies13090260",TRUE,"DOI","T2_regime_switching_modelling","A"
"AN EFFICIENT BAYESIAN APPROACH TO MULTIPLE STRUCTURAL CHANGE IN MULTIVARIATE TIME SERIES",2018,"JOURNAL OF APPLIED ECONOMETRICS","10.1002/jae.2606",TRUE,"DOI","T1a_core_detection","A"
"PATTERNS OF VOLATILITY TRANSMISSIONS WITHIN REGIME SWITCHING ACROSS GCC AND GLOBAL MARKETS",2014,"INTERNATIONAL REVIEW OF ECONOMICS \& FINANCE","10.1016/j.iref.2013.08.002",TRUE,"DOI","T2_regime_switching_modelling","A"
"ECONOMIC POLICY UNCERTAINTY AND EXCHANGE MARKET PRESSURE: PANEL EVIDENCE",2025,"REVIEW OF ECONOMIC ANALYSIS",NA,TRUE,"DOI","T1a_core_detection","A"
"EQUITY PREMIUM PREDICTABILITY OVER THE BUSINESS CYCLE",2025,"JOURNAL OF FINANCIAL AND QUANTITATIVE ANALYSIS","10.1017/S0022109025102093",TRUE,"DOI","T1a_core_detection","A"
"INVESTIGATING DYNAMIC CONDITIONAL CORRELATION BETWEEN CRUDE OIL AND FUELS IN NON-LINEAR FRAMEWORK: THE FINANCIAL AND ECONOMIC ROLE OF STRUCTURAL BREAKS",2015,"ENERGY ECONOMICS","10.1016/j.eneco.2015.01.011",TRUE,"DOI","T1a_core_detection","A"
"PRESENT VALUE MODEL, BUBBLES AND RETURNS PREDICTABILITY: SECTOR-LEVEL EVIDENCE",2010,"JOURNAL OF BUSINESS FINANCE \& ACCOUNTING","10.1111/j.1468-5957.2009.02176.x",TRUE,"DOI","T2_regime_switching_modelling","A"
"MEASURING THE VOLATILITY OF WHEAT FUTURES PRICES ON THE LIFFE",2015,"JOURNAL OF AGRICULTURAL ECONOMICS","10.1111/1477-9552.12092",TRUE,"DOI","T1a_core_detection","A"
"REAL EXCHANGE RATE DYNAMICS: EVIDENCE FROM INDIA",2014,"ECONOMIC ANALYSIS AND POLICY","10.1016/j.eap.2014.09.004",TRUE,"DOI","T1a_core_detection","A"
"REGIME SPECIFIC SPILLOVER BETWEEN DOW JONES ISLAMIC MARKET WORLD INDEX, ISLAMIC GOLD-BACKED CRYPTO CURRENCIES AND THE BLOCKCHAIN HALAL INDEX",2023,"INTERNATIONAL JOURNAL OF ISLAMIC AND MIDDLE EASTERN FINANCE AND MANAGEMENT","10.1108/IMEFM-09-2021-0395",TRUE,"DOI","T2_regime_switching_modelling","A"
"UNDERSTANDING CHANGES IN EXCHANGE RATE PASS-THROUGH",2010,"JOURNAL OF MACROECONOMICS","10.1016/j.jmacro.2010.04.004",TRUE,"DOI","T1a_core_detection","A"
"GAME-THEORETIC APPROACHES TO PRODUCT INTRODUCTION STRATEGIES FOR DURABLE PRODUCTS",2024,"MANAGERIAL AND DECISION ECONOMICS","10.1002/mde.4150",TRUE,"DOI","T2_regime_switching_modelling","A"
"INDIA'S EXTERNAL COMMERCIAL BORROWING: PULLED BY DOMESTIC FUNDAMENTALS OR PUSHED BY GLOBAL CONDITIONS?",2019,"JOURNAL OF ASIAN ECONOMICS","10.1016/j.asieco.2019.02.004",TRUE,"DOI","T1a_core_detection","A"
"DECODING THE AUSTRALIAN ELECTRICITY MARKET: NEW EVIDENCE FROM THREE-REGIME HIDDEN SEMI-MARKOV MODEL",2019,"ENERGY ECONOMICS","10.1016/j.eneco.2018.10.038",FALSE,"not retrieved",NA,NA
"MARKOV MODELS FOR COMMODITY FUTURES: THEORY AND PRACTICE",2010,"QUANTITATIVE FINANCE","10.1080/14697680903493599",TRUE,"DOI","T2_regime_switching_modelling","A"
"LONG MEMORY IN VOLATILITY IN FOREIGN EXCHANGE MARKETS: EVIDENCE FROM SELECTED COUNTRIES IN AFRICA",2024,"JOURNAL OF ECONOMICS AND FINANCE","10.1007/s12197-024-09668-9",TRUE,"DOI","T1a_core_detection","A"
"SPECIFICATION AND STRUCTURAL BREAK TESTS FOR ADDITIVE MODELS WITH APPLICATIONS TO REALIZED VARIANCE DATA",2015,"JOURNAL OF ECONOMETRICS","10.1016/j.jeconom.2015.04.002",FALSE,"not retrieved",NA,NA
"THE DYNAMIC RELATIONSHIP BETWEEN BITCOIN AND THE FOREIGN EXCHANGE MARKET: A NONLINEAR APPROACH TO TEST CAUSALITY BETWEEN BITCOIN AND CURRENCIES",2021,"FINANCE RESEARCH LETTERS","10.1016/j.frl.2020.101893",TRUE,"DOI","T1a_core_detection","A"
"AN EXAMINATION OF MACROECONOMIC FLUCTUATIONS IN KOREA EXPLOITING A MARKOV-SWITCHING DSGE APPROACH",2015,"ECONOMIC MODELLING","10.1016/j.econmod.2015.07.020",TRUE,"DOI","T2_regime_switching_modelling","A"
"HOW SAFE ARE EUROPEAN SAFE BONDS? AN ANALYSIS FROM THE PERSPECTIVE OF MODERN CREDIT RISK MODELS",2020,"JOURNAL OF BANKING \& FINANCE","10.1016/j.jbankfin.2020.105939",TRUE,"DOI","T2_regime_switching_modelling","A"
"EUROPEAN OPTION PRICING WITH MARKET FRICTIONS, REGIME SWITCHES AND MODEL UNCERTAINTY",2023,"INSURANCE MATHEMATICS \& ECONOMICS","10.1016/j.insmatheco.2023.08.008",TRUE,"DOI","T2_regime_switching_modelling","A"
"CYCLICAL CAUSALITIES BETWEEN THE U.S. WHOLESALE BEEF AND FEED PRICES: A MARKOV-SWITCHING APPROACH",2020,"ECONOMICS AND BUSINESS LETTERS","10.17811/ebl.9.2.2020.135-145",TRUE,"DOI","T2_regime_switching_modelling","A"
"THE EFFECT OF THE INTRODUCTION OF MARKET MAKERS ON STOCK LIQUIDITY: EVIDENCE FROM THE BRAZILIAN STOCK MARKET",2021,"REVISTA AMBIENTE CONTABIL","10.21680/2176-9036.2021v13n2ID25722",TRUE,"DOI","T1a_core_detection","A"
"STATIONARITY OF ASIAN REAL EXCHANGE RATES: AN EMPIRICAL APPLICATION OF MULTIPLE TESTING TO NONSTATIONARY PANELS WITH A STRUCTURAL BREAK",2013,"ECONOMIC MODELLING","10.1016/j.econmod.2012.11.056",TRUE,"DOI","T1a_core_detection","A"
"ON-LINE DETECTION OF CHANGES IN THE SHAPE OF INTRADAY VOLATILITY CURVES",2025,"JOURNAL OF ECONOMETRICS","10.1016/j.jeconom.2025.106089",TRUE,"DOI","T1a_core_detection","A"
"RISK AND PREDICTABILITY OF SINGAPORE'S PRIVATE RESIDENTIAL MARKET",2010,"QUANTITATIVE FINANCE","10.1080/14697680903236113",TRUE,"DOI","T1a_core_detection","A"
"MODELLING OIL PRICE VOLATILITY WITH THE BETA-SKEW-T-EGARCH FRAMEWORK",2016,"ECONOMICS BULLETIN",NA,TRUE,"DOI","T1a_core_detection","A"
"TESTING FOR A STRUCTURAL BREAK IN DYNAMIC CONDITIONAL CORRELATION MODELS",2014,"ECONOMIC COMPUTATION AND ECONOMIC CYBERNETICS STUDIES AND RESEARCH",NA,TRUE,"DOI","T1a_core_detection","A"
"EQUITY PREMIUM PREDICTION: KEEP IT SOPHISTICATEDLY SIMPLE",2021,"QUANTITATIVE FINANCE AND ECONOMICS","10.3934/QFE.2021012",FALSE,"not retrieved",NA,NA
"THE ROLE OF EXCHANGE RATE ON HOTELIER'S PRICING DECISION AND BUSINESS PERFORMANCE: THE CASE OF SWITZERLAND, A SMALL OPEN ECONOMY",2024,"JOURNAL OF REVENUE AND PRICING MANAGEMENT","10.1057/s41272-023-00461-7",TRUE,"DOI","T1a_core_detection","A"
"CHINA'S MONETARY POLICY AND THE EXCHANGE RATE",2010,"COMPARATIVE ECONOMIC STUDIES","10.1057/ces.2010.16",TRUE,"DOI","T1a_core_detection","A"
"ASYMMETRIC EXCHANGE RATE EFFECTS ON TRADE FLOWS IN INDIA",2024,"ECONOMIES","10.3390/economies12050114",TRUE,"DOI","T1a_core_detection","A"
"THE DYNAMICS OF RETURN CO-MOVEMENTS AND VOLATILITY SPILLOVER EFFECTS IN GREATER CHINA PUBLIC PROPERTY MARKETS AND INTERNATIONAL LINKAGES",2014,"JOURNAL OF PROPERTY INVESTMENT \& FINANCE","10.1108/JPIF-06-2014-0039",TRUE,"DOI","T1a_core_detection","A"
"THE SYNCHRONIZED AND LONG-LASTING STRUCTURAL CHANGE ON COMMODITY MARKETS: EVIDENCE FROM HIGH FREQUENCY DATA",2013,"ALGORITHMIC FINANCE","10.3233/AF-13028",TRUE,"DOI","T1a_core_detection","A"
"A REVIEW OF THE RETURN-ILLIQUIDITY RELATIONSHIP",2019,"CRITICAL FINANCE REVIEW","10.1561/104.00000052",TRUE,"DOI","T1a_core_detection","A"
"MEASURING ASYMMETRY AND PERSISTENCE IN CONDITIONAL VOLATILITY IN REAL OUTPUT: EVIDENCE FROM THREE EAST ASIAN TIGERS USING A MULTIVARIATE GARCH APPROACH",2013,"APPLIED ECONOMICS","10.1080/00036846.2012.687098",TRUE,"DOI","T1a_core_detection","A"
"NEXUS BETWEEN FINANCIAL INTERMEDIARIES AND NATURAL RESOURCE PRICE VOLATILITY IN CHINA",2023,"ECONOMIC CHANGE AND RESTRUCTURING","10.1007/s10644-022-09397-1",TRUE,"DOI","T1a_core_detection","A"
"ASYMMETRIC AND NONLINEAR FOREIGN DEBT-INFLATION NEXUS IN BRAZIL: EVIDENCE FROM NARDL AND MARKOV REGIME SWITCHING APPROACHES",2024,"ECONOMIES","10.3390/economies12010018",TRUE,"DOI","T1a_core_detection","A"
"OIL SHOCKS AND STOCK RETURN VOLATILITY",2018,"QUARTERLY REVIEW OF ECONOMICS AND FINANCE","10.1016/j.qref.2018.01.001",TRUE,"DOI","T1a_core_detection","A"
"FACING UP TO THE POLYSEMY OF PURCHASING POWER PARITY: NEW INTERNATIONAL EVIDENCE",2021,"ECONOMIC MODELLING","10.1016/j.econmod.2021.02.019",TRUE,"DOI","T1a_core_detection","A"
"MARGINAL LIKELIHOOD FOR MARKOV-SWITCHING AND CHANGE-POINT GARCH MODELS",2014,"JOURNAL OF ECONOMETRICS","10.1016/j.jeconom.2013.08.017",TRUE,"DOI","T1a_core_detection","A"
"STRUCTURAL CHANGE IN CURRENT ACCOUNT AND REAL EXCHANGE RATE DYNAMICS: EVIDENCE FROM THE G7 COUNTRIES",2012,"PACIFIC ECONOMIC REVIEW","10.1111/1468-0106.12001",TRUE,"DOI","T1a_core_detection","A"
"IDENTIFYING LONG-RUN RELATIONSHIPS BETWEEN THE EXCHANGE RATE, INTEREST RATES AND STOCK PRICES",2024,"APPLIED ECONOMICS","10.1080/00036846.2023.2198194",TRUE,"DOI","T1a_core_detection","A"
"MARKET FUNDAMENTALS AND IRON ORE SPOT PRICES*",2020,"ECONOMIC RECORD","10.1111/1475-4932.12564",TRUE,"DOI","T1a_core_detection","A"
"SYSTEMATIC RISK IN CRYPTOCURRENCY MARKET: EVIDENCE FROM DCC-MGARCH MODEL",2019,"FINANCE RESEARCH LETTERS","10.1016/j.frl.2019.03.011",TRUE,"DOI","T1a_core_detection","A"
"RELATIONSHIP BETWEEN OUTPUT VOLATILITY AND OUTPUT IN OECD COUNTRIES REVISITED",2022,"PRAGUE ECONOMIC PAPERS","10.18267/j.pep.812",TRUE,"DOI","T1a_core_detection","A"
"COVID-19 PANDEMIC AND FIRM-LEVEL DYNAMICS IN THE USA, UK, EUROPE, AND JAPAN",2021,"INTERNATIONAL REVIEW OF FINANCIAL ANALYSIS","10.1016/j.irfa.2021.101888",TRUE,"DOI","T1a_core_detection","A"
"FORECASTING STOCK RETURNS: A TIME-DEPENDENT WEIGHTED LEAST SQUARES APPROACH*",2021,"JOURNAL OF FINANCIAL MARKETS","10.1016/j.finmar.2020.100568",TRUE,"DOI","T1a_core_detection","A"
"EMPIRICAL ANALYSIS OF THE IMPACT OF BREXIT REFERENDUM AND POST-REFERENDUM EVENTS ON SELECTED STOCK EXCHANGE INDEXES",2018,"SOUTH EAST EUROPEAN JOURNAL OF ECONOMICS AND BUSINESS","10.2478/jeb-2018-0001",TRUE,"DOI","T1a_core_detection","A"
"PERMANENT LAYOFF AND CONSUMER CREDIT CARD LOSS FORECASTING",2023,"MANAGERIAL FINANCE","10.1108/MF-02-2022-0085",TRUE,"DOI","T2_regime_switching_modelling","A"
"SINH-ACCELERATION: EFFICIENT EVALUATION OF PROBABILITY DISTRIBUTIONS, OPTION PRICING, AND MONTE CARLO SIMULATIONS",2019,"INTERNATIONAL JOURNAL OF THEORETICAL AND APPLIED FINANCE","10.1142/S0219024919500110",TRUE,"DOI","T2_regime_switching_modelling","A"
"CHINA?S MONETARY POLICY AND GLOBAL STOCK MARKETS: A NEW COINTEGRATION APPROACH WITH SMOOTHING STRUCTURAL CHANGES",2022,"ECONOMIC ANALYSIS AND POLICY","10.1016/j.eap.2022.09.008",TRUE,"DOI","T1a_core_detection","A"
"REAL OPTIONS UNDER A DOUBLE EXPONENTIAL JUMP-DIFFUSION MODEL WITH REGIME SWITCHING AND PARTIAL INFORMATION",2019,"QUANTITATIVE FINANCE","10.1080/14697688.2017.1328560",TRUE,"DOI","T2_regime_switching_modelling","A"
"THE VOLATILITY DYNAMICS OF SPOT AND FUTURES GOLD PRICES: EVIDENCE FROM RUSSIA",2016,"RESEARCH IN INTERNATIONAL BUSINESS AND FINANCE","10.1016/j.ribaf.2016.07.003",TRUE,"DOI","T1a_core_detection","A"
"GEOPOLITICAL THREATS, EQUITY RETURNS, AND OPTIMAL HEDGING",2023,"INTERNATIONAL REVIEW OF FINANCIAL ANALYSIS","10.1016/j.irfa.2023.102835",TRUE,"DOI","T2_regime_switching_modelling","A"
"TESTING FOR SPECULATIVE BUBBLES IN STOCK MARKETS: A COMPARISON OF ALTERNATIVE METHODS",2012,"JOURNAL OF FINANCIAL ECONOMETRICS","10.1093/jjfinec/nbr009",TRUE,"DOI","T1a_core_detection","A"
"FROM DEBT CRISIS TO TEQUILA CRISIS: INFLATION STATIONARITY THROUGH MEXICO'S TURBULENT DECADES",2011,"APPLIED ECONOMICS LETTERS","10.1080/13504851.2011.554365",TRUE,"DOI","T1a_core_detection","A"
"GEOPOLITICAL RISK AND EXCHANGE RATE RETURNS IN ASIA",2025,"EMERGING MARKETS FINANCE AND TRADE","10.1080/1540496X.2025.2553793",FALSE,"not retrieved",NA,NA
"UNIT ROOT TESTS IN THE PRESENCE OF STRUCTURAL BREAKS: EVIDENCE FROM AFRICAN STOCK MARKETS",2020,"ECONOMIC JOURNAL OF EMERGING MARKETS","10.20885/ejem.vol12.iss2.art1",TRUE,"DOI","T1a_core_detection","A"
"REGIME DEPENDENCE OF THE FISCAL MULTIPLIER",2012,"JOURNAL OF ECONOMIC BEHAVIOR \& ORGANIZATION","10.1016/j.jebo.2012.02.005",TRUE,"DOI","T2_regime_switching_modelling","A"
"LONG RANGE DEPENDENCE AND STRUCTURAL BREAKS IN THE GOLD MARKETS",2020,"SINGAPORE ECONOMIC REVIEW","10.1142/S0217590817500096",TRUE,"DOI","T1a_core_detection","A"
"STRUCTURAL BREAKS IN AN ENDOGENOUS GROWTH MODEL",2022,"REVIEW OF ECONOMIC STUDIES","10.1093/restud/rdab045",TRUE,"DOI","T1a_core_detection","A"
"THE IMPACT OF COVID-19 ON STOCK MARKET IN CHINA",2021,"FRONTIERS OF ECONOMICS IN CHINA","10.54605/fec20210406",TRUE,"DOI","T1a_core_detection","A"
"PARTICLE GIBBS WITH ANCESTOR SAMPLING FOR STOCHASTIC VOLATILITY MODELS WITH: HEAVY TAILS, IN MEAN EFFECTS, LEVERAGE, SERIAL DEPENDENCE AND STRUCTURAL BREAKS",2015,"STUDIES IN NONLINEAR DYNAMICS AND ECONOMETRICS","10.1515/snde-2014-0043",TRUE,"DOI","T1a_core_detection","A"
"THE RELATIONSHIP BETWEEN HERDING BEHAVIOR AND FIRM SIZE BEFORE AND AFTER THE ELIMINATION OF SHORT-SALE PRICE RESTRICTIONS",2019,"QUANTITATIVE FINANCE AND ECONOMICS","10.3934/QFE.2019.3.526",TRUE,"DOI","T1a_core_detection","A"
"MACROECONOMIC DETERMINANTS OF THE JSE SIZE-BASE INDUSTRIES CONNECTEDNESS: EVIDENCE FROM CHANGING MARKET CONDITIONS",2024,"COGENT ECONOMICS \& FINANCE","10.1080/23322039.2024.2397454",TRUE,"DOI","T2_regime_switching_modelling","A"
"DOES THE SOUTH AFRICAN RESERVE BANK FOLLOW A NONLINEAR INTEREST RATE REACTION FUNCTION?",2013,"ECONOMIC MODELLING","10.1016/j.econmod.2013.07.014",TRUE,"DOI","T2_regime_switching_modelling","A"
"A GARCH MODEL FOR TESTING MARKET EFFICIENCY",2016,"JOURNAL OF INTERNATIONAL FINANCIAL MARKETS INSTITUTIONS \& MONEY","10.1016/j.intfin.2015.12.008",TRUE,"DOI","T1a_core_detection","A"
"DOES EXCHANGE RATE HAVE ASYMMETRIC IMPACT ON TRADE BALANCE? FRESH INSIGHTS FROM COMBINED COINTEGRATION",2020,"STUDIES IN BUSINESS AND ECONOMICS","10.2478/sbe-2020-0019",TRUE,"DOI","T1a_core_detection","A"
"ECONOMIC POLICY UNCERTAINTY AND INVESTORS' SENTIMENT-AN INDIAN PERSPECTIVE",2023,"INTERNATIONAL JOURNAL OF EMERGING MARKETS","10.1108/IJOEM-04-2021-0567",TRUE,"DOI","T1a_core_detection","A"
"THE FUNCTIONAL CENTRAL LIMIT THEOREM AND STRUCTURAL CHANGE TEST FOR THE HAR(∞) MODEL",2014,"ECONOMICS LETTERS","10.1016/j.econlet.2014.06.029",TRUE,"DOI","T1a_core_detection","A"
"BRENT CRUDE OIL SPOT AND FUTURES PRICES: STRUCTURAL BREAK INSIGHTS",2019,"JOURNAL OF ENERGY MARKETS","10.21314/JEM.2019.188",TRUE,"DOI","T1a_core_detection","A"
"IS THERE A ROLE FOR ISLAMIC BONDS IN GLOBAL DIVERSIFICATION STRATEGIES?",2016,"MANAGERIAL FINANCE","10.1108/MF-07-2015-0189",TRUE,"DOI","T2_regime_switching_modelling","A"
"AN R-VINE COPULA ANALYSIS OF NON-FERROUS METAL FUTURES WITH APPLICATION IN VALUE-AT-RISK FORECASTING",2022,"JOURNAL OF COMMODITY MARKETS","10.1016/j.jcomm.2021.100188",TRUE,"DOI","T1a_core_detection","A"
"EXCHANGE RATE PASS-THROUGH TO CONSUMER PRICES: THE INCREASING ROLE OF ENERGY PRICES",2021,"OPEN ECONOMIES REVIEW","10.1007/s11079-020-09601-7",TRUE,"DOI","T1a_core_detection","A"
"CAPITAL MARKET DEVELOPMENT IN EMERGING AFRICAN COUNTRIES: THE PANDEMIC PROBLEM AND ROLE OF MACROECONOMIC POLICIES",2025,"AFRICAN JOURNAL OF ECONOMIC AND MANAGEMENT STUDIES","10.1108/AJEMS-01-2024-0046",TRUE,"DOI","T1a_core_detection","A"
"DOES CRIME-TOURISM NEXUS HOLD FOR PAKISTAN?",2022,"INTERNATIONAL JOURNAL OF EMERGING MARKETS","10.1108/IJOEM-08-2020-0889",TRUE,"DOI","T1a_core_detection","A"
"DYNAMIC LINKAGES BETWEEN CRUDE OIL, CLIMATE POLICY UNCERTAINTY, AND AGRICULTURAL COMMODITIES IN CHINA: PERSPECTIVE FROM STRUCTURAL SBTVAR AND VIRF ANALYSIS",2025,"JOURNAL OF ACCOUNTING LITERATURE","10.1108/JAL-04-2025-0205",TRUE,"DOI","T1a_core_detection","A"
"CHANGE POINT ANALYSIS OF EXCHANGE RATES USING BOOTSTRAPPING METHODS: AN APPLICATION TO THE INDONESIAN RUPIAH 2000-2008",2015,"ASIA-PACIFIC FINANCIAL MARKETS","10.1007/s10690-015-9206-2",TRUE,"DOI","T1a_core_detection","A"
"LONGEVITY RISK MANAGEMENT FOR LIFE AND VARIABLE ANNUITIES: THE EFFECTIVENESS OF STATIC HEDGING USING LONGEVITY BONDS AND DERIVATIVES",2011,"INSURANCE MATHEMATICS \& ECONOMICS","10.1016/j.insmatheco.2011.02.009",TRUE,"DOI","T2_regime_switching_modelling","A"
"MODELING SYSTEMIC RISK AND DEPENDENCE STRUCTURE BETWEEN OIL AND STOCK MARKETS USING A VARIATIONAL MODE DECOMPOSITION-BASED COPULA METHOD",2017,"JOURNAL OF BANKING \& FINANCE","10.1016/j.jbankfin.2016.11.017",FALSE,"not retrieved",NA,NA
"RISK PREMIA IN THE TERM STRUCTURE OF CRUDE OIL FUTURES: LONG-RUN AND SHORT-RUN VOLATILITY COMPONENTS",2022,"REVIEW OF QUANTITATIVE FINANCE AND ACCOUNTING","10.1007/s11156-021-01032-w",TRUE,"DOI","T1a_core_detection","A"
"DISSECTING MODELS' FORECASTING PERFORMANCE",2017,"ECONOMIC MODELLING","10.1016/j.econmod.2017.01.008",TRUE,"DOI","T1a_core_detection","A"
"MODELLING INFLATION VOLATILITY",2016,"JOURNAL OF APPLIED ECONOMETRICS","10.1002/jae.2469",TRUE,"DOI","T1a_core_detection","A"
"TESTING THE NULL OF COINTEGRATION WITH A STRUCTURAL BREAK: OPTIMAL KERNELAND BANDWIDTH SELECTION",2013,"ECONOMICS BULLETIN",NA,TRUE,"DOI","T1a_core_detection","A"
"ASYMMETRIC SPILLOVER EFFECTS OF COVID-19 ON THE PERFORMANCE OF THE ISLAMIC FINANCE INDUSTRY: A WAVE ANALYSIS AND FORECASTING",2023,"JOURNAL OF ECONOMIC ASYMMETRIES","10.1016/j.jeca.2022.e00280",TRUE,"DOI","T1a_core_detection","A"
"MODELLING THE BALASSA-SAMUELSON EFFECT IN AUSTRALIA",2011,"AUSTRALASIAN ACCOUNTING BUSINESS AND FINANCE JOURNAL",NA,TRUE,"DOI","T1a_core_detection","A"
"THE IMPACT OF BIOFUELS POLICY ON AGRIBUSINESS STOCK PRICES",2011,"AGRIBUSINESS","10.1002/agr.20265",TRUE,"DOI","T1a_core_detection","A"
"EQUAL RISK PRICING OF DERIVATIVES WITH DEEP HEDGING",2021,"QUANTITATIVE FINANCE","10.1080/14697688.2020.1806343",TRUE,"DOI","T2_regime_switching_modelling","A"
"EMPIRICAL ASSESSMENT OF MONEY DEMAND STABILITY UNDER INDIA'S OPEN ECONOMY: NON-LINEAR ARDL APPROACH",2020,"JOURNAL OF QUANTITATIVE ECONOMICS","10.1007/s40953-020-00203-1",FALSE,"not retrieved",NA,NA
"CHANGE-POINT DETECTION IN THE CONDITIONAL CORRELATION STRUCTURE OF MULTIVARIATE VOLATILITY MODELS",2020,"JOURNAL OF BUSINESS \& ECONOMIC STATISTICS","10.1080/07350015.2018.1505630",TRUE,"DOI","T1a_core_detection","A"
"THE RELATIONSHIP BETWEEN SPOT AND FUTURES OIL PRICES: DO STRUCTURAL BREAKS MATTER?",2014,"ENERGY ECONOMICS","10.1016/j.eneco.2014.03.006",TRUE,"DOI","T1a_core_detection","A"
"MARGINAL LIKELIHOOD CALCULATION FOR THE GELFAND-DEY AND CHIB METHODS",2012,"ECONOMICS LETTERS","10.1016/j.econlet.2011.12.034",FALSE,"not retrieved",NA,NA
"CHANGE POINT DETECTION AND ESTIMATION OF THE TWO-SIDED JUMPS OF ASSET RETURNS USING A MODIFIED KALMAN FILTER",2017,"RISKS","10.3390/risks5010015",TRUE,"DOI","T1a_core_detection","A"
"REGIME SWITCHES IN PAKISTAN'S FISCAL POLICY: MARKOV-SWITCHING VAR APPROACH",2020,"APPLIED ECONOMICS JOURNAL",NA,TRUE,"DOI","T1a_core_detection","A"
"TWO-FACTOR DECOMPOSITION ANALYSIS FOR CORRELATION BETWEEN MAINLAND CHINA AND HONG KONG STOCK MARKETS",2013,"INTERNATIONAL REVIEW OF FINANCE","10.1111/j.1468-2443.2012.01160.x",TRUE,"DOI","T1a_core_detection","A"
"MODELLING UK HOUSE PRICES WITH STRUCTURAL BREAKS AND CONDITIONAL VARIANCE ANALYSIS",2019,"JOURNAL OF REAL ESTATE FINANCE AND ECONOMICS","10.1007/s11146-018-9652-5",TRUE,"DOI","T1a_core_detection","A"
"SPAIN AND THE EUROPEAN SOVEREIGN DEBT CRISIS",2014,"EUROPEAN JOURNAL OF POLITICAL ECONOMY","10.1016/j.ejpoleco.2013.08.006",TRUE,"DOI","T1a_core_detection","A"
"DO TERMS OF TRADE AFFECT ECONOMIC GROWTH? ROBUST EVIDENCE FROM INDIA",2023,"ECONOMICS OF TRANSITION AND INSTITUTIONAL CHANGE","10.1111/ecot.12339",TRUE,"DOI","T1a_core_detection","A"
"THE EFFECTS OF GOVERNMENT SPENDING SHOCKS ON THE TRADE ACCOUNT BALANCE IN KOREA",2018,"INTERNATIONAL REVIEW OF ECONOMICS \& FINANCE","10.1016/j.iref.2017.10.001",TRUE,"DOI","T1a_core_detection","A"
"THE VOLATILITY RISK PREMIUM IN THE OIL MARKET",2022,"QUANTITATIVE FINANCE","10.1080/14697688.2022.2066322",TRUE,"DOI","T1a_core_detection","A"
"LONG-RUN RELATIONSHIP WITH SHIFTS BETWEEN MEXICAN CURRENT ACCOUNT REVENUES AND EXPENDITURES",2013,"ECONOMICS BULLETIN",NA,TRUE,"DOI","T1a_core_detection","A"
"REAL EXCHANGE RATE AND PRODUCTIVITY IN A SPECIFIC-FACTOR MODEL WITH SKILLED AND UNSKILLED LABOUR",2014,"JOURNAL OF MACROECONOMICS","10.1016/j.jmacro.2014.01.005",TRUE,"DOI","T1a_core_detection","A"
"A WAVELET METHOD FOR PANEL MODELS WITH JUMP DISCONTINUITIES IN THE PARAMETERS",2022,"JOURNAL OF ECONOMETRICS","10.1016/j.jeconom.2021.09.006",TRUE,"DOI","T1a_core_detection","A"
"THE EFFECT OF BRAZILIAN CORN AND SOYBEAN CROP EXPANSION ON PRICE AND VOLATILITY TRANSMISSION",2018,"ECONOMICS BULLETIN",NA,TRUE,"DOI","T1a_core_detection","A"
"CHANGE-POINT ANALYSIS OF ASSET PRICE BUBBLES WITH POWER-LAW HAZARD FUNCTION",2019,"INTERNATIONAL JOURNAL OF THEORETICAL AND APPLIED FINANCE","10.1142/S021902491950033X",TRUE,"DOI","T1a_core_detection","A"
"SHIFTS IN INDIVIDUAL PARAMETERS OF A GARCH MODEL",2010,"JOURNAL OF FINANCIAL ECONOMETRICS","10.1093/jjfinec/nbp007",TRUE,"DOI","T1a_core_detection","A"
"HAVE FIRMS WITH BETTER CORPORATE GOVERNANCE FARED BETTER DURING THE RECENT FINANCIAL CRISIS IN RUSSIA?",2012,"APPLIED ECONOMICS LETTERS","10.1080/13504851.2011.603685",TRUE,"DOI","T1a_core_detection","A"
"FAKE NEWS",2017,"NORTH AMERICAN JOURNAL OF ECONOMICS AND FINANCE","10.1016/j.najef.2017.08.012",TRUE,"DOI","T1a_core_detection","A"
"EQUITY PREMIUM PREDICTION AND STRUCTURAL BREAKS",2020,"INTERNATIONAL JOURNAL OF FINANCE \& ECONOMICS","10.1002/ijfe.1759",FALSE,"not retrieved",NA,NA
"USING THE BLACK AND LITTERMAN FRAMEWORK FOR STRESS TEST ANALYSIS IN ASSET MANAGEMENT",2010,"JOURNAL OF ASSET MANAGEMENT","10.1057/jam.2009.33",TRUE,"DOI","T2_regime_switching_modelling","A"
"FINANCIAL VIABILITY OF ENERGY COMMUNITIES: THE ROLE OF FLEXIBLE ASSETS, BALANCING MARKET PARTICIPATION AND PEER-TO-PEER TRADING",2025,"ENERGY ECONOMICS","10.1016/j.eneco.2025.108985",FALSE,"not retrieved",NA,NA
"EXCHANGE RATE MISALIGNMENT AND ECONOMIC GROWTH IN INDIA",2017,"JOURNAL OF FINANCIAL ECONOMIC POLICY","10.1108/JFEP-12-2016-0093",TRUE,"DOI","T1a_core_detection","A"
"STOCK RETURN PREDICTABILITY AND MODEL INSTABILITY: EVIDENCE FROM MAINLAND CHINA AND HONG KONG",2018,"QUARTERLY REVIEW OF ECONOMICS AND FINANCE","10.1016/j.qref.2017.11.007",TRUE,"DOI","T1a_core_detection","A"
"DOES THE EURO-MEDITERRANEAN PARTNERSHIP CONTRIBUTE TO REGIONAL INTEGRATION?",2020,"JOURNAL OF POLICY MODELING","10.1016/j.jpolmod.2019.10.003",TRUE,"DOI","T1a_core_detection","A"
"THE IMPACT OF DIVIDEND PAYOUT POLICIES ON REAL ESTATE MARKET DIVERSIFICATION",2025,"INTERNATIONAL JOURNAL OF FINANCE \& ECONOMICS","10.1002/ijfe.2944",TRUE,"DOI","T1a_core_detection","A"
"ON THE RELATION BETWEEN GLOBAL FOOD AND CRUDE OIL PRICES: AN EMPIRICAL INVESTIGATION IN A NONLINEAR FRAMEWORK",2019,"ENERGY ECONOMICS","10.1016/j.eneco.2019.04.007",TRUE,"DOI","T1a_core_detection","A"
"LIFE INSURER PERFORMANCE UNDER THE BAILOUT OF DISTRESSED ASSET PURCHASES",2020,"APPLIED ECONOMICS","10.1080/00036846.2019.1682117",TRUE,"DOI","T1a_core_detection","A"
"BAYESIAN ESTIMATION OF THE LONG-RUN TREND OF THE US ECONOMY",2022,"EMPIRICAL ECONOMICS","10.1007/s00181-021-02024-4",TRUE,"DOI","T1a_core_detection","A"
"INVESTMENT FINANCING OF ORGANIZATIONAL CAPITAL",2016,"ASIA-PACIFIC JOURNAL OF FINANCIAL STUDIES","10.1111/ajfs.12132",TRUE,"DOI","T1a_core_detection","A"
"INTRADAY BIDIRECTIONAL VOLATILITY SPILLOVER ACROSS INTERNATIONAL STOCK MARKETS: DOES THE GLOBAL FINANCIAL CRISIS MATTER?",2015,"APPLIED ECONOMICS","10.1080/00036846.2015.1021459",TRUE,"DOI","T1a_core_detection","A"
"TESTING FOR CONSTANT CORRELATION OF FILTERED SERIES UNDER STRUCTURAL CHANGE",2019,"ECONOMETRICS JOURNAL","10.1111/ectj.12116",TRUE,"DOI","T1a_core_detection","A"
"TESTING FOR STRUCTURAL BREAKS AT UNKNOWN TIME: A STEEPLECHASE",2013,"COMPUTATIONAL ECONOMICS","10.1007/s10614-011-9271-1",FALSE,"not retrieved",NA,NA
"LET'S TAKE A SMOOTH BREAK: STOCK RETURN PREDICTABILITY REVISITED",2021,"INTERNATIONAL REVIEW OF ECONOMICS \& FINANCE","10.1016/j.iref.2021.04.020",TRUE,"DOI","T1a_core_detection","A"
"STRUCTURAL CHANGE AND FOREIGN DIRECT INVESTMENT: GLOBALIZATION AND REGIONAL ECONOMIC INTEGRATION",2012,"PORTUGUESE ECONOMIC JOURNAL","10.1007/s10258-011-0077-9",TRUE,"DOI","T1a_core_detection","A"
"TESTING FOR NONLINEAR UNIT ROOTS IN THE PRESENCE OF A STRUCTURAL BREAK WITH AN APPLICATION TO THE QUALIFIED PPP DURING THE 1997 ASIAN FINANCIAL CRISIS",2018,"INTERNATIONAL JOURNAL OF FINANCE \& ECONOMICS","10.1002/ijfe.1613",TRUE,"DOI","T1a_core_detection","A"
"DID THE EURO CHANGE THE EFFECT OF FUNDAMENTALS ON GROWTH AND UNCERTAINTY?",2014,"B E JOURNAL OF MACROECONOMICS","10.1515/bejm-2013-0133",TRUE,"DOI","T1a_core_detection","A"
"THE EMPIRICAL ROLE OF REAL CRUDE OIL PRICE AND REAL EXCHANGE RATE ON ECONOMIC GROWTH: THE CASE OF TURKEY",2016,"EGE ACADEMIC REVIEW",NA,TRUE,"DOI","T1a_core_detection","A"
"OUTPUT GROWTH AND STRUCTURAL REFORM IN LATIN AMERICA: HAVE BUSINESS CYCLES CHANGED?",2017,"CONTEMPORARY ECONOMIC POLICY","10.1111/coep.12178",TRUE,"DOI","T1a_core_detection","A"
"MARKET TIMING WITH THE BACKWARD SADF TEST",2020,"JOURNAL OF INVESTING","10.3905/joi.2020.1.129",TRUE,"DOI","T1a_core_detection","A"
"THE TIME-VARYING CAUSALITY BETWEEN SPOT AND FUTURES CRUDE OIL PRICES: A REGIME SWITCHING APPROACH",2015,"INTERNATIONAL REVIEW OF ECONOMICS \& FINANCE","10.1016/j.iref.2015.02.008",TRUE,"DOI","T2_regime_switching_modelling","A"
"EFFECT OF MARKET-WIDE INVESTOR SENTIMENT ON SOUTH AFRICAN GOVERNMENT BOND INDICES OF VARYING MATURITIES UNDER CHANGING MARKET CONDITIONS",2024,"ECONOMIES","10.3390/economies12100265",TRUE,"DOI","T2_regime_switching_modelling","A"
"EXPLANATORY FACTORS OF EUROZONE EQUITY ETF TRACKING ERROR",2024,"EKONOMSKI VJESNIK","10.51680/ev.37.2.3",TRUE,"DOI","T2_regime_switching_modelling","A"
"THE EUROZONE CRISIS AND ITS CONTAGION EFFECTS ON THE EUROPEAN STOCK MARKETS",2014,"STUDIES IN ECONOMICS AND FINANCE","10.1108/SEF-01-2014-0001",TRUE,"DOI","T2_regime_switching_modelling","A"
"OPTIMAL HIGH-FREQUENCY TRADING WITH LIMIT AND MARKET ORDERS",2013,"QUANTITATIVE FINANCE","10.1080/14697688.2012.708779",TRUE,"DOI","T2_regime_switching_modelling","A"
"THE ANALYSIS OF WHEAT PRICES USING MULTIPLE STRUCTURAL BREAK-POINT COINTEGRATION TEST",2021,"PANOECONOMICUS","10.2298/PAN150428004C",TRUE,"DOI","T1a_core_detection","A"
"EXCHANGE RATE INTEREST RATE LINKAGES IN INDIA: AN EMPIRICAL INVESTIGATION",2016,"JOURNAL OF FINANCIAL ECONOMIC POLICY","10.1108/JFEP-06-2015-0038",TRUE,"DOI","T1a_core_detection","A"
"THE ROLE OF PEOPLE'S EXPECTATION IN THE RECENT US HOUSING BOOM AND BUST",2013,"JOURNAL OF REAL ESTATE FINANCE AND ECONOMICS","10.1007/s11146-011-9341-0",TRUE,"DOI","T1a_core_detection","A"
"THE HETEROGENEOUS GREAT MODERATION",2015,"EUROPEAN ECONOMIC REVIEW","10.1016/j.euroecorev.2014.12.005",TRUE,"DOI","T1a_core_detection","A"
"THE IMPACT OF OFF-BALANCE-SHEET ACTIVITIES ON BANKS RETURNS: AN APPLICATION OF THE ARCH-M TO CANADIAN DATA",2010,"JOURNAL OF BANKING \& FINANCE","10.1016/j.jbankfin.2010.03.017",TRUE,"DOI","T1a_core_detection","A"
"ESTIMATION AND INFERENCE OF CHANGE POINTS IN HIGH-DIMENSIONAL FACTOR MODELS",2020,"JOURNAL OF ECONOMETRICS","10.1016/j.jeconom.2019.08.013",TRUE,"DOI","T1a_core_detection","A"
"INFECTIOUS DISEASE-RELATED UNCERTAINTY AND THE SAFE-HAVEN CHARACTERISTIC OF US TREASURY SECURITIES",2021,"INTERNATIONAL REVIEW OF ECONOMICS \& FINANCE","10.1016/j.iref.2020.09.019",TRUE,"DOI","T1a_core_detection","A"
"WHEN STRUCTURAL BREAK MEETS THRESHOLD EFFECT: FACTOR ANALYSIS UNDER STRUCTURAL INSTABILITIES",2025,"JOURNAL OF ECONOMETRICS","10.1016/j.jeconom.2025.105972",TRUE,"DOI","T1a_core_detection","A"
"BALANCE-OF-PAYMENTS CRISES DURING THE GREAT RECESSION: IS THIS TIME DIFFERENT?",2012,"REVIEW OF INTERNATIONAL ECONOMICS","10.1111/j.1467-9396.2012.01036.x",TRUE,"DOI","T1a_core_detection","A"
"ABC OF SV: LIMITED INFORMATION LIKELIHOOD INFERENCE IN STOCHASTIC VOLATILITY JUMP-DIFFUSION MODELS",2015,"JOURNAL OF EMPIRICAL FINANCE","10.1016/j.jempfin.2015.01.002",TRUE,"DOI","T1a_core_detection","A"
"FINANCIAL CONDITIONS AND DENSITY FORECASTS FOR US OUTPUT AND INFLATION",2017,"REVIEW OF ECONOMIC DYNAMICS","10.1016/j.red.2017.01.003",TRUE,"DOI","T1a_core_detection","A"
"EXTERNAL ADJUSTMENT WITH A COMMON CURRENCY: THE CASE OF THE EURO AREA",2022,"EMPIRICAL ECONOMICS","10.1007/s00181-021-02101-8",TRUE,"DOI","T1a_core_detection","A"
"IS THERE VOLATILITY - GROWTH TRADE-OFF? THE CASE OF CROATIA - 1920 TO 2008",2010,"EKONOMSKI PREGLED",NA,TRUE,"DOI","T1a_core_detection","A"
"THE PURCHASING POWER PARITY IN EMERGING EUROPE: EMPIRICAL RESULTS BASED ON TWO-BREAK ANALYSIS",2013,"PANOECONOMICUS","10.2298/PAN1302179M",TRUE,"DOI","T1a_core_detection","A"
"FORECASTING THE YIELD CURVE AND THE ROLE OF MACROECONOMIC INFORMATION IN TURKEY",2013,"ECONOMIC MODELLING","10.1016/j.econmod.2013.03.013",TRUE,"DOI","T1a_core_detection","A"
"IMPACT OF THE FINANCIAL CRISIS ON INDIAN COMMODITY MARKETS: STRUCTURAL BREAKS AND VOLATILITY DYNAMICS",2016,"ENERGY ECONOMICS","10.1016/j.eneco.2015.02.011",TRUE,"DOI","T1a_core_detection","A"
"THE IMPACT OF TECHNOLOGICAL IMPROVEMENTS ON DEVELOPING FINANCIAL MARKETS: THE CASE OF THE JOHANNESBURG STOCK EXCHANGE",2013,"REVIEW OF DEVELOPMENT FINANCE","10.1016/j.rdf.2013.09.001",TRUE,"DOI","T1a_core_detection","A"
"SHRINKAGE ESTIMATION OF HIGH-DIMENSIONAL FACTOR MODELS WITH STRUCTURAL INSTABILITIES",2016,"REVIEW OF ECONOMIC STUDIES","10.1093/restud/rdw005",TRUE,"DOI","T1a_core_detection","A"
"OIL PRICE SHOCKS AND VOLATILITY SPILLOVERS IN THE NIGERIAN SOVEREIGN BOND MARKET",2017,"REVIEW OF FINANCIAL ECONOMICS","10.1016/j.rfe.2017.03.003",TRUE,"DOI","T1a_core_detection","A"
"DISTINGUISHING BETWEEN BREAKS IN THE MEAN AND BREAKS IN PERSISTENCE UNDER LONG MEMORY",2020,"ECONOMICS LETTERS","10.1016/j.econlet.2020.109338",TRUE,"DOI","T1a_core_detection","A"
"DOES BITCOIN STILL ENHANCE AN INVESTMENT PORTFOLIO IN A POST COVID-19 WORLD?",2024,"FINANCE RESEARCH LETTERS","10.1016/j.frl.2024.105170",TRUE,"DOI","T1a_core_detection","A"
"TESTING DEVIATIONS FROM PPP AND UIP: EVIDENCE FROM BRICS ECONOMIES",2021,"STUDIES IN ECONOMICS AND FINANCE","10.1108/SEF-10-2019-0411",TRUE,"DOI","T1a_core_detection","A"
"A NOTE ON ADAPTIVE GROUP LASSO FOR STRUCTURAL BREAK TIME SERIES",2021,"ECONOMETRICS AND STATISTICS","10.1016/j.ecosta.2020.04.001",FALSE,"not retrieved",NA,NA
"DOES GOVERNANCE QUALITY MATTER FOR THE DEVELOPMENT OF FINANCIAL INSTITUTIONS IN PAKISTAN?",2023,"JOURNAL OF ECONOMIC AND ADMINISTRATIVE SCIENCES","10.1108/JEAS-03-2021-0061",TRUE,"DOI","T1a_core_detection","A"
"FORECASTING EXCHANGE RATES USING PANEL MODEL AND MODEL AVERAGING",2014,"ECONOMIC MODELLING","10.1016/j.econmod.2013.10.017",TRUE,"DOI","T1a_core_detection","A"
"IDENTIFYING MACRO-DETERMINANTS OF REMITTANCE FLOWS TO A DEVELOPING COUNTRY: THE CASE OF UGANDA",2019,"JOURNAL OF INTERNATIONAL TRADE \& ECONOMIC DEVELOPMENT","10.1080/09638199.2018.1546336",TRUE,"DOI","T1a_core_detection","A"
"UNIVARIATE AND BIVARIATE VOLATILITY IN CENTRAL EUROPEAN STOCK MARKETS",2017,"PRAGUE ECONOMIC PAPERS","10.18267/j.pep.598",TRUE,"DOI","T1a_core_detection","A"
"TURNING POINTS IN THE CHINESE CIVIL WAR: A FINANCIAL MARKET PERSPECTIVE",2019,"AUSTRALIAN ECONOMIC HISTORY REVIEW","10.1111/aehr.12168",TRUE,"DOI","T1a_core_detection","A"
"IN SEARCH OF A STABLE NARROW MONEY-DEMAND FUNCTION FOR INDONESIA, 1970-2007",2011,"SINGAPORE ECONOMIC REVIEW","10.1142/S0217590811004109",TRUE,"DOI","T1a_core_detection","A"
"THE EVOLUTION OF MONETARY RULES WITH FINANCIAL STABILITY CONSIDERATIONS",2023,"APPLIED ECONOMICS","10.1080/00036846.2022.2138819",TRUE,"DOI","T1a_core_detection","A"
"FISCAL DEFICITS UNDER FINANCIAL PRESSURE AND INSOLVENCY: EVIDENCE FOR ITALY, GREECE AND SPAIN",2013,"JOURNAL OF POLICY MODELING","10.1016/j.jpolmod.2013.03.013",TRUE,"DOI","T1a_core_detection","A"
"ARE SHOCKS TRANSITORY OR PERMANENT? AN INQUIRY INTO AGRICULTURAL COMMODITY PRICES",2019,"JOURNAL OF AGRICULTURAL ECONOMICS","10.1111/1477-9552.12277",TRUE,"DOI","T1a_core_detection","A"
"INVESTIGATION OF THE INTENTIONAL AND SPURIOUS HERDING EFFECTS IN THE CRYPTOCURRENCY MARKET WITH GLOBAL EVENTS",2025,"QUARTERLY REVIEW OF ECONOMICS AND FINANCE","10.1016/j.qref.2025.101992",TRUE,"DOI","T1a_core_detection","A"
"MACROECONOMIC FACTORS STRIKE BACK: A BAYESIAN CHANGE-POINT MODEL OF TIME-VARYING RISK EXPOSURES AND PREMIA IN THE US CROSS-SECTION",2017,"JOURNAL OF BUSINESS \& ECONOMIC STATISTICS","10.1080/07350015.2015.1061436",TRUE,"DOI","T1a_core_detection","A"
"DUAL ASYMMETRIES IN BITCOIN",2025,"FINANCE RESEARCH LETTERS","10.1016/j.frl.2025.107450",TRUE,"DOI","T1a_core_detection","A"
"MODELING CHANGES IN US MONETARY POLICY WITH A TIME-VARYING NONLINEAR TAYLOR RULE",2018,"STUDIES IN NONLINEAR DYNAMICS AND ECONOMETRICS","10.1515/snde-2017-0092",TRUE,"DOI","T1a_core_detection","A"
"COVID-19, INSURER BOARD UTILITY, AND CAPITAL REGULATION",2020,"FINANCE RESEARCH LETTERS","10.1016/j.frl.2020.101659",TRUE,"DOI","T1a_core_detection","A"
"ARE BILATERAL REAL EXCHANGE RATES STATIONARY? EMPIRICAL EVIDENCE FROM NIGERIA",2014,"ECONOMICS BULLETIN",NA,TRUE,"DOI","T1a_core_detection","A"
"THE VALIDITY OF PURCHASING POWER PARITY HYPOTHESIS IN MIDDLE EAST AND NORTHERN AFRICA COUNTRIES",2010,"ROMANIAN JOURNAL OF ECONOMIC FORECASTING",NA,TRUE,"DOI","T1a_core_detection","A"
"MEAN-STRUCTURE AND AUTOCORRELATION CONSISTENT COVARIANCE MATRIX ESTIMATION",2022,"JOURNAL OF BUSINESS \& ECONOMIC STATISTICS","10.1080/07350015.2020.1796397",TRUE,"DOI","T1a_core_detection","A"
"THE GROWTH EFFECT OF CRUDE OIL REVENUE AND CAPITAL INVESTMENT: THE NIGERIAN PERSPECTIVE",2024,"OPEC ENERGY REVIEW","10.1111/opec.12303",FALSE,"not retrieved",NA,NA
"AN INVESTIGATION OF CHINA-U.S. BILATERAL TRADE AND EXCHANGE RATE CHANGES USING THE AUTOREGRESSIVE DISTRIBUTED LAG MODEL",2018,"ECONOMIC PAPERS","10.1111/1759-3441.12206",TRUE,"DOI","T1a_core_detection","A"
"CHANGING VOLATILITY OF LONG-TERM UK INTEREST RATES DURING PAX BRITANNICA",2010,"APPLIED ECONOMICS LETTERS","10.1080/13504850903425116",FALSE,"not retrieved",NA,NA
"CONVERGENCE AND COINTEGRATION ANALYSIS UNDER STRUCTURAL BREAKS: APPLICATION OF TURKEY TOURISM MARKETS",2019,"SOSYOEKONOMI","10.17233/sosyoekonomi.2019.01.06",TRUE,"DOI","T1a_core_detection","A"
"BREAKING THE ZERO LOWER BOUND PERIOD: THE SHIFT ACROSS TWO UNCONVENTIONAL POLICIES",2021,"ECONOMICS LETTERS","10.1016/j.econlet.2020.109673",TRUE,"DOI","T1a_core_detection","A"
"HIGHER BANKNOTES AND INFLATION: A MYTH OR A REALITY? EVIDENCE FROM SYRIA",2025,"ECONOMICS AND FINANCE LETTERS","10.18488/29.v12i2.4172",TRUE,"DOI","T1a_core_detection","A"
"EXCHANGE RATE AND STOCK PRICE INTERACTION IN MAJOR ASIAN MARKETS: EVIDENCE FOR INDIVIDUAL COUNTRIES AND PANELS ALLOWING FOR STRUCTURAL BREAKS",2011,"SINGAPORE ECONOMIC REVIEW","10.1142/S0217590811004250",TRUE,"DOI","T1a_core_detection","A"
"THE BITCOIN PREMIUM: A PERSISTENT PUZZLE",2024,"B E JOURNAL OF MACROECONOMICS","10.1515/bejm-2023-0107",TRUE,"DOI","T1a_core_detection","A"
"SEQUENTIAL MONITORING FOR CHANGES IN DYNAMIC SEMIPARAMETRIC RISK MODELS",2025,"JOURNAL OF BUSINESS \& ECONOMIC STATISTICS","10.1080/07350015.2025.2540071",FALSE,"not retrieved",NA,NA
"CHANGE POINT TESTS IN FUNCTIONAL FACTOR MODELS WITH APPLICATION TO YIELD CURVES",2017,"ECONOMETRICS JOURNAL","10.1111/ectj.12075",TRUE,"DOI","T1a_core_detection","A"
"SPARSE CHANGE-POINT HAR MODELS FOR REALIZED VARIANCE",2019,"ECONOMETRIC REVIEWS","10.1080/07474938.2018.1454366",FALSE,"not retrieved",NA,NA
"LONG MEMORY AND STRUCTURAL BREAKS IN THE RETURNS AND VOLATILITY OF GOLD: EVIDENCE FROM TURKEY",2014,"APPLIED ECONOMICS","10.1080/00036846.2014.929627",TRUE,"DOI","T1a_core_detection","A"
"SHRINKAGE AND NONITERATIVE ESTIMATION FOR MOVING AVERAGE MODELS WITH STRUCTURAL BREAKS",2025,"ECONOMETRIC REVIEWS","10.1080/07474938.2025.2601071",FALSE,"not retrieved",NA,NA
"AN INTERNATIONAL ANALYSIS OF TIME VARYING BETA RISK IN LISTED REAL ESTATE SECURITIES",2017,"JOURNAL OF PROPERTY INVESTMENT \& FINANCE","10.1108/JPIF-07-2016-0052",TRUE,"DOI","T1a_core_detection","A"
"GEOPOLITICAL RISK AND CHINA'S CRUDE OIL FUTURES: AN EMPIRICAL STUDY BASED ON THE CROSS-QUANTILOGRAM APPROACH",2025,"EMERGING MARKETS FINANCE AND TRADE","10.1080/1540496X.2024.2386125",FALSE,"not retrieved",NA,NA
"INFLATION UNCERTAINTY AND MONETARY POLICY IN CHINA",2010,"CHINA \& WORLD ECONOMY","10.1111/j.1749-124X.2010.01195.x",TRUE,"DOI","T1a_core_detection","A"
"STRUCTURAL CHANGE ANALYSIS OF ACTIVE CRYPTOCURRENCY MARKET",2022,"ASIAN ACADEMY OF MANAGEMENT JOURNAL OF ACCOUNTING AND FINANCE","10.21315/aamjaf2022.18.2.4",TRUE,"DOI","T1a_core_detection","A"
"TESTING FOR PARAMETER CHANGE EPOCHS IN GARCH TIME SERIES",2023,"ECONOMETRICS JOURNAL","10.1093/ectj/utad006",TRUE,"DOI","T1a_core_detection","A"
"THE ZERO LOWER BOUND AND MARKET SPILLOVERS: EVIDENCE FROM THE G7 AND NORWAY",2018,"RESEARCH IN INTERNATIONAL BUSINESS AND FINANCE","10.1016/j.ribaf.2017.05.015",TRUE,"DOI","T1a_core_detection","A"
"THE DETERMINANTS OF SOVEREIGN RISK PREMIUM IN AFRICAN COUNTRIES",2019,"JOURNAL OF RISK AND FINANCIAL MANAGEMENT","10.3390/jrfm12010029",TRUE,"DOI","T1a_core_detection","A"
"TESTING PPP HYPOTHESIS UNDER CONSIDERATIONS OF NONLINEAR AND ASYMMETRIC ADJUSTMENTS: NEW INTERNATIONAL EVIDENCE",2025,"EMPIRICA","10.1007/s10663-024-09628-w",FALSE,"not retrieved",NA,NA
"DETECTING REGIME SHIFTS IN CREDIT SPREADS",2014,"JOURNAL OF FINANCIAL AND QUANTITATIVE ANALYSIS","10.1017/S0022109015000034",TRUE,"DOI","T2_regime_switching_modelling","A"
"JAPAN-U.S. REAL EXCHANGE RATE BEHAVIOUR: EVIDENCE FROM LINEAR AND NON-LINEAR ENDOGENOUS BREAK TESTS",2011,"ASIAN ACADEMY OF MANAGEMENT JOURNAL OF ACCOUNTING AND FINANCE",NA,TRUE,"DOI","T1a_core_detection","A"
"MARKET EFFICIENCY OF THE CRYPTOCURRENCIES: SOME NEW EVIDENCE BASED ON PRICE-VOLUME RELATIONSHIP",2024,"INTERNATIONAL JOURNAL OF FINANCE \& ECONOMICS","10.1002/ijfe.2744",TRUE,"DOI","T1a_core_detection","A"
"IS THERE A NATIONAL HOUSINGMARKET BUBBLE BREWING IN THE UNITED STATES?",2023,"MACROECONOMIC DYNAMICS","10.1017/S1365100522000645",TRUE,"DOI","T1a_core_detection","A"
"INVESTOR HERDING DURING COVID-19: EVIDENCE FROM THE SOUTH AFRICAN EXCHANGE TRADED FUND MARKET",2021,"AFRICAN REVIEW OF ECONOMICS AND FINANCE-AREF",NA,TRUE,"DOI","T1a_core_detection","A"
"INFORMATION TRANSMISSION BETWEEN STOCK MARKETS IN HONG KONG, EUROPE AND THE US: NEW EVIDENCE ON TIME- AND STATE-DEPENDENCE",2015,"PACIFIC-BASIN FINANCE JOURNAL","10.1016/j.pacfin.2014.07.006",TRUE,"DOI","T1a_core_detection","A"
"COVID-19 OUTBREAK, GOVERNMENT CAPITAL INJECTIONS, AND SHADOW BANKING EFFICIENCY",2021,"APPLIED ECONOMICS","10.1080/00036846.2020.1808183",TRUE,"DOI","T1a_core_detection","A"
"EVIDENCE ON FEATURES OF A DSGE BUSINESS CYCLE MODEL FROM BAYESIAN MODEL AVERAGING",2013,"INTERNATIONAL ECONOMIC REVIEW","10.1111/j.1468-2354.2012.00737.x",TRUE,"DOI","T1a_core_detection","A"
"TESTING FOR CHANGES IN (EXTREME) VAR",2017,"ECONOMETRICS JOURNAL","10.1111/ectj.12080",TRUE,"DOI","T1a_core_detection","A"
"STRUCTURAL CHANGE IN THE TREND AND CYCLE IN KOREA",2020,"SEOUL JOURNAL OF ECONOMICS",NA,TRUE,"DOI","T1a_core_detection","A"
"TESTING CONTAGION OF THE 1997-98 CRISIS IN ASIAN STOCK MARKETS WITH STRUCTURAL BREAKS AND INCUBATION PERIODS",2011,"JOURNAL OF ASIAN ECONOMICS","10.1016/j.asieco.2011.05.005",TRUE,"DOI","T1a_core_detection","A"
"CAN CLEAN ENERGY STOCK PRICE RULE OIL PRICE? NEW EVIDENCES FROM A REGIME-SWITCHING MODEL AT FIRST AND SECOND MOMENTS",2021,"ENERGY ECONOMICS","10.1016/j.eneco.2021.105116",TRUE,"DOI","T2_regime_switching_modelling","A"
"SUSTAINING IN UNCERTAIN TIME: INVESTIGATING PENSION FUND PERFORMANCE DURING MARKET STRESS",2025,"INZINERINE EKONOMIKA-ENGINEERING ECONOMICS","10.5755/j01.ee.36.1.36796",TRUE,"DOI","T1a_core_detection","A"
"EVALUATING THE RISK PREMIUM IN THE USA NATURAL GAS MARKET: EVIDENCE FROM LOW-PRICE REGIME",2017,"APPLIED ECONOMICS","10.1080/00036846.2016.1208353",TRUE,"DOI","T1a_core_detection","A"
"VOLATILITY IN FOCUS: COMPARING CRYPTOCURRENCIES, FIAT CURRENCIES FROM HIGH-INFLATION ECONOMIES, AND GOLD",2025,"STUDIES IN ECONOMICS AND FINANCE","10.1108/SEF-01-2025-0005",FALSE,"not retrieved",NA,NA
"DETECTING CONTAGION IN A MULTIVARIATE TIME SERIES SYSTEM: AN APPLICATION TO SOVEREIGN BOND MARKETS IN EUROPE",2015,"JOURNAL OF BANKING \& FINANCE","10.1016/j.jbankfin.2015.06.003",TRUE,"DOI","T1a_core_detection","A"
"HOW DOES THE ECONOMIC STRUCTURE BREAK CHANGE THE FORECAST EFFECT OF MONEY AND CREDIT ON OUTPUT? EVIDENCE BASED ON MACHINE LEARNING ALGORITHMS",2024,"PACIFIC-BASIN FINANCE JOURNAL","10.1016/j.pacfin.2024.102325",TRUE,"DOI","T1a_core_detection","A"
"WHAT DRIVES THE STOCK MARKET RETURN IN INDIA? AN EXPLORATION WITH DYNAMIC FACTOR MODEL",2016,"JOURNAL OF EMERGING MARKET FINANCE","10.1177/0972652715623681",TRUE,"DOI","T1a_core_detection","A"
"THE CASUAL RELATIONSHIP BETWEEN INFLATION UNCERTAINTY AND INTEREST RATE IN TURKEY: ROLLING WINDOW CAUSALITY TEST",2018,"JOURNAL OF MEHMET AKIF ERSOY UNIVERSITY ECONOMICS AND ADMINISTRATIVE SCIENCES FACULTY","10.30798/makuiibf.420613",TRUE,"DOI","T1a_core_detection","A"
"ECONOMIC UNCERTAINTY AND NATIONAL BITCOIN TRADING ACTIVITY",2022,"NORTH AMERICAN JOURNAL OF ECONOMICS AND FINANCE","10.1016/j.najef.2021.101625",TRUE,"DOI","T1a_core_detection","A"
"TIME-VARYING CORRELATION BETWEEN STOCK MARKET RETURNS AND REAL ESTATE RETURNS",2012,"JOURNAL OF EMPIRICAL FINANCE","10.1016/j.jempfin.2012.03.006",FALSE,"not retrieved",NA,NA
"BEHAVIORAL ANALYSIS OF LONG-TERM IMPLIED VOLATILITIES",2021,"STUDIES IN ECONOMICS AND FINANCE","10.1108/SEF-06-2018-0170",TRUE,"DOI","T1a_core_detection","A"
"REAL CONVERGENCE OF EU ECONOMIES: DO STRUCTURAL BREAKS MATTER?",2017,"EKONOMICKY CASOPIS",NA,TRUE,"DOI","T1a_core_detection","A"
"HAS INFLATION TARGETING CHANGED THE CONDUCT OF MONETARY POLICY?",2015,"MACROECONOMIC DYNAMICS","10.1017/S1365100513000199",TRUE,"DOI","T1a_core_detection","A"
"THE INFLUENCE OF OIL PRICE UNCERTAINTY ON STOCK LIQUIDITY",2023,"JOURNAL OF FUTURES MARKETS","10.1002/fut.22383",TRUE,"DOI","T1a_core_detection","A"
"THE EFFECT OF ECONOMIC POLICY UNCERTAINTY ON THE LONG-TERM CORRELATION BETWEEN US STOCK AND BOND MARKETS",2017,"ECONOMIC MODELLING","10.1016/j.econmod.2017.06.007",TRUE,"DOI","T1a_core_detection","A"
"THE ROLE OF CORRELATION DYNAMICS IN SECTOR ALLOCATION",2014,"JOURNAL OF BANKING \& FINANCE","10.1016/j.jbankfin.2014.06.025",FALSE,"not retrieved",NA,NA
"SPILLOVERS AMONG CDS INDEXES IN THE US FINANCIAL SECTOR",2014,"NORTH AMERICAN JOURNAL OF ECONOMICS AND FINANCE","10.1016/j.najef.2013.12.001",TRUE,"DOI","T1a_core_detection","A"
"A QUARTER CENTURY OF INFLATION TARGETING \& STRUCTURAL CHANGE IN EXCHANGE RATE PASS-THROUGH: EVIDENCE FROM THE FIRST THREE MOVERS",2020,"STRUCTURAL CHANGE AND ECONOMIC DYNAMICS","10.1016/j.strueco.2020.03.010",TRUE,"DOI","T1a_core_detection","A"
"WHAT IS THE EFFECT OF VIX AND (UN)EXPECTED ILLIQUIDITY ON SECTORAL HERDING IN US REITS DURING (NON)CRISES? EVIDENCE FROM A MARKOV SWITCHING MODEL (2014-2022)",2025,"JOURNAL OF BEHAVIORAL FINANCE","10.1080/15427560.2023.2249155",FALSE,"not retrieved",NA,NA
"BREAKS IN TERM STRUCTURES: EVIDENCE FROM THE OIL FUTURES MARKETS",2024,"INTERNATIONAL JOURNAL OF FINANCE \& ECONOMICS","10.1002/ijfe.2777",TRUE,"DOI","T1a_core_detection","A"
"CHANGE POINT DETECTION IN HETEROSCEDASTIC TIME SERIES",2018,"ECONOMETRICS AND STATISTICS","10.1016/j.ecosta.2017.07.005",FALSE,"not retrieved",NA,NA
"INFINITE-STATE MARKOV-SWITCHING FOR DYNAMIC VOLATILITY",2016,"JOURNAL OF FINANCIAL ECONOMETRICS","10.1093/jjfinec/nbv017",TRUE,"DOI","T1a_core_detection","A"
"DETECTING CHANGE POINTS IN VIX AND S\&P 500: A NEW APPROACH TO DYNAMIC ASSET ALLOCATION",2016,"JOURNAL OF ASSET MANAGEMENT","10.1057/jam.2016.12",TRUE,"DOI","T1a_core_detection","A"
"DID THE CRISIS AFFECT INFLATION EXPECTATIONS?",2011,"INTERNATIONAL JOURNAL OF CENTRAL BANKING",NA,TRUE,"DOI","T1a_core_detection","A"
"MODELLING LARGE DIMENSIONAL DATASETS WITH MARKOV SWITCHING FACTOR MODELS",2025,"JOURNAL OF ECONOMETRICS","10.1016/j.jeconom.2024.105919",TRUE,"DOI","T2_regime_switching_modelling","A"
"THE FISHER HYPOTHESIS WITHIN THE FRAMEWORK OF LONG-RUN COVARIABILITY: THE CASE OF THE UNITED KINGDOM",2023,"SOSYOEKONOMI","10.17233/sosyoekonomi.2023.03.10",TRUE,"DOI","T1a_core_detection","A"
"FINANCIAL CONTAGION: DETECTING NON-SIMULTANEOUS BREAKS IN DCC-GARCH MODELS",2025,"INTERNATIONAL JOURNAL OF FINANCE \& ECONOMICS","10.1002/ijfe.70064",FALSE,"not retrieved",NA,NA
"FLEXIBLE FOURIER FORM FOR VOLATILITY BREAKS",2018,"STUDIES IN NONLINEAR DYNAMICS AND ECONOMETRICS","10.1515/snde-2016-0039",TRUE,"DOI","T1a_core_detection","A"
"TESTING FOR STRUCTURAL BREAKS IN PANEL VARYING COEFFICIENT MODELS: WITH AN APPLICATION TO OECD HEALTH EXPENDITURE",2011,"EMPIRICAL ECONOMICS","10.1007/s00181-010-0375-6",TRUE,"DOI","T1a_core_detection","A"
"COMMODITY FUTURES RETURNS: MORE MEMORY THAN YOU MIGHT THINK!",2016,"EUROPEAN JOURNAL OF FINANCE","10.1080/1351847X.2015.1025989",TRUE,"DOI","T1a_core_detection","A"
"POSTWAR SLOWDOWNS AND LONG-RUN GROWTH: A BAYESIAN ANALYSIS OF STRUCTURAL BREAK MODELS",2010,"EMPIRICAL ECONOMICS","10.1007/s00181-009-0333-3",TRUE,"DOI","T1a_core_detection","A"
"LONG-TERM DEPENDENCY STRUCTURE AND STRUCTURAL BREAKS: EVIDENCE FROM THE U.S. SECTOR RETURNS AND VOLATILITY",2018,"REVIEW OF PACIFIC BASIN FINANCIAL MARKETS AND POLICIES","10.1142/S021909151850008X",TRUE,"DOI","T1a_core_detection","A"
"CONTAGION EFFECTS DURING FINANCIAL CRISIS: EVIDENCE FROM THE GREEK SOVEREIGN BONDS MARKET",2015,"JOURNAL OF FINANCIAL STABILITY","10.1016/j.jfs.2015.04.001",TRUE,"DOI","T1a_core_detection","A"
"THE LIQUIDITY ASPECTS OF PEER-TO-PEER LENDING",2022,"STUDIES IN ECONOMICS AND FINANCE","10.1108/SEF-09-2020-0376",TRUE,"DOI","T1a_core_detection","A"
"SPARSE CHANGE-POINT VAR MODELS",2021,"JOURNAL OF APPLIED ECONOMETRICS","10.1002/jae.2844",TRUE,"DOI","T1a_core_detection","A"
"MACROECONOMIC DETERMINANTS OF ISLAMIC BANKING PRODUCTS IN INDONESIA",2019,"ECONOMIES","10.3390/economies7020053",TRUE,"DOI","T1a_core_detection","A"
"WHY DID HOUSING PRICES RISE TO A RECORD LEVEL IN TURKEY? AN EMPIRICAL ANALYSIS",2023,"REAL ESTATE MANAGEMENT AND VALUATION","10.2478/remav-2023-0025",TRUE,"DOI","T1a_core_detection","A"
"THE POST-INTERNATIONALIZATION EVOLUTION OF THE PRICE DISCOVERY PATTERN IN CHINA'S IRON ORE MARKETS",2025,"CHINESE ECONOMY","10.1080/10971475.2024.2381268",TRUE,"DOI","T1a_core_detection","A"
"THE ASIAN FINANCIAL CRISIS AND INTERNATIONAL RESERVE ACCUMULATION: A ROBUST CONTROL APPROACH",2018,"JOURNAL OF ECONOMIC DYNAMICS \& CONTROL","10.1016/j.jedc.2018.03.010",TRUE,"DOI","T1a_core_detection","A"
"HOW THE HOUSING AND FINANCIAL WEALTH EFFECTS HAVE CHANGED OVER TIME",2011,"B E JOURNAL OF MACROECONOMICS",NA,TRUE,"DOI","T1a_core_detection","A"
"HOW FAT-TAILED IS US OUTPUT GROWTH?",2015,"METROECONOMICA","10.1111/meca.12067",TRUE,"DOI","T1a_core_detection","A"
"PORTFOLIO MANAGEMENT USING TIME-VARYING VINE COPULA: AN APPLICATION ON THE G7 EQUITY MARKET INDICES",2023,"EUROPEAN JOURNAL OF FINANCE","10.1080/1351847X.2022.2124119",TRUE,"DOI","T1a_core_detection","A"
"SECTORAL DIFFERENCES IN THE CHOICE OF THE TIME HORIZON DURING ESTIMATION OF THE UNCONDITIONAL STOCK BETA",2016,"INTERNATIONAL JOURNAL OF FINANCIAL STUDIES","10.3390/ijfs4040025",TRUE,"DOI","T1a_core_detection","A"
"EVOLUTION OF THE RELATIVE EFFICIENCY OF CDS AND EQUITY MARKETS IN JAPAN: DOES ONE MARKET HAVE A LONG-TERM INFORMATIONAL ADVANTAGE OVER THE OTHER?",2025,"PACIFIC-BASIN FINANCE JOURNAL","10.1016/j.pacfin.2025.102807",TRUE,"DOI","T1a_core_detection","A"
"ABENOMICS: WHY WAS IT SO SUCCESSFUL IN CHANGING MARKET EXPECTATIONS?",2015,"JOURNAL OF THE JAPANESE AND INTERNATIONAL ECONOMIES","10.1016/j.jjie.2015.05.006",TRUE,"DOI","T1a_core_detection","A"
"TIME-VARYING TRANSMISSION OF EXTERNAL SHOCKS IN PERU: REASSESSING THE ROLE OF MONETARY POLICY",2025,"ECONOMIC MODELLING","10.1016/j.econmod.2025.107241",FALSE,"not retrieved",NA,NA
"MULTIPLE STRUCTURAL BREAKS IN PROFIT SHARE RATES OF PARTICIPATION BANKS IN TURKEY: ARE THEY CAUSED BY THE RECENT GLOBAL CRISES?",2020,"TURKISH JOURNAL OF ISLAMIC ECONOMICS-TUJISE","10.26414/A079",TRUE,"DOI","T1a_core_detection","A"
"DO ISLAMIC STOCK INDEXES OUTPERFORM CONVENTIONAL STOCK INDEXES? A STATE SPACE MODELING APPROACH",2019,"EUROPEAN JOURNAL OF MANAGEMENT AND BUSINESS ECONOMICS","10.1108/EJMBE-08-2018-0088",TRUE,"DOI","T1a_core_detection","A"
"REVISITING PURCHASING POWER PARITY IN 34 OECD COUNTRIES: SEQUENTIAL PANEL SELECTION METHOD",2014,"APPLIED ECONOMICS LETTERS","10.1080/13504851.2014.923553",TRUE,"DOI","T1a_core_detection","A"
"DYNAMIC RELATIONSHIP BETWEEN BUDGET DEFICIT AND CURRENT ACCOUNT DEFICIT IN THE LIGHT OF NIGERIAN EMPIRICAL APPLICATION",2019,"EVOLUTIONARY AND INSTITUTIONAL ECONOMICS REVIEW","10.1007/s40844-019-00122-8",TRUE,"DOI","T1a_core_detection","A"
"STRUCTURAL BREAK, NONLINEARITY AND ASYMMETRY: A RE-EXAMINATION OF PPP PROPOSITION",2018,"APPLIED ECONOMICS","10.1080/00036846.2017.1361005",TRUE,"DOI","T1a_core_detection","A"
"ESTIMATING OPEN ECONOMY NEW KEYNESIAN PHILLIPS CURVE FOR KOREA",2014,"ASIAN ECONOMIC JOURNAL","10.1111/asej.12035",TRUE,"DOI","T1a_core_detection","A"
"THE DYNAMIC RELATIONSHIP BETWEEN EXCHANGE RATES AND MACROECONOMIC FUNDAMENTALS: EVIDENCE FROM PACIFIC RIM COUNTRIES",2014,"JOURNAL OF INTERNATIONAL FINANCIAL MARKETS INSTITUTIONS \& MONEY","10.1016/j.intfin.2014.03.002",TRUE,"DOI","T1a_core_detection","A"
"THE LONG-RUN AND SHORT-RUN EXCHANGE RATE PASS-THROUGH DURING THE PERIOD OF ECONOMIC REFORMS IN NIGERIA: IS IT COMPLETE OR INCOMPLETE?",2020,"ROMANIAN JOURNAL OF ECONOMIC FORECASTING",NA,TRUE,"DOI","T1a_core_detection","A"
"STRUCTURAL BREAKS AND CO-MOVEMENTS OF BITCOIN AND ETHEREUM: EVIDENCE FROM THE COVID-19 PANDEMIC PERIOD",2024,"JOURNAL OF CENTRAL BANKING THEORY AND PRACTICE","10.2478/jcbtp-2024-0012",TRUE,"DOI","T1a_core_detection","A"
"THE ROLE OF INVESTOR SENTIMENT IN THE LONG-TERM CORRELATION BETWEEN US STOCK AND BOND MARKETS",2018,"INTERNATIONAL REVIEW OF ECONOMICS \& FINANCE","10.1016/j.iref.2018.03.005",TRUE,"DOI","T1a_core_detection","A"
"UNDERSTANDING INDUSTRY BETAS",2013,"JOURNAL OF EMPIRICAL FINANCE","10.1016/j.jempfin.2013.02.003",TRUE,"DOI","T1a_core_detection","A"
"IS GOLD A USEFUL HEDGE AGAINST INFLATION ACROSS MULTIPLE TIME HORIZONS?",2021,"EMPIRICAL ECONOMICS","10.1007/s00181-019-01807-0",TRUE,"DOI","T1a_core_detection","A"
"EXPLAINING STAGNANT LIVING STANDARDS IN A GENERALIZED ASSET GROWTH CONTEXT",2021,"JOURNAL OF ECONOMIC ISSUES","10.1080/00213624.2021.1874796",TRUE,"DOI","T1a_core_detection","A"
"WHAT DOES MONEY AND CREDIT TELL US ABOUT REAL ACTIVITY IN THE UNITED STATES?",2016,"NORTH AMERICAN JOURNAL OF ECONOMICS AND FINANCE","10.1016/j.najef.2016.05.011",TRUE,"DOI","T1a_core_detection","A"
"TAX BASE DYNAMICS AND REVENUE TRENDS IN SPAIN: A COMPARATIVE ANALYSIS OF MAJOR TAXES (1995-2023)",2025,"JOURNAL OF TAX REFORM","10.15826/jtr.2025.11.3.223",TRUE,"DOI","T1a_core_detection","A"
"SPILL OVER EFFECTS OF FUTURES CONTRACTS INITIATION ON THE CASH MARKET: A REGIME SHIFT APPROACH",2010,"REVIEW OF QUANTITATIVE FINANCE AND ACCOUNTING","10.1007/s11156-009-0149-4",TRUE,"DOI","T1a_core_detection","A"
"IS THERE REALLY A RENMINBI BLOC IN ASIA?: A MODIFIED FRANKEL-WEI APPROACH",2016,"JOURNAL OF INTERNATIONAL MONEY AND FINANCE","10.1016/j.jimonfin.2015.12.003",TRUE,"DOI","T1a_core_detection","A"
"CHANGE POINT DETECTION FOR SUBPRIME CRISIS IN AMERICAN BANKING: FROM THE PERSPECTIVE OF RISK DEPENDENCE",2015,"INTERNATIONAL REVIEW OF ECONOMICS \& FINANCE","10.1016/j.iref.2014.12.011",TRUE,"DOI","T1a_core_detection","A"
"THE STATIONARITY OF SOUTH ASIAN REAL EXCHANGE RATES ALLOWING FOR STRUCTURAL BREAKS",2014,"AUSTRALASIAN ACCOUNTING BUSINESS AND FINANCE JOURNAL","10.14453/aabfj.v8i3.4",TRUE,"DOI","T1a_core_detection","A"
"DETECTING STRUCTURAL BREAKS IN TAIL BEHAVIOUR - FROM THE PERSPECTIVE OF FITTING THE GENERALIZED PARETO DISTRIBUTION",2013,"APPLIED ECONOMICS","10.1080/00036846.2011.613803",TRUE,"DOI","T1a_core_detection","A"
"TESTING PURCHASING POWER PARITY FOR JAPAN AND THE US: A STRUCTURAL-BREAK APPROACH",2013,"JAPAN AND THE WORLD ECONOMY","10.1016/j.japwor.2013.07.001",TRUE,"DOI","T1a_core_detection","A"
"TESTING STATIONARITY OF FUNCTIONAL TIME SERIES",2014,"JOURNAL OF ECONOMETRICS","10.1016/j.jeconom.2013.11.002",TRUE,"DOI","T1a_core_detection","A"
"BAYESIAN VALUE-AT-RISK WITH PRODUCT PARTITION MODELS",2012,"QUANTITATIVE FINANCE","10.1080/14697680903512786",FALSE,"not retrieved",NA,NA
"TIME-VARYING ROLES OF HOUSING RISK FACTORS IN STATE-LEVEL HOUSING MARKETS",2022,"INTERNATIONAL JOURNAL OF FINANCE \& ECONOMICS","10.1002/ijfe.2393",FALSE,"not retrieved",NA,NA
"A STRUCTURAL BREAK APPROACH TO ANALYSING THE IMPACT OF THE QE PORTFOLIO BALANCE CHANNEL ON THE US STOCK MARKET",2019,"INTERNATIONAL REVIEW OF FINANCIAL ANALYSIS","10.1016/j.irfa.2019.05.010",TRUE,"DOI","T1a_core_detection","A"
"THE BILATERAL TRADE FLOWS OF THE EU IN THE PRESENCE OF STRUCTURAL BREAKS",2016,"EMPIRICAL ECONOMICS","10.1007/s00181-015-1055-3",TRUE,"DOI","T1a_core_detection","A"
"FRACTIONAL INTEGRATION AND STRUCTURAL BREAKS IN BANK SHARE PRICES IN NIGERIA",2015,"REVIEW OF DEVELOPMENT FINANCE","10.1016/j.rdf.2014.07.004",TRUE,"DOI","T1a_core_detection","A"
"FORECASTING A LONG MEMORY PROCESS SUBJECT TO STRUCTURAL BREAKS",2013,"JOURNAL OF ECONOMETRICS","10.1016/j.jeconom.2013:04.006",TRUE,"DOI","T1a_core_detection","A"
"WAR-RELATED RISKS AND THE ISTANBUL BOURSE ON THE EVE OF THE FIRST WORLD WAR",2015,"BORSA ISTANBUL REVIEW","10.1016/j.bir.2015.05.001",TRUE,"DOI","T1a_core_detection","A"
"GIMME A BREAK! IDENTIFICATION AND ESTIMATION OF THE MACROECONOMIC EFFECTS OF MONETARY POLICY SHOCKS IN THE UNITED STATES",2018,"MACROECONOMIC DYNAMICS","10.1017/S1365100516000833",TRUE,"DOI","T1a_core_detection","A"
"CROSS-ASSET RELATIONS, CORRELATIONS AND ECONOMIC IMPLICATIONS",2019,"GLOBAL FINANCE JOURNAL","10.1016/j.gfj.2019.02.003",TRUE,"DOI","T1a_core_detection","A"
"THE BREAK POINT-DEPENDENT CAUSALITY BETWEEN THE CRYPTOCURRENCY AND EMERGING STOCK MARKETS",2020,"ECONOMIC COMPUTATION AND ECONOMIC CYBERNETICS STUDIES AND RESEARCH","10.24818/18423264/54.4.20.13",TRUE,"DOI","T1a_core_detection","A"
"DYNAMIC RELATIONSHIPS BETWEEN EXCHANGE RATES AND FOREIGN DIRECT INVESTMENT: EMPIRICAL EVIDENCE FROM KOREA",2015,"ASIAN ECONOMIC JOURNAL","10.1111/asej.12048",TRUE,"DOI","T1a_core_detection","A"
"REFLECTIONS ON FINANCIAL STRESS IN TIMES OF CRISIS. A RETROSPECTIVE ANALYSIS OF GOLD INVESTMENTS COMPARED TO OTHER PORTFOLIO ASSETS",2024,"TRANSFORMATIONS IN BUSINESS \& ECONOMICS",NA,TRUE,"DOI","T1a_core_detection","A"
"CHANGE POINT TESTS FOR THE TAIL INDEX OF Β-MIXING RANDOM VARIABLES",2017,"ECONOMETRIC THEORY","10.1017/S0266466616000189",TRUE,"DOI","T1a_core_detection","A"
"BREAKS AND THE STATISTICAL PROCESS OF INFLATION: THE CASE OF ESTIMATING THE `MODERN' LONG-RUN PHILLIPS CURVE",2019,"EMPIRICAL ECONOMICS","10.1007/s00181-017-1404-5",TRUE,"DOI","T1a_core_detection","A"
"CHANGE POINT ANALYSIS IN DATA WITH HEAVY TAILS: A NORMAL INVERSE GAUSSIAN APPROACH",2025,"ECONOMICS LETTERS","10.1016/j.econlet.2025.112477",TRUE,"DOI","T1a_core_detection","A"
"THE ONSET OF THE BRITISH IMPERIAL RETREAT FROM CHINA: EVIDENCE FROM THE CHINESE SOVEREIGN BOND MARKET IN LONDON",2025,"ASIA-PACIFIC ECONOMIC HISTORY REVIEW","10.1111/aehr.70005",TRUE,"DOI","T1a_core_detection","A"
"DO FOREIGN BANKS IN INDIA RESPOND TO GLOBAL MONETARY POLICY SHOCKS? A SVAR ANALYSIS",2021,"STUDIES IN ECONOMICS AND FINANCE","10.1108/SEF-10-2019-0417",TRUE,"DOI","T1a_core_detection","A"
"FUEL-FEED-LIVESTOCK PRICE LINKAGES UNDER STRUCTURAL CHANGES",2022,"APPLIED ECONOMICS","10.1080/00036846.2021.1965082",TRUE,"DOI","T1a_core_detection","A"
"UNRAVELING BITCOIN PRICE UNPREDICTABILITY: THE ROLE OF HARD FORKS",2024,"INTERNATIONAL REVIEW OF FINANCIAL ANALYSIS","10.1016/j.irfa.2024.103662",FALSE,"not retrieved",NA,NA
"THE FELDSTEIN-HORIOKA PUZZLE IN SOUTH AFRICA: A FRACTIONAL COINTEGRATION APPROACH",2016,"JOURNAL OF INTERNATIONAL TRADE \& ECONOMIC DEVELOPMENT","10.1080/09638199.2016.1151545",TRUE,"DOI","T1a_core_detection","A"
"FORECASTING REALIZED BETAS USING PREDICTORS INDICATING STRUCTURAL BREAKS AND ASYMMETRIC RISK EFFECTS",2025,"JOURNAL OF EMPIRICAL FINANCE","10.1016/j.jempfin.2024.101575",FALSE,"not retrieved",NA,NA
"TIME-DEPENDENT SHRINKAGE OF TIME-VARYING PARAMETER REGRESSION MODELS",2024,"ECONOMETRIC REVIEWS","10.1080/07474938.2023.2237274",FALSE,"not retrieved",NA,NA
"WHAT DRIVES GOLD DEMAND IN INDIA: CONSUMPTION OR INVESTMENT?",2025,"JOURNAL OF FINANCIAL ECONOMIC POLICY","10.1108/JFEP-06-2024-0144",FALSE,"not retrieved",NA,NA
"FORECAST COMPARISONS IN UNSTABLE ENVIRONMENTS",2010,"JOURNAL OF APPLIED ECONOMETRICS","10.1002/jae.1177",FALSE,"not retrieved",NA,NA
"NON-PARAMETRIC MULTIPLE CHANGE POINT ANALYSIS OF THE GLOBAL FINANCIAL CRISIS",2018,"ANNALS OF FINANCIAL ECONOMICS","10.1142/S2010495218500082",TRUE,"DOI","T1a_core_detection","A"
"COVID-19 INDUCED LOCKDOWN EFFECT ON WHEAT SUPPLY CHAIN AND PRICES IN INDIA - INSIGHTS FROM STATE INTERVENTIONS LED RESILIENCE",2022,"SOCIO-ECONOMIC PLANNING SCIENCES","10.1016/j.seps.2022.101366",TRUE,"DOI","excluded","A"
"EUROPEAN FINANCIAL MARKETS, ENERGY RETURNS AND GEOPOLITICAL RISK: A FREQUENCY DOMAIN SPECTRAL ANALYSIS",2025,"ENERGY ECONOMICS","10.1016/j.eneco.2025.108856",TRUE,"DOI","T1a_core_detection","A"
"ESTIMATION OF LARGE DYNAMIC COVARIANCE MATRICES: A SELECTIVE REVIEW",2024,"ECONOMETRICS AND STATISTICS","10.1016/j.ecosta.2021.04.008",FALSE,"not retrieved",NA,NA
"RESILIENCE OF ARTIFICIAL INTELLIGENCE INDEX AGAINST CONVENTIONAL FINANCIAL MARKET SHOCKS: EVIDENCE FROM NARDL",2025,"JOURNAL OF ECONOMIC AND ADMINISTRATIVE SCIENCES","10.1108/JEAS-06-2025-0381",TRUE,"DOI","T1a_core_detection","A"
"FINANCIAL CRISIS AND A TRANSMISSION MECHANISM OF EXTERNAL SHOCKS: THE SIGNALING ROLE OF THE KOREAN MONETARY STABILIZATION BOND",2013,"JOURNAL OF FINANCIAL STABILITY","10.1016/j.jfs.2012.06.002",TRUE,"DOI","T1a_core_detection","A"
"ON MULTIPLE STRUCTURAL BREAKS IN DISTRIBUTION: AN EMPIRICAL CHARACTERISTIC FUNCTION APPROACH",2023,"ECONOMETRIC THEORY","10.1017/S026646662200010X",TRUE,"DOI","T1a_core_detection","A"
"REGIME-SPECIFIC INTERDEPENDENCIES IN CRYPTOCURRENCY MARKETS: A HIGH-FREQUENCY GMM-VAR APPROACH",2025,"DATA SCIENCE IN FINANCE AND ECONOMICS","10.3934/DSFE.2025017",TRUE,"DOI","T1a_core_detection","A"
"THE VELOCITY OF MONEY AND LESSONS FOR MONETARY POLICY IN NIGERIA: AN APPLICATION OF THE QUANTILE ARDL APPROACH",2024,"JOURNAL OF THE KNOWLEDGE ECONOMY","10.1007/s13132-024-02201-7",TRUE,"DOI","T1a_core_detection","A"
"THE VALUE OF THE US DOLLAR AND ITS IMPACT ON OIL PRICES: EVIDENCE FROM A NON-LINEAR ASYMMETRIC COINTEGRATION APPROACH",2018,"ENERGY ECONOMICS","10.1016/j.eneco.2017.12.027",TRUE,"DOI","T1a_core_detection","A"
"CRUDE INVENTORY ACCOUNTING AND SPECULATION IN THE PHYSICAL OIL MARKET",2017,"ENERGY ECONOMICS","10.1016/j.eneco.2017.03.029",TRUE,"DOI","T1a_core_detection","A"
"TESTING JOINTLY FOR STRUCTURAL CHANGES IN THE ERROR VARIANCE AND COEFFICIENTS OF A LINEAR REGRESSION MODEL",2020,"QUANTITATIVE ECONOMICS","10.3982/QE1332",TRUE,"DOI","T1a_core_detection","A"
"INTERTEMPORAL SUSTAINABILITY OF CURRENT ACCOUNT IMBALANCES: NEW EVIDENCE FROM THE OECD COUNTRIES",2019,"ECONOMIC NOTES","10.1111/ecno.12129",TRUE,"DOI","T1a_core_detection","A"
"SEMI-METRIC PORTFOLIO OPTIMIZATION: A NEW ALGORITHM REDUCING SIMULTANEOUS ASSET SHOCKS",2023,"ECONOMETRICS","10.3390/econometrics11010008",TRUE,"DOI","T1a_core_detection","A"
"FORECASTING IN THE PRESENCE OF IN-SAMPLE AND OUT-OF-SAMPLE BREAKS",2023,"EMPIRICAL ECONOMICS","10.1007/s00181-022-02346-x",FALSE,"not retrieved",NA,NA
"CAUSALITY FROM REAL STOCK RETURNS TO REAL ACTIVITY: EVIDENCE OF REGIME-DEPENDENCE",2010,"INTERNATIONAL JOURNAL OF FINANCE \& ECONOMICS","10.1002/ijfe.383",TRUE,"DOI","T2_regime_switching_modelling","A"
"EXCHANGE RATE MOVEMENTS AND STOCK MARKET RETURNS IN A REGIME-SWITCHING ENVIRONMENT: EVIDENCE FOR BRICS COUNTRIES",2014,"RESEARCH IN INTERNATIONAL BUSINESS AND FINANCE","10.1016/j.ribaf.2013.11.007",TRUE,"DOI","T2_regime_switching_modelling","A"
"A MARKOV SWITCHING SVAR ANALYSIS ON THE RELATIONSHIP BETWEEN EXCHANGE RATE CHANGES AND STOCK RETURNS IN CHINA",2021,"INTERNATIONAL JOURNAL OF EMERGING MARKETS","10.1108/IJOEM-06-2019-0463",TRUE,"DOI","T2_regime_switching_modelling","A"
"EXAMINING CHINESE VOLUME-VOLATILITY NEXUS: A REGIME-SWITCHING PERSPECTIVE",2025,"ECONOMIC MODELLING","10.1016/j.econmod.2024.106983",TRUE,"DOI","T2_regime_switching_modelling","A"
"SHORT SELLING CONSTRAINTS AND STOCK RETURNS VOLATILITY: EMPIRICAL EVIDENCE FROM THE GERMAN STOCK MARKET",2016,"ECONOMIC MODELLING","10.1016/j.econmod.2016.05.025",TRUE,"DOI","T2_regime_switching_modelling","A"
"PERIODICALLY COLLAPSING BUBBLES IN THE SOUTH AFRICAN STOCK MARKET",2016,"RESEARCH IN INTERNATIONAL BUSINESS AND FINANCE","10.1016/j.ribaf.2016.04.010",TRUE,"DOI","T2_regime_switching_modelling","A"
"AN IMPACT ASSESSMENT OF THE COVID-19 PANDEMIC ON JAPANESE AND US HOTEL STOCKS",2023,"FINANCIAL INNOVATION","10.1186/s40854-023-00478-2",TRUE,"DOI","T2_regime_switching_modelling","A"
"REINVESTIGATING THE OIL PRICE-STOCK MARKET NEXUS: EVIDENCE FROM CHINESE INDUSTRY STOCK RETURNS",2018,"CHINA \& WORLD ECONOMY","10.1111/cwe.12242",TRUE,"DOI","T1a_core_detection","A"
"INE OIL FUTURES VOLATILITY PREDICTION: EXCHANGE RATES OR INTERNATIONAL OIL FUTURES VOLATILITY?",2023,"ENERGY ECONOMICS","10.1016/j.eneco.2023.106935",TRUE,"DOI","T2_regime_switching_modelling","A"
"THE IMPACTS OF GLOBAL ECONOMIC POLICY UNCERTAINTY ON STOCK MARKET RETURNS IN REGIME SWITCHING ENVIRONMENT: EVIDENCE FROM SECTORAL PERSPECTIVES",2019,"INTERNATIONAL JOURNAL OF FINANCE \& ECONOMICS","10.1002/ijfe.1702",TRUE,"DOI","T2_regime_switching_modelling","A"
"HOW DOES NEWS SENTIMENT AFFECT THE STATES OF JAPANESE STOCK RETURN VOLATILITY?",2022,"INTERNATIONAL REVIEW OF FINANCIAL ANALYSIS","10.1016/j.irfa.2022.102267",TRUE,"DOI","T2_regime_switching_modelling","A"
"IMPACT OF EXCHANGE RATE ON UNCERTAINTY IN STOCK MARKET: EVIDENCE FROM MARKOV REGIME-SWITCHING GARCH FAMILY MODELS",2020,"COGENT ECONOMICS \& FINANCE","10.1080/23322039.2020.1802806",TRUE,"DOI","T2_regime_switching_modelling","A"
"STOCK MARKET VOLATILITY AND EXCHANGE RATES IN EMERGING COUNTRIES: A MARKOV-STATE SWITCHING APPROACH",2011,"EMERGING MARKETS REVIEW","10.1016/j.ememar.2011.04.003",TRUE,"DOI","T2_regime_switching_modelling","A"
"THE NONLINEAR RELATIONSHIP BETWEEN AUTOCORRELATION AND VOLATILITY: THE CASE OF THE ASIAN FINANCIAL CRISIS",2012,"APPLIED ECONOMICS LETTERS","10.1080/13504851.2011.576997",TRUE,"DOI","T2_regime_switching_modelling","A"
"WHAT DOES VIETNAM GAIN WHEN ITS CURRENCY DEPRECIATES?",2021,"ECONOMIES","10.3390/economies9040185",TRUE,"DOI","T2_regime_switching_modelling","A"
"REGIME-SWITCHING BEHAVIOUR IN THE CONDITIONAL VOLATILITY OF MENA STOCK MARKET RETURNS",2014,"JOURNAL OF EMERGING MARKET FINANCE","10.1177/0972652714552042",TRUE,"DOI","T2_regime_switching_modelling","A"
"TRUE VERSUS SPURIOUS LONG MEMORY: SOME THEORETICAL RESULTS AND A MONTE CARLO COMPARISON",2015,"ECONOMETRIC REVIEWS","10.1080/07474938.2013.808462",TRUE,"DOI","T1a_core_detection","A"
"INTERNATIONAL STOCK MARKET VOLATILITY: A GLOBAL TAIL RISK SIGHT",2024,"JOURNAL OF INTERNATIONAL FINANCIAL MARKETS INSTITUTIONS \& MONEY","10.1016/j.intfin.2023.101904",TRUE,"DOI","T2_regime_switching_modelling","A"
"STOCK MARKET VOLATILITY PREDICTABILITY IN A DATA-RICH WORLD: A NEW INSIGHT",2023,"INTERNATIONAL JOURNAL OF FORECASTING","10.1016/j.ijforecast.2022.08.010",TRUE,"DOI","T2_regime_switching_modelling","A"
"REGIME-SWITCHING PROCESSES AND MEAN-REVERTING VOLATILITY MODELS IN VALUE-AT-RISK ESTIMATION: EVIDENCE FROM THE TAIWAN STOCK INDEX",2020,"EMERGING MARKETS FINANCE AND TRADE","10.1080/1540496X.2019.1609442",TRUE,"DOI","T2_regime_switching_modelling","A"
"ON THE RELATIONSHIP BETWEEN OIL PRICE, EXCHANGE RATE AND STOCK MARKET PERFORMANCE IN SOUTH AFRICA: FURTHER EVIDENCE FROM TIME-VARYING AND REGIME SWITCHING APPROACHES",2022,"COGENT ECONOMICS \& FINANCE","10.1080/23322039.2022.2106629",TRUE,"DOI","T2_regime_switching_modelling","A"
"SENTIMENT-AUGMENTED ASSET PRICING IN BURSA MALAYSIA: A TIME-VARYING MARKOV REGIME-SWITCHING MODEL",2018,"MALAYSIAN JOURNAL OF ECONOMIC STUDIES","10.22452/MJES.vol55no2.8",TRUE,"DOI","T2_regime_switching_modelling","A"
"THE IMPACT OF MONETARY POLICY ON STOCK RETURNS DURING BULL AND BEAR MARKETS: THE EVIDENCE FROM TURKEY",2018,"EGE ACADEMIC REVIEW","10.21121/eab.2018443010",TRUE,"DOI","T2_regime_switching_modelling","A"
"THE IMPACT OF REGIME-SWITCHING BEHAVIOUR OF PRICE VOLATILITY ON EFFICIENCY OF THE US SOVEREIGN DEBT MARKET",2017,"ECONOMIC RESEARCH-EKONOMSKA ISTRAZIVANJA","10.1080/1331677X.2017.1394896",TRUE,"DOI","T2_regime_switching_modelling","A"
"FORECASTING THE CHINESE STOCK MARKET VOLATILITY WITH INTERNATIONAL MARKET VOLATILITIES: THE ROLE OF REGIME SWITCHING",2020,"NORTH AMERICAN JOURNAL OF ECONOMICS AND FINANCE","10.1016/j.najef.2020.101145",TRUE,"DOI","T2_regime_switching_modelling","A"
"MEASURING FINANCIAL MARKET RISK CONTAGION USING DYNAMIC MRS-COPULA MODELS: THE CASE OF CHINESE AND OTHER INTERNATIONAL STOCK MARKETS",2015,"ECONOMIC MODELLING","10.1016/j.econmod.2015.09.021",TRUE,"DOI","T2_regime_switching_modelling","A"
"ASYMMETRIC EFFECTS OF OIL PRICE SHOCKS ON STOCK RETURNS: EVIDENCE FROM A TWO-STAGE MARKOV REGIME-SWITCHING APPROACH",2017,"APPLIED ECONOMICS","10.1080/00036846.2016.1240351",TRUE,"DOI","T2_regime_switching_modelling","A"
"OIL SHOCKS AND STOCK MARKET VOLATILITY: NEW EVIDENCE",2021,"ENERGY ECONOMICS","10.1016/j.eneco.2021.105567",TRUE,"DOI","T2_regime_switching_modelling","A"
"ASYMMETRIC EFFECT OF ADVERTISING ON THE CHINESE STOCK MARKET",2019,"APPLIED ECONOMICS LETTERS","10.1080/13504851.2018.1441506",TRUE,"DOI","T2_regime_switching_modelling","A"
"FINANCIAL CRISIS, MONETARY POLICY, AND STOCK MARKET VOLATILITY IN CHINA",2011,"ANNALS OF ECONOMICS AND FINANCE",NA,TRUE,"DOI","T1a_core_detection","A"
"ON REGIME-SWITCHING EUROPEAN OPTION PRICING",2023,"COGENT ECONOMICS \& FINANCE","10.1080/23322039.2023.2203439",TRUE,"DOI","T2_regime_switching_modelling","A"
"FORECASTING THE REALIZED VOLATILITY OF THE OIL FUTURES MARKET: A REGIME SWITCHING APPROACH",2017,"ENERGY ECONOMICS","10.1016/j.eneco.2017.08.004",TRUE,"DOI","T2_regime_switching_modelling","A"
"ARE CRYPTOCURRENCIES A SAFE HAVEN FOR STOCK INVESTORS? A REGIME-SWITCHING APPROACH",2023,"JOURNAL OF EMPIRICAL FINANCE","10.1016/j.jempfin.2022.12.010",TRUE,"DOI","T2_regime_switching_modelling","A"
"CATEGORIAL ECONOMIC POLICY UNCERTAINTY INDICES OR TWITTER-BASED UNCERTAINTY INDICES? EVIDENCE FROM CHINESE STOCK MARKET",2023,"FINANCE RESEARCH LETTERS","10.1016/j.frl.2023.103936",TRUE,"DOI","T2_regime_switching_modelling","A"
"ASSET PRICES, REGIME SWITCHES, AND MONETARY POLICY: EVIDENCE FROM CHINA",2025,"APPLIED ECONOMICS","10.1080/00036846.2024.2404724",TRUE,"DOI","T2_regime_switching_modelling","A"
"VALUE-AT-RISK UNDER MARKET SHIFTS THROUGH HIGHLY FLEXIBLE MODELS",2018,"JOURNAL OF FORECASTING","10.1002/for.2503",TRUE,"DOI","T2_regime_switching_modelling","A"
"CAUSALITY-IN-VARIANCE BETWEEN THE STOCK MARKET AND MACROECONOMIC VARIABLES IN SINGAPORE",2019,"SINGAPORE ECONOMIC REVIEW","10.1142/S0217590816500363",TRUE,"DOI","T1a_core_detection","A"
"RISK-RETURN TRADEOFF IN US STOCK RETURNS OVER THE BUSINESS CYCLE",2012,"JOURNAL OF FINANCIAL AND QUANTITATIVE ANALYSIS","10.1017/S0022109011000615",TRUE,"DOI","T2_regime_switching_modelling","A"
"VOLATILITY FORECASTING: LONG MEMORY, REGIME SWITCHING AND HETEROSCEDASTICITY",2019,"APPLIED ECONOMICS","10.1080/00036846.2019.1589645",TRUE,"DOI","T2_regime_switching_modelling","A"
"VOLATILITY STATES AND SPILLOVER EFFECTS FOR ASIAN EMERGING MARKETS: MARKOV REGIME SWITCHING MODEL",2012,"ACTUAL PROBLEMS OF ECONOMICS",NA,TRUE,"DOI","T1a_core_detection","A"
"FORECASTING VOLATILITY IN CHINESE CRUDE OIL FUTURES: INSIGHTS FROM VOLATILITY-OF-VOLATILITY AND MARKOV REGIME-SWITCHING APPROACHES",2024,"QUANTITATIVE FINANCE","10.1080/14697688.2024.2434127",TRUE,"DOI","T2_regime_switching_modelling","A"
"FORECASTING STOCK MARKET VOLATILITY WITH REGIME-SWITCHING GARCH-MIDAS: THE ROLE OF GEOPOLITICAL RISKS",2024,"INTERNATIONAL JOURNAL OF FORECASTING","10.1016/j.ijforecast.2022.11.007",TRUE,"DOI","T1a_core_detection","A"
"NONLINEAR RELATIONSHIP BETWEEN MONETARY POLICY AND STOCK RETURNS: EVIDENCE FROM THE US",2023,"GLOBAL FINANCE JOURNAL","10.1016/j.gfj.2022.100796",TRUE,"DOI","T2_regime_switching_modelling","A"
"DO GLOBAL SENTIMENT SHOCKS SPILLOVER TOWARDS EMERGING AND FRONTIER MARKETS?",2020,"JOURNAL OF ECONOMIC STUDIES","10.1108/JES-12-2018-0418",TRUE,"DOI","T2_regime_switching_modelling","A"
"HEDGE RATIO ON MARKOV REGIME-SWITCHING DIAGONAL BEKK-GARCH MODEL",2018,"FINANCE RESEARCH LETTERS","10.1016/frl.2017.06.015",TRUE,"DOI","T2_regime_switching_modelling","A"
"STOCHASTIC VOLATILITY MODEL WITH REGIME-SWITCHING SKEWNESS IN HEAVY-TAILED ERRORS FOR EXCHANGE RATE RETURNS",2013,"STUDIES IN NONLINEAR DYNAMICS AND ECONOMETRICS","10.1515/snde-2012-0021",TRUE,"DOI","T2_regime_switching_modelling","A"
"INTERNATIONAL STOCK MARKET VOLATILITY: A DATA-RICH ENVIRONMENT BASED ON OIL SHOCKS",2023,"JOURNAL OF ECONOMIC BEHAVIOR \& ORGANIZATION","10.1016/j.jebo.2023.08.005",TRUE,"DOI","T2_regime_switching_modelling","A"
"OIL PRICE VOLATILITY AND MACROECONOMIC FUNDAMENTALS: A REGIME SWITCHING GARCH-MIDAS MODEL",2017,"JOURNAL OF EMPIRICAL FINANCE","10.1016/j.jempfin.2017.06.005",TRUE,"DOI","T1a_core_detection","A"
"REGIME-SWITCHING RECOMBINING TREE FOR OPTION PRICING",2010,"INTERNATIONAL JOURNAL OF THEORETICAL AND APPLIED FINANCE","10.1142/S0219024910005863",TRUE,"DOI","T2_regime_switching_modelling","A"
"FORECASTING CRUDE OIL VOLATILITY WITH GEOPOLITICAL RISK: DO TIME-VARYING SWITCHING PROBABILITIES PLAY A ROLE?",2021,"INTERNATIONAL REVIEW OF FINANCIAL ANALYSIS","10.1016/j.irfa.2021.101756",TRUE,"DOI","T2_regime_switching_modelling","A"
"TIME-VARYING RESPONSES OF STOCK RETURNS TO MARKET ILLIQUIDITY: STRESS SCENARIO WITH REGIME-SWITCHING FRAMEWORK",2021,"INTERNATIONAL JOURNAL OF FINANCE \& ECONOMICS","10.1002/ijfe.1866",TRUE,"DOI","T2_regime_switching_modelling","A"
"ON RUIN PROBABILITIES WITH INVESTMENTS IN A RISKY ASSET WITH A REGIME-SWITCHING PRICE",2022,"FINANCE AND STOCHASTICS","10.1007/s00780-022-00483-w",TRUE,"DOI","T2_regime_switching_modelling","A"
"RISK OF INVESTING IN VOLATILITY PRODUCTS: A REGIME-SWITCHING APPROACH",2021,"INVESTMENT ANALYSTS JOURNAL","10.1080/10293523.2020.1814047",TRUE,"DOI","T2_regime_switching_modelling","A"
"REGIME-SWITCHING IN STOCK INDEX AND TREASURY FUTURES RETURNS AND MEASURES OF STOCK MARKET STRESS",2010,"JOURNAL OF FUTURES MARKETS","10.1002/fut.20439",TRUE,"DOI","T2_regime_switching_modelling","A"
"RESPONSES OF INTERNATIONAL STOCK MARKETS TO OIL PRICE SURGES: A REGIME-SWITCHING PERSPECTIVE",2015,"APPLIED ECONOMICS","10.1080/00036846.2015.1030566",TRUE,"DOI","T2_regime_switching_modelling","A"
"REGIME-DEPENDENT EFFECTS OF MACROECONOMIC UNCERTAINTY ON REALIZED VOLATILITY IN THE US STOCK MARKET",2023,"ECONOMIC MODELLING","10.1016/j.econmod.2023.106483",TRUE,"DOI","T2_regime_switching_modelling","A"
"CAN WE DISTINGUISH REGIME SWITCHING FROM LONG MEMORY? A SIMULATION EVIDENCE",2015,"APPLIED ECONOMICS LETTERS","10.1080/13504851.2014.941526",TRUE,"DOI","T2_regime_switching_modelling","A"
"FOREIGN EXCHANGE OPTION PRICING WITH A THREE-FACTOR HESTON MODEL WITH REGIME SWITCHING AND STOCHASTIC INTEREST RATE",2025,"NORTH AMERICAN JOURNAL OF ECONOMICS AND FINANCE","10.1016/j.najef.2025.102470",TRUE,"DOI","T2_regime_switching_modelling","A"
"SUPPLY AND DEMAND DRIVEN OIL PRICE CHANGES AND THEIR NON-LINEAR IMPACT ON PRECIOUS METAL RETURNS: A MARKOV REGIME SWITCHING APPROACH",2018,"ENERGY ECONOMICS","10.1016/j.eneco.2018.05.024",TRUE,"DOI","T2_regime_switching_modelling","A"
"FORECASTING VOLATILITY OF THE NORDIC ELECTRICITY MARKET AN APPLICATION OF THE MSGARCH",2025,"RISKS","10.3390/risks13030058",TRUE,"DOI","T2_regime_switching_modelling","A"
"ASSET PRICES REGIME-SWITCHING AND THE ROLE OF INFLATION TARGETING MONETARY POLICY",2017,"GLOBAL FINANCE JOURNAL","10.1016/j.gfj.2015.12.002",TRUE,"DOI","T2_regime_switching_modelling","A"
"CARRY TRADES AND ENDOGENOUS REGIME SWITCHES IN EXCHANGE RATE VOLATILITY",2019,"JOURNAL OF INTERNATIONAL FINANCIAL MARKETS INSTITUTIONS \& MONEY","10.1016/j.intfin.2018.11.001",TRUE,"DOI","T2_regime_switching_modelling","A"
"VOLATILITY FORECASTING OF CRUDE OIL MARKET: CAN THE REGIME SWITCHING GARCH MODEL BEAT THE SINGLE-REGIME GARCH MODELS?",2019,"INTERNATIONAL REVIEW OF ECONOMICS \& FINANCE","10.1016/j.iref.2018.09.006",TRUE,"DOI","T2_regime_switching_modelling","A"
"REGIME-SWITCHING EFFECT OF COVID-19 PANDEMIC ON STOCK MARKET INDEX: EVIDENCE FROM TURKEY AS AN EMERGING MARKET EXAMPLE",2024,"MACROECONOMICS AND FINANCE IN EMERGING MARKET ECONOMIES","10.1080/17520843.2022.2091825",TRUE,"DOI","T2_regime_switching_modelling","A"
"REGIME-SWITCHING HERD BEHAVIOR: NOVEL EVIDENCE FROM THE CHINESE A-SHARE MARKET",2021,"FINANCE RESEARCH LETTERS","10.1016/j.frl.2020.101652",TRUE,"DOI","T2_regime_switching_modelling","A"
"REGIME SWITCHING BEHAVIOR OF INDIAN VIX AND ITS TIME DEPENDENT CORRELATION WITH SELECT DEVELOPED ECONOMIES",2017,"BUSINESS AND ECONOMIC HORIZONS","10.15208/beh.2017.45",TRUE,"DOI","T2_regime_switching_modelling","A"
"MEASURING FINANCIAL MARKET RISK CONTAGION BETWEEN CHINESE AND OTHER ONE BELT ONE ROAD COUNTRIES' STOCK MARKETS",2025,"SINGAPORE ECONOMIC REVIEW","10.1142/S0217590822500187",TRUE,"DOI","T2_regime_switching_modelling","A"
"A RECURSIVE FORMULA FOR A PARTICIPATING CONTRACT EMBEDDING A SURRENDER OPTION UNDER REGIME-SWITCHING MODEL WITH JUMP RISKS: EVIDENCE FROM STOCK INDICES",2014,"ECONOMIC MODELLING","10.1016/j.econmod.2014.01.011",TRUE,"DOI","T2_regime_switching_modelling","A"
"REGIME-SWITCHING MONETARY POLICY IN CANADA",2010,"JOURNAL OF MACROECONOMICS","10.1016/j.jmacro.2010.01.002",TRUE,"DOI","T2_regime_switching_modelling","A"
"STATE-DEPENDENT SIZE AND VALUE PREMIUM: EVIDENCE FROM A REGIME-SWITCHING ASSET PRICING MODEL",2019,"JOURNAL OF ASSET MANAGEMENT","10.1057/s41260-019-00113-9",TRUE,"DOI","T2_regime_switching_modelling","A"
"OPTIMAL PORTFOLIO SELECTION IN AN ITO-MARKOV ADDITIVE MARKET",2019,"RISKS","10.3390/risks7010034",TRUE,"DOI","T2_regime_switching_modelling","A"
"THE NONLINEAR EFFECT OF OIL PRICE SHOCKS ON FINANCIAL STRESS: EVIDENCE FROM CHINA",2021,"NORTH AMERICAN JOURNAL OF ECONOMICS AND FINANCE","10.1016/j.najef.2020.101317",TRUE,"DOI","T2_regime_switching_modelling","A"
"NEWS SENTIMENT AND STATES OF STOCK RETURN VOLATILITY: EVIDENCE FROM LONG MEMORY AND DISCRETE CHOICE MODELS",2021,"FINANCE RESEARCH LETTERS","10.1016/j.frl.2020.101446",TRUE,"DOI","T2_regime_switching_modelling","A"
"OPTIMAL PORTFOLIO DIVERSIFICATION WITH A MULTI-CHAIN REGIME-SWITCHING SPILLOVER GARCH MODEL",2023,"GLOBAL FINANCE JOURNAL","10.1016/j.gfj.2023.100808",TRUE,"DOI","T2_regime_switching_modelling","A"
"FINANCIAL VARIABLES AND ECONOMIC ACTIVITY IN THE NORDIC COUNTRIES",2015,"INTERNATIONAL REVIEW OF ECONOMICS \& FINANCE","10.1016/j.iref.2014.12.008",TRUE,"DOI","T2_regime_switching_modelling","A"
"STOCHASTIC IDIOSYNCRATIC CASH FLOW RISK AND REAL OPTIONS: IMPLICATIONS FOR STOCK RETURNS",2017,"JOURNAL OF ECONOMIC THEORY","10.1016/j.jet.2016.11.005",TRUE,"DOI","T2_regime_switching_modelling","A"
"FORECASTING TRADING-SESSION RETURN VOLATILITY IN TAIWAN FUTURES MARKET: A PERIODIC REGIME SWITCHING WITH JUMP APPROACH",2024,"ASIA-PACIFIC FINANCIAL MARKETS","10.1007/s10690-023-09415-w",TRUE,"DOI","T2_regime_switching_modelling","A"
"CONDITIONAL MARKOV REGIME SWITCHING MODEL APPLIED TO ECONOMIC MODELLING",2014,"ECONOMIC MODELLING","10.1016/j.econmod.2013.12.007",TRUE,"DOI","T2_regime_switching_modelling","A"
"THE EFFECT OF ECONOMIC POLICY UNCERTAINTY INDEX ON THE INDIAN ECONOMY IN THE WAKE OF COVID-19 PANDEMIC",2024,"JOURNAL OF ECONOMIC AND ADMINISTRATIVE SCIENCES","10.1108/JEAS-08-2021-0172",TRUE,"DOI","T2_regime_switching_modelling","A"
"PRICING DOUBLE BARRIER OPTIONS UNDER A VOLATILITY REGIME-SWITCHING MODEL WITH PSYCHOLOGICAL BARRIERS",2017,"REVIEW OF DERIVATIVES RESEARCH","10.1007/s11147-017-9130-x",TRUE,"DOI","T2_regime_switching_modelling","A"
"TUG-OF-WAR: TIME-VARYING PREDICTABILITY OF STOCK RETURNS AND DIVIDEND GROWTH",2015,"REVIEW OF FINANCE","10.1093/rof/rfu047",TRUE,"DOI","T2_regime_switching_modelling","A"
"REGIME-SWITCHING ANGULAR CORRELATION DIVERSIFICATION",2022,"FINANCE RESEARCH LETTERS","10.1016/j.frl.2022.103233",TRUE,"DOI","T2_regime_switching_modelling","A"
"FORECASTING EXCHANGE RATE VOLATILITY: THE SUPERIOR PERFORMANCE OF CONDITIONAL COMBINATIONS OF TIME SERIES AND OPTION IMPLIED FORECASTS",2012,"JOURNAL OF EMPIRICAL FINANCE","10.1016/j.jempfin.2012.07.001",TRUE,"DOI","T2_regime_switching_modelling","A"
"PREDICTING STOCK RETURNS: A REGIME-SWITCHING COMBINATION APPROACH AND ECONOMIC LINKS",2013,"JOURNAL OF BANKING \& FINANCE","10.1016/j.jbankfin.2013.07.016",TRUE,"DOI","T2_regime_switching_modelling","A"
"ASYMMETRIC AND HIGH-ORDER RISK TRANSMISSION ACROSS VIX AND CHINESE FUTURES MARKETS",2024,"INTERNATIONAL REVIEW OF FINANCIAL ANALYSIS","10.1016/j.irfa.2024.103114",TRUE,"DOI","T1a_core_detection","A"
"EARNINGS QUALITY AND THE HETEROGENEOUS RELATION BETWEEN EARNINGS AND STOCK RETURNS",2017,"REVIEW OF QUANTITATIVE FINANCE AND ACCOUNTING","10.1007/s11156-017-0619-z",TRUE,"DOI","T2_regime_switching_modelling","A"
"THE IMPACT OF DISRUPTIVE TECHNOLOGY ON BANKING UNDER SWITCHING VOLATILITY REGIMES",2023,"TECHNOLOGICAL AND ECONOMIC DEVELOPMENT OF ECONOMY","10.3846/tede.2023.18976",TRUE,"DOI","T2_regime_switching_modelling","A"
"MODELING THE RELATIONSHIP BETWEEN OIL AND USD EXCHANGE RATES: EVIDENCE FROM A REGIME-SWITCHING-QUANTILE REGRESSION APPROACH",2020,"JOURNAL OF MULTINATIONAL FINANCIAL MANAGEMENT","10.1016/j.mulfin.2020.100625",TRUE,"DOI","T2_regime_switching_modelling","A"
"A COMPARATIVE ANALYSIS OF INDEPENDENT DIRECTOR APPOINTMENTS ON STOCK PRICE BEHAVIOUR: AN EMPIRICAL INVESTIGATION BASED ON THE MARKOV REGIME-SWITCHING MODEL?",2013,"APPLIED ECONOMICS","10.1080/00036846.2012.687093",TRUE,"DOI","T2_regime_switching_modelling","A"
"REGIME-SWITCHING PURCHASING POWER PARITY IN LATIN AMERICA: MONTE CARLO UNIT ROOT TESTS WITH DYNAMIC CONDITIONAL SCORE",2016,"APPLIED ECONOMICS","10.1080/00036846.2015.1128076",TRUE,"DOI","T2_regime_switching_modelling","A"
"STOCK RETURNS AND INFLATION IN US: A MS-FITGARCH MODEL",2019,"ECONOMIC COMPUTATION AND ECONOMIC CYBERNETICS STUDIES AND RESEARCH","10.24818/18423264/53.3.19.18",TRUE,"DOI","T2_regime_switching_modelling","A"
"FOREIGN EXCHANGE OPTION PRICING IN THE CURRENCY CYCLE WITH JUMP RISKS",2015,"REVIEW OF QUANTITATIVE FINANCE AND ACCOUNTING","10.1007/s11156-013-0425-1",TRUE,"DOI","T2_regime_switching_modelling","A"
"A CHANGEPOINT ANALYSIS OF EXCHANGE RATE AND COMMODITY PRICE RISKS FOR LATIN AMERICAN STOCK MARKETS",2024,"INTERNATIONAL REVIEW OF ECONOMICS \& FINANCE","10.1016/j.iref.2023.08.021",TRUE,"DOI","T1a_core_detection","A"
"VOLATILITY SPILLOVERS BETWEEN THE US AND CHINA STOCK MARKETS: STRUCTURAL BREAK TEST WITH SYMMETRIC AND ASYMMETRIC GARCH APPROACHES",2010,"GLOBAL ECONOMIC REVIEW","10.1080/1226508X.2010.483834",TRUE,"DOI","T1a_core_detection","A"
"FORECASTING RENEWABLE ENERGY STOCK VOLATILITY USING SHORT AND LONG-TERM MARKOV SWITCHING GARCH-MIDAS MODELS: EITHER, NEITHER OR BOTH?",2022,"ENERGY ECONOMICS","10.1016/j.eneco.2022.106056",TRUE,"DOI","T2_regime_switching_modelling","A"
"CONDITIONAL CO-SKEWNESS AND SAFE-HAVEN CURRENCIES: A REGIME SWITCHING APPROACH",2018,"JOURNAL OF EMPIRICAL FINANCE","10.1016/j.jempfin.2018.06.001",TRUE,"DOI","T2_regime_switching_modelling","A"
"PREDICTABILITY OF STOCK RETURNS OF FINANCIAL COMPANIES AND THE ROLE OF INVESTOR SENTIMENT: A MULTI-COUNTRY ANALYSIS",2015,"JOURNAL OF FINANCIAL STABILITY","10.1016/j.jfs.2015.09.004",TRUE,"DOI","T2_regime_switching_modelling","A"
"AN ANALYTICAL APPROXIMATION FOR EUROPEAN OPTIONS UNDER A HESTON-TYPE MODEL WITH REGIME SWITCHING",2025,"NORTH AMERICAN JOURNAL OF ECONOMICS AND FINANCE","10.1016/j.najef.2025.102500",TRUE,"DOI","T2_regime_switching_modelling","A"
"DOES THE THE RETURN-STATE-VARYING RELATIONSHIP BETWEEN RISK AND RETURN MATTER IN MODELING THE TIME SERIES PROCESS OF STOCK RETURN?",2016,"INTERNATIONAL REVIEW OF ECONOMICS \& FINANCE","10.1016/j.iref.2015.10.018",TRUE,"DOI","T2_regime_switching_modelling","A"
"ASIAN STOCK MARKET VOLATILITY AND ECONOMIC POLICY UNCERTAINTY: THE ROLE OF WORLD AND REGIONAL LEADERS",2024,"JOURNAL OF INTERNATIONAL FINANCIAL MARKETS INSTITUTIONS \& MONEY","10.1016/j.intfin.2023.101928",TRUE,"DOI","T2_regime_switching_modelling","A"
"REAL EXCHANGE RATE MISALIGNMENT AND CURRENCY CRISES",2020,"BULLETIN OF INDONESIAN ECONOMIC STUDIES","10.1080/00074918.2019.1662885",TRUE,"DOI","T2_regime_switching_modelling","A"
"INTERACTIONS BETWEEN REAL ECONOMIC AND FINANCIAL SIDES OF THE US ECONOMY IN A REGIME-SWITCHING ENVIRONMENT",2015,"APPLIED ECONOMICS","10.1080/00036846.2015.1080806",TRUE,"DOI","T2_regime_switching_modelling","A"
"MARKOV MODULATED JUMP-DIFFUSIONS FOR CURRENCY OPTIONS WHEN REGIME SWITCHING RISK IS PRICED",2019,"INTERNATIONAL JOURNAL OF FINANCIAL ENGINEERING","10.1142/S2424786319500385",TRUE,"DOI","T2_regime_switching_modelling","A"
"S\&P 500 VOLATILITY, VOLATILITY REGIMES, AND ECONOMIC UNCERTAINTY",2023,"BULLETIN OF ECONOMIC RESEARCH","10.1111/boer.12406",TRUE,"DOI","T2_regime_switching_modelling","A"
"RETURN DECOMPOSITION OVER THE BUSINESS CYCLE",2022,"JOURNAL OF BANKING \& FINANCE","10.1016/j.jbankfin.2022.106592",TRUE,"DOI","T2_regime_switching_modelling","A"
"SOURCES OF VOLATILITY PERSISTENCE: A CASE STUDY OF THE UK POUND/US DOLLAR EXCHANGE RATE RETURNS",2012,"NORTH AMERICAN JOURNAL OF ECONOMICS AND FINANCE","10.1016/j.najef.2012.02.001",TRUE,"DOI","T2_regime_switching_modelling","A"
"CONDITIONAL MACROECONOMIC AND STOCK MARKET VOLATILITY UNDER REGIME SWITCHING: EMPIRICAL EVIDENCE FROM AFRICA",2024,"QUANTITATIVE FINANCE AND ECONOMICS","10.3934/QFE.2024010",TRUE,"DOI","T2_regime_switching_modelling","A"
"MODELING AND MANAGING STOCK MARKET VOLATILITY USING MRS-MIDAS MODEL",2022,"INTERNATIONAL REVIEW OF ECONOMICS \& FINANCE","10.1016/j.iref.2022.08.001",TRUE,"DOI","T2_regime_switching_modelling","A"
"NON-LINEARITY, PERSISTENCE AND SPILLOVER EFFECTS IN STOCK RETURNS: THE ROLE OF THE VOLATILITY INDEX",2015,"EMPIRICA","10.1007/s10663-014-9266-y",TRUE,"DOI","T2_regime_switching_modelling","A"
"THE EFFECT OF GLOBAL AND REGIONAL STOCK MARKET SHOCKS ON SAFE HAVEN ASSETS",2020,"STRUCTURAL CHANGE AND ECONOMIC DYNAMICS","10.1016/j.strueco.2020.04.004",TRUE,"DOI","T2_regime_switching_modelling","A"
"A HIGH-FREQUENCY ANALYSIS OF THE INTERACTIONS BETWEEN REIT RETURN AND VOLATILITY",2016,"ECONOMIC MODELLING","10.1016/j.econmod.2016.03.022",TRUE,"DOI","T1a_core_detection","A"
"OPTION PRICING UNDER A STRESSED-BETA MODEL",2012,"ANNALS OF FINANCE","10.1007/s10436-009-0141-y",TRUE,"DOI","T2_regime_switching_modelling","A"
"EMPIRICAL ANALYSIS OF THE INTERTEMPORAL RELATIONSHIP BETWEEN DOWNSIDE RISK AND EXPECTED RETURNS: EVIDENCE FROM TIME-VARYING TRANSITION PROBABILITY MODELS",2016,"EUROPEAN FINANCIAL MANAGEMENT","10.1111/eufm.12079",TRUE,"DOI","T2_regime_switching_modelling","A"
"WHAT IS BENEATH THE SURFACE? OPTION PRICING WITH MULTIFREQUENCY LATENT STATES",2015,"JOURNAL OF ECONOMETRICS","10.1016/j.jeconom.2015.02.034",TRUE,"DOI","T2_regime_switching_modelling","A"
"THE RESILIENCE AND VULNERABILITY OF WAEMU STOCK MARKET AMID COVID-19",2025,"COGENT ECONOMICS \& FINANCE","10.1080/23322039.2025.2555413",TRUE,"DOI","T2_regime_switching_modelling","A"
"ON PRICING AND HEDGING OPTIONS IN REGIME-SWITCHING MODELS WITH FEEDBACK EFFECT",2011,"JOURNAL OF ECONOMIC DYNAMICS \& CONTROL","10.1016/j.jedc.2010.12.014",TRUE,"DOI","T2_regime_switching_modelling","A"
"CAPTURING THE RISK DYNAMICS OF THE A-SHARE MARKET BASED ON THE MARKOV REGIME-SWITCHING METHOD",2025,"INTERNATIONAL JOURNAL OF FINANCE \& ECONOMICS","10.1002/ijfe.70108",FALSE,"not retrieved",NA,NA
"THE CYCLICAL BEHAVIOUR OF COMMODITIES",2017,"EUROPEAN JOURNAL OF FINANCE","10.1080/1351847X.2016.1205505",TRUE,"DOI","T2_regime_switching_modelling","A"
"OPTIMAL DYNAMIC FUTURES PORTFOLIO IN A REGIME-SWITCHING MARKET FRAMEWORK",2019,"INTERNATIONAL JOURNAL OF FINANCIAL ENGINEERING","10.1142/S2424786319500348",TRUE,"DOI","T2_regime_switching_modelling","A"
"THE JANUARY EFFECT ACROSS VOLATILITY REGIMES",2011,"QUANTITATIVE FINANCE","10.1080/14697680903540373",TRUE,"DOI","T2_regime_switching_modelling","A"
"FORECASTING EXTREME RISK USING REGIME-SWITCHING GARCH MODELS: A CASE FROM AN ENERGY COMMODITY",2021,"INTERNATIONAL JOURNAL OF EMERGING MARKETS","10.1108/IJOEM-11-2019-0974",TRUE,"DOI","T2_regime_switching_modelling","A"
"THE ASYMMETRIC EFFECTS OF OFFICIAL INTEREST RATE CHANGES ON CHINA'S STOCK MARKET DURING DIFFERENT MARKET REGIMES",2015,"EMERGING MARKETS FINANCE AND TRADE","10.1080/1540496X.2015.1047305",TRUE,"DOI","T2_regime_switching_modelling","A"
"A UNIFIED FRAMEWORK JOINTLY EXPLAINING BUSINESS CONDITIONS, STOCK RETURNS, VOLATILITY AND ``VOLATILITY FEEDBACK NEWS'' EFFECTS",2019,"STUDIES IN NONLINEAR DYNAMICS AND ECONOMETRICS","10.1515/snde-2016-0151",TRUE,"DOI","T2_regime_switching_modelling","A"
"ARE CATEGORICAL EPU INDICES PREDICTABLE FOR CARBON FUTURES VOLATILITY? EVIDENCE FROM THE MACHINE LEARNING METHOD",2023,"INTERNATIONAL REVIEW OF ECONOMICS \& FINANCE","10.1016/j.iref.2022.10.011",TRUE,"DOI","T2_regime_switching_modelling","A"
"ANALYSIS ABOUT THE BLACK-SCHOLES ASSET PRICE UNDER THE REGIME-SWITCHING FRAMEWORK",2023,"INTERNATIONAL REVIEW OF FINANCIAL ANALYSIS","10.1016/j.irfa.2023.102693",TRUE,"DOI","T2_regime_switching_modelling","A"
"ESTIMATING BEHAVIOURAL HETEROGENEITY UNDER REGIME SWITCHING",2012,"JOURNAL OF ECONOMIC BEHAVIOR \& ORGANIZATION","10.1016/j.jebo.2012.02.014",TRUE,"DOI","T2_regime_switching_modelling","A"
"THE LINKAGE BETWEEN AGGREGATE INVESTOR SENTIMENT AND METAL FUTURES RETURNS: A NONLINEAR APPROACH",2015,"QUARTERLY REVIEW OF ECONOMICS AND FINANCE","10.1016/j.qref.2015.02.008",TRUE,"DOI","T2_regime_switching_modelling","A"
"INVESTIGATING LIQUIDITY CONSTRAINTS AS A CHANNEL OF CONTAGION: A REGIME SWITCHING APPROACH",2020,"FINANCIAL INNOVATION","10.1186/s40854-020-00185-2",TRUE,"DOI","T2_regime_switching_modelling","A"
"NONLINEAR ANALYSIS AMONG CRUDE OIL PRICES, STOCK MARKETS' RETURN AND MACROECONOMIC VARIABLES",2013,"INTERNATIONAL REVIEW OF ECONOMICS \& FINANCE","10.1016/j.iref.2013.01.001",TRUE,"DOI","T2_regime_switching_modelling","A"
"CAN WE FORECAST BETTER IN PERIODS OF LOW UNCERTAINTY? THE ROLE OF TECHNICAL INDICATORS",2023,"JOURNAL OF EMPIRICAL FINANCE","10.1016/j.jempfin.2022.12.014",TRUE,"DOI","T2_regime_switching_modelling","A"
"NONLINEAR INVESTIGATIONS OF CHINA'S AGRICULTURAL TRANSFORMATION BASED ON THE STRUCTURAL BREAK REGIME SWITCHING MODEL",2012,"CHINA AGRICULTURAL ECONOMIC REVIEW","10.1108/17561371211196775",TRUE,"DOI","T1a_core_detection","A"
"FORECASTING REALIZED RANGE VOLATILITY: A REGIME-SWITCHING APPROACH",2015,"APPLIED ECONOMICS LETTERS","10.1080/13504851.2015.1031867",TRUE,"DOI","T2_regime_switching_modelling","A"
"REVISITING PORTFOLIO FLOWS - EXCHANGE RATE NEXUS IN EMERGING MARKETS: A MARKOV REGIME SWITCHING MGARCH APPROACH",2021,"MACROECONOMICS AND FINANCE IN EMERGING MARKET ECONOMIES","10.1080/17520843.2020.1814376",TRUE,"DOI","T2_regime_switching_modelling","A"
"PRICING BARRIER OPTIONS BY A REGIME SWITCHING MODEL",2011,"QUANTITATIVE FINANCE","10.1080/14697680903567160",TRUE,"DOI","T2_regime_switching_modelling","A"
"NEWSPAPER-BASED EQUITY UNCERTAINTY OR IMPLIED VOLATILITY INDEX: NEW EVIDENCE FROM OIL MARKET VOLATILITY PREDICTABILITY",2023,"APPLIED ECONOMICS LETTERS","10.1080/13504851.2022.2030459",TRUE,"DOI","T2_regime_switching_modelling","A"
"FORECASTING US STOCK MARKET VOLATILITY: EVIDENCE FROM ESG AND CPU INDICES",2024,"FINANCE RESEARCH LETTERS","10.1016/j.frl.2023.104811",TRUE,"DOI","T2_regime_switching_modelling","A"
"A DUPIRE EQUATION FOR A REGIME-SWITCHING MODEL",2015,"INTERNATIONAL JOURNAL OF THEORETICAL AND APPLIED FINANCE","10.1142/S0219024915500235",TRUE,"DOI","T2_regime_switching_modelling","A"
"DOES NEWS MATTER IN CHINA'S FOREIGN EXCHANGE MARKET? CHINESE RMB VOLATILITY AND PUBLIC INFORMATION ARRIVALS",2017,"INTERNATIONAL REVIEW OF ECONOMICS \& FINANCE","10.1016/j.iref.2017.01.016",TRUE,"DOI","T2_regime_switching_modelling","A"
"ECONOMIC POLICY UNCERTAINTY AS AN INDICATOR OF ABRUPT MOVEMENTS IN THE US STOCK MARKET",2024,"QUARTERLY REVIEW OF ECONOMICS AND FINANCE","10.1016/j.qref.2024.01.002",TRUE,"DOI","T2_regime_switching_modelling","A"
"STRUCTURAL BREAK IN DIFFERENT STOCK INDEX MARKETS IN CHINA?",2023,"NORTH AMERICAN JOURNAL OF ECONOMICS AND FINANCE","10.1016/j.najef.2023.101882",TRUE,"DOI","T1a_core_detection","A"
"CONTAGION AND BOND PRICING: THE CASE OF THE ASEAN REGION",2019,"RESEARCH IN INTERNATIONAL BUSINESS AND FINANCE","10.1016/j.ribaf.2018.08.010",TRUE,"DOI","T2_regime_switching_modelling","A"
"UNCERTAINTY MEASURES AND SECTOR-SPECIFIC REITS IN A REGIME-SWITCHING ENVIRONMENT",2022,"JOURNAL OF REAL ESTATE FINANCE AND ECONOMICS","10.1007/s11146-022-09898-w",TRUE,"DOI","T2_regime_switching_modelling","A"
"TIME-VARYING ENERGY AND STOCK MARKET INTEGRATION IN ASIA",2019,"ENERGY ECONOMICS","10.1016/j.eneco.2019.01.008",TRUE,"DOI","T2_regime_switching_modelling","A"
"PARAMETER ESTIMATION OF AN ASSET PRICE MODEL DRIVEN BY A WEAK HIDDEN MARKOV CHAIN",2011,"ECONOMIC MODELLING","10.1016/j.econmod.2010.10.002",TRUE,"DOI","T2_regime_switching_modelling","A"
"COVID-19 AND STOCK RETURNS: EVIDENCE FROM THE MARKOV SWITCHING DEPENDENCE APPROACH",2023,"RESEARCH IN INTERNATIONAL BUSINESS AND FINANCE","10.1016/j.ribaf.2023.101882",TRUE,"DOI","T2_regime_switching_modelling","A"
"ANALYTIC OPTION PRICING AND RISK MEASURES UNDER A REGIME-SWITCHING GENERALIZED HYPERBOLIC MODEL WITH AN APPLICATION TO EQUITY-LINKED INSURANCE",2017,"QUANTITATIVE FINANCE","10.1080/14697688.2017.1288297",TRUE,"DOI","T2_regime_switching_modelling","A"
"MARKETS CONTAGION DURING FINANCIAL CRISIS: A REGIME-SWITCHING APPROACH",2011,"INTERNATIONAL REVIEW OF ECONOMICS \& FINANCE","10.1016/j.iref.2010.07.009",TRUE,"DOI","T2_regime_switching_modelling","A"
"IMPACT OF EXCHANGE RATE FLUCTUATIONS ON US STOCK MARKET RETURNS",2023,"MANAGERIAL FINANCE","10.1108/MF-08-2022-0387",TRUE,"DOI","T1a_core_detection","A"
"EFFECT OF ECONOMIC POLICY UNCERTAINTY ON STOCK MARKET RETURN AND VOLATILITY UNDER HETEROGENEOUS MARKET CHARACTERISTICS",2022,"INTERNATIONAL REVIEW OF ECONOMICS \& FINANCE","10.1016/j.iref.2022.02.047",TRUE,"DOI","T2_regime_switching_modelling","A"
"WHEN MARKETS FALL DOWN: ARE EMERGING MARKETS ALL THE SAME?",2011,"INTERNATIONAL JOURNAL OF FINANCE \& ECONOMICS","10.1002/ijfe.431",TRUE,"DOI","T2_regime_switching_modelling","A"
"US STOCK MARKET REGIMES AND OIL PRICE SHOCKS",2015,"GLOBAL FINANCE JOURNAL","10.1016/j.gfj.2015.01.006",TRUE,"DOI","T2_regime_switching_modelling","A"
"AN EMPIRICAL ANALYSIS OF THE US STOCK MARKET AND OUTPUT GROWTH VOLATILITY SPILLOVER EFFECTS ON THREE ANGLO-SAXON COUNTRIES",2014,"INTERNATIONAL REVIEW OF APPLIED ECONOMICS","10.1080/02692171.2013.872085",TRUE,"DOI","T2_regime_switching_modelling","A"
"WEATHERING FINANCIAL CRISIS IN CHINA: THE ROLE OF GLOBAL MARKET INTEGRATION",2021,"APPLIED ECONOMICS","10.1080/00036846.2020.1849535",TRUE,"DOI","T2_regime_switching_modelling","A"
"ARE ADVANCED EMERGING MARKET STOCK RETURNS PREDICTABLE? A REGIME-SWITCHING FORECAST COMBINATION APPROACH",2019,"PACIFIC-BASIN FINANCE JOURNAL","10.1016/j.pacfin.2019.02.003",TRUE,"DOI","T1a_core_detection","A"
"RISK SPILLOVERS AND HEDGE STRATEGIES BETWEEN GLOBAL CRUDE OIL MARKETS AND STOCK MARKETS: DO REGIME SWITCHING PROCESSES COMBINING LONG MEMORY AND ASYMMETRY MATTER?",2021,"NORTH AMERICAN JOURNAL OF ECONOMICS AND FINANCE","10.1016/j.najef.2021.101398",TRUE,"DOI","T2_regime_switching_modelling","A"
"A PROBABILISTIC APPROACH FOR THE VALUATION OF VARIANCE SWAPS UNDER STOCHASTIC VOLATILITY WITH JUMP CLUSTERING AND REGIME SWITCHING",2024,"FINANCIAL INNOVATION","10.1186/s40854-024-00640-4",TRUE,"DOI","T2_regime_switching_modelling","A"
"PRICING FOREIGN EQUITY OPTIONS WITH REGIME-SWITCHING",2014,"ECONOMIC MODELLING","10.1016/j.econmod.2013.11.009",TRUE,"DOI","T2_regime_switching_modelling","A"
"MULTIVARIATE REGIME SWITCHING MODEL ESTIMATION AND ASSET ALLOCATION",2023,"COMPUTATIONAL ECONOMICS","10.1007/s10614-021-10203-9",TRUE,"DOI","T2_regime_switching_modelling","A"
"MARKET REGIMES, SECTORIAL INVESTMENTS, AND TIME-VARYING RISK PREMIUMS",2011,"INTERNATIONAL JOURNAL OF MANAGERIAL FINANCE","10.1108/17439131111122120",TRUE,"DOI","T2_regime_switching_modelling","A"
"REGIME DEPENDENT DYNAMICS AND EUROPEAN STOCK MARKETS: IS ASSET ALLOCATION REALLY POSSIBLE?",2015,"EMPIRICA","10.1007/s10663-014-9248-0",TRUE,"DOI","T2_regime_switching_modelling","A"
"HARNESSING THE DECOMPOSED REALIZED MEASURES FOR VOLATILITY FORECASTING: EVIDENCE FROM THE US STOCK MARKET",2021,"INTERNATIONAL REVIEW OF ECONOMICS \& FINANCE","10.1016/j.iref.2020.12.023",TRUE,"DOI","T2_regime_switching_modelling","A"
"CHANGES IN STOCK PRICE VOLATILITY AND MONETARY POLICY REGIMES: EVIDENCE FROM ASIAN COUNTRIES",2012,"EMERGING MARKETS FINANCE AND TRADE","10.2753/REE1540-496X4806S404",TRUE,"DOI","T2_regime_switching_modelling","A"
"UNRAVELING S\&P500 STOCK VOLATILITY AND NETWORKS - AN ENCODING-AND-DECODING APPROACH",2022,"QUANTITATIVE FINANCE","10.1080/14697688.2021.2020327",TRUE,"DOI","T1a_core_detection","A"
"SPECIFICATION ANALYSIS IN REGIME-SWITCHING CONTINUOUS-TIME DIFFUSION MODELS FOR MARKET VOLATILITY",2017,"STUDIES IN NONLINEAR DYNAMICS AND ECONOMETRICS","10.1515/snde-2016-0047",TRUE,"DOI","T2_regime_switching_modelling","A"
"HOUSE PRICE DYNAMICS, CONDITIONAL HIGHER-ORDER MOMENTS, AND DENSITY FORECASTS",2010,"ECONOMIC MODELLING","10.1016/j.econmod.2010.04.007",TRUE,"DOI","T2_regime_switching_modelling","A"
"CHINA `S FUTURES MARKET VOLATILITY AND SECTORAL STOCK MARKET VOLATILITY PREDICTION",2024,"ENERGY ECONOMICS","10.1016/j.eneco.2024.107429",TRUE,"DOI","T2_regime_switching_modelling","A"
"ASSET ALLOCATION AND REGIME SWITCHING ON CROATIAN FINANCIAL MARKET",2016,"CROATIAN OPERATIONAL RESEARCH REVIEW","10.17535/crorr.2016.0014",TRUE,"DOI","T2_regime_switching_modelling","A"
"VARIANCE-GAMMA AND NORMAL-INVERSE GAUSSIAN MODELS: GOODNESS-OF-FIT TO CHINESE HIGH-FREQUENCY INDEX RETURNS",2016,"NORTH AMERICAN JOURNAL OF ECONOMICS AND FINANCE","10.1016/j.najef.2016.02.004",TRUE,"DOI","T2_regime_switching_modelling","A"
"THE TUNISIAN STOCK MARKET INDEX VOLATILITY: LONG MEMORY VS. SWITCHING REGIME",2013,"EMERGING MARKETS REVIEW","10.1016/j.ememar.2013.05.003",TRUE,"DOI","T2_regime_switching_modelling","A"
"REGIME-SWITCHING IN VOLATILITY AND CORRELATION STRUCTURE USING RANGE-BASED MODELS WITH MARKOV-SWITCHING",2013,"ECONOMIC MODELLING","10.1016/j.econmod.2012.11.013",TRUE,"DOI","T2_regime_switching_modelling","A"
"REGIME SWITCHING IN THE PRESENT VALUE MODELS: A BACKWARD-SOLVING METHOD",2020,"FINANCE RESEARCH LETTERS","10.1016/j.frl.2019.02.001",FALSE,"not retrieved",NA,NA
"TIMING DIFFERENCES IN THE IMPACT OF COVID-19 ON PRICE VOLATILITY BETWEEN ASSETS",2022,"FINANCE RESEARCH LETTERS","10.1016/j.frl.2021.102401",TRUE,"DOI","T2_regime_switching_modelling","A"
"A REGIME-SWITCHING ANALYSIS OF PASS-THROUGH",2012,"REVIEW OF WORLD ECONOMICS","10.1007/s10290-012-0120-7",TRUE,"DOI","T2_regime_switching_modelling","A"
"EFFECTIVENESS OF POLICY INTERVENTIONS DURING FINANCIAL CRISES IN CHINA AND RUSSIA: LESSONS FOR THE COVID-19 PANDEMIC",2021,"JOURNAL OF POLICY MODELING","10.1016/j.jpolmod.2021.01.004",TRUE,"DOI","T2_regime_switching_modelling","A"
"RE-EXAMINING THE RISK-RETURN RELATIONSHIP IN EUROPE: LINEAR OR NON-LINEAR TRADE-OFF?",2014,"JOURNAL OF EMPIRICAL FINANCE","10.1016/j.jempfin.2014.05.004",TRUE,"DOI","T2_regime_switching_modelling","A"
"DOES IDIOSYNCRATIC VOLATILITY MATTER IN EMERGING MARKETS? EVIDENCE FROM CHINA",2013,"JOURNAL OF INTERNATIONAL FINANCIAL MARKETS INSTITUTIONS \& MONEY","10.1016/j.intfin.2013.09.002",TRUE,"DOI","T2_regime_switching_modelling","A"
"ON THE SUBPRIME CRISIS AND THE LATIN AMERICAN FINANCIAL MARKETS: A REGIME SWITCHING SKEW-NORMAL APPROACH",2022,"INTERNATIONAL JOURNAL OF FINANCE \& ECONOMICS","10.1002/ijfe.2322",TRUE,"DOI","T1a_core_detection","A"
"VARIANCE AND VOLATILITY SWAPS UNDER A TWO-FACTOR STOCHASTIC VOLATILITY MODEL WITH REGIME SWITCHING",2019,"INTERNATIONAL JOURNAL OF THEORETICAL AND APPLIED FINANCE","10.1142/S0219024919500092",TRUE,"DOI","T2_regime_switching_modelling","A"
"EXCHANGE RATE VOLATILITY AND TURKEY-GERMANY BILATERAL TRADE: AN ASYMMETRY ANALYSIS",2022,"JOURNAL OF INTERNATIONAL TRADE \& ECONOMIC DEVELOPMENT","10.1080/09638199.2021.2022742",TRUE,"DOI","T2_regime_switching_modelling","A"
"MOMENTUM AND MARKET VOLATILITY: A BAYESIAN REGIME-SWITCHING MODEL",2023,"EUROPEAN JOURNAL OF FINANCE","10.1080/1351847X.2022.2062250",TRUE,"DOI","T2_regime_switching_modelling","A"
"DOES PROSPECT THEORY HAVE A CYCLICAL IMPACT ON STOCK RETURNS IN CHINA? EVIDENCE FROM CHINA'S A-SHARE AND B-SHARE MARKETS",2025,"SINGAPORE ECONOMIC REVIEW","10.1142/S0217590825500407",TRUE,"DOI","T2_regime_switching_modelling","A"
"ASSET PRICE BUBBLES AND ECONOMIC WELFARE",2016,"INTERNATIONAL REVIEW OF FINANCIAL ANALYSIS","10.1016/j.irfa.2016.01.011",TRUE,"DOI","T1a_core_detection","A"
"A GENERALIZED ESSCHER TRANSFORM FOR OPTION VALUATION WITH REGIME SWITCHING RISK",2022,"QUANTITATIVE FINANCE","10.1080/14697688.2021.2005251",FALSE,"not retrieved",NA,NA
"REGIME-SWITCHING IN EMERGING MARKET BUSINESS CYCLES: INTEREST RATE VOLATILITY AND SUDDEN STOPS",2019,"JOURNAL OF INTERNATIONAL MONEY AND FINANCE","10.1016/j.jimonfin.2018.12.012",TRUE,"DOI","T2_regime_switching_modelling","A"
"MARKOV REGIME-SWITCHING BETA-T-EGARCH",2017,"APPLIED ECONOMICS","10.1080/00036846.2017.1293794",TRUE,"DOI","T2_regime_switching_modelling","A"
"EFFECTS OF MILA ON THEIR STOCK MARKETS: AN EMPIRICAL ANALYSIS ON MARKET ACTIVITY AND DYNAMIC CORRELATIONS",2022,"INTERNATIONAL JOURNAL OF EMERGING MARKETS","10.1108/IJOEM-12-2019-1070",TRUE,"DOI","T2_regime_switching_modelling","A"
"COMPONENT-DRIVEN REGIME-SWITCHING VOLATILITY",2013,"JOURNAL OF FINANCIAL ECONOMETRICS","10.1093/jjfinec/nbs023",TRUE,"DOI","T2_regime_switching_modelling","A"
"FORECASTING OIL FUTURES REALIZED RANGE-BASED VOLATILITY WITH JUMPS, LEVERAGE EFFECT, AND REGIME SWITCHING: NEW EVIDENCE FROM MIDAS MODELS",2022,"JOURNAL OF FORECASTING","10.1002/for.2837",TRUE,"DOI","T2_regime_switching_modelling","A"
"HETEROGENEOUS IMPACTS OF INTERNATIONAL OIL PRICE SHOCKS ON THE STOCK MARKET - EVIDENCE FROM CHINA",2020,"EMERGING MARKETS FINANCE AND TRADE","10.1080/1540496X.2019.1567263",TRUE,"DOI","T2_regime_switching_modelling","A"
"ASYMMETRIC EFFECTS OF MONETARY POLICY CHANGES ON HOSPITALITY STOCK PERFORMANCE",2014,"TOURISM ECONOMICS","10.5367/te.2013.0282",TRUE,"DOI","T2_regime_switching_modelling","A"
"IS UNCERTAINTY IN THE EUROPEAN STOCK MARKET RESILIENT TO GEOPOLITICAL RISK? A NON-HOMOGENEOUS REGIME-SWITCHING ANALYSIS",2025,"EMPIRICA","10.1007/s10663-025-09651-5",TRUE,"DOI","T2_regime_switching_modelling","A"
"EXTREME MOVEMENTS AND VOLATILITY REGIMES: A COPULA-BASED ENDOGENOUS REGIME SWITCHING PERSPECTIVE",2025,"REVIEW OF QUANTITATIVE FINANCE AND ACCOUNTING","10.1007/s11156-025-01438-w",FALSE,"not retrieved",NA,NA
"ASSESSING THE MULTISCALE ``METEOR SHOWER'' EFFECT FROM OIL TO THE CENTRAL AND EASTERN EUROPEAN STOCK INDICES",2021,"INTERNATIONAL JOURNAL OF FINANCE \& ECONOMICS","10.1002/ijfe.1882",TRUE,"DOI","T2_regime_switching_modelling","A"
"PRICING VARIANCE AND VOLATILITY SWAPS IN A STOCHASTIC VOLATILITY MODEL WITH REGIME SWITCHING: DISCRETE OBSERVATIONS CASE",2013,"QUANTITATIVE FINANCE","10.1080/14697688.2012.676208",TRUE,"DOI","T2_regime_switching_modelling","A"
"NONLINEARITIES AND REGIMES IN CONDITIONAL CORRELATIONS WITH DIFFERENT DYNAMICS",2020,"JOURNAL OF ECONOMETRICS","10.1016/j.jeconom.2019.12.014",TRUE,"DOI","T2_regime_switching_modelling","A"
"BEYOND STOCHASTIC VOLATILITY AND JUMPS IN RETURNS AND VOLATILITY",2013,"JOURNAL OF BUSINESS \& ECONOMIC STATISTICS","10.1080/07350015.2013.747800",TRUE,"DOI","T2_regime_switching_modelling","A"
"BUBBLES AND DEPENDENCE BETWEEN INTERNATIONAL EQUITY MARKETS",2023,"QUANTITATIVE FINANCE","10.1080/14697688.2023.2278508",TRUE,"DOI","T2_regime_switching_modelling","A"
"REVISITING THE MACROECONOMIC VARIABLES AND ECONOMIC GROWTH NEXUS: A MARKOV REGIME-SWITCHING APPROACH",2022,"ECONOMIC JOURNAL OF EMERGING MARKETS","10.20885/ejem.vol14.iss1.art8",TRUE,"DOI","T1b_contextual_detection","A"
"FORECASTING THE VOLATILITY OF THE DOW JONES ISLAMIC STOCK MARKET INDEX: LONG MEMORY VS. REGIME SWITCHING",2016,"INTERNATIONAL REVIEW OF ECONOMICS \& FINANCE","10.1016/j.iref.2016.07.014",TRUE,"DOI","T2_regime_switching_modelling","A"
"HERDING BEHAVIOR IN THE CRYPTOCURRENCY MARKET DURING COVID-19 PANDEMIC: THE ROLE OF MEDIA COVERAGE",2022,"NORTH AMERICAN JOURNAL OF ECONOMICS AND FINANCE","10.1016/j.najef.2022.101752",TRUE,"DOI","T2_regime_switching_modelling","A"
"BAD ENVIRONMENTS, GOOD ENVIRONMENTS: A NON-GAUSSIAN ASYMMETRIC VOLATILITY MODEL",2015,"JOURNAL OF ECONOMETRICS","10.1016/j.jeconom.2014.06.021",TRUE,"DOI","T2_regime_switching_modelling","A"
"REGIME SWITCHING VINE COPULA MODELS FOR GLOBAL EQUITY AND VOLATILITY INDICES",2017,"ECONOMETRICS","10.3390/econometrics5010003",TRUE,"DOI","T2_regime_switching_modelling","A"
"WHAT DRIVES HERDING IN OIL-RICH, DEVELOPING STOCK MARKETS? RELATIVE ROLES OF OWN VOLATILITY AND GLOBAL FACTORS",2014,"NORTH AMERICAN JOURNAL OF ECONOMICS AND FINANCE","10.1016/j.najef.2014.06.009",TRUE,"DOI","T2_regime_switching_modelling","A"
"THE IMPACTS OF REGIME-SWITCHING STRUCTURES AND FAT-TAILED CHARACTERISTICS ON THE RELATIONSHIP BETWEEN INFLATION AND INFLATION UNCERTAINTY",2012,"JOURNAL OF MACROECONOMICS","10.1016/j.jmacro.2011.12.001",TRUE,"DOI","T2_regime_switching_modelling","A"
"ON MODEL ROBUSTNESS OF THE REGIME SWITCHING APPROACH FOR PEGGED FOREIGN EXCHANGE MARKETS",2022,"QUANTITATIVE FINANCE","10.1080/14697688.2022.2054356",TRUE,"DOI","T2_regime_switching_modelling","A"
"SENSITIVITY OF INTEREST RATES TO INFLATION AND EXCHANGE RATE IN POLAND: IMPLICATIONS FOR DIRECT INFLATION TARGETING",2017,"COMPARATIVE ECONOMIC STUDIES","10.1057/s41294-017-0035-3",TRUE,"DOI","T1a_core_detection","A"
"NONLINEAR EXCHANGE RATE DYNAMICS UNDER STOCHASTIC OFFICIAL INTERVENTION",2011,"ECONOMIC MODELLING","10.1016/j.econmod.2011.02.024",TRUE,"DOI","T2_regime_switching_modelling","A"
"AUTOMATION OF THE INDIVIDUALIZED INVESTING STRATEGY FOR AN INVESTMENT ADVISOR ESTABLISHED BY A SEMI-MARKOV REGIME-SWITCHING MODEL",2024,"COMPUTATIONAL ECONOMICS","10.1007/s10614-023-10409-z",TRUE,"DOI","T2_regime_switching_modelling","A"
"HOW SHOULD A LOCAL REGIME-SWITCHING MODEL BE CALIBRATED?",2017,"JOURNAL OF ECONOMIC DYNAMICS \& CONTROL","10.1016/j.jedc.2017.03.005",TRUE,"DOI","T2_regime_switching_modelling","A"
"VIX PRICING IN THE RBERGOMI MODEL UNDER A REGIME SWITCHING CHANGE OF MEASURE",2023,"QUANTITATIVE FINANCE","10.1080/14697688.2023.2178321",FALSE,"not retrieved",NA,NA
"EXTREME-QUANTILE TRACKING FOR FINANCIAL TIME SERIES",2014,"JOURNAL OF ECONOMETRICS","10.1016/j.jeconom.2014.02.007",TRUE,"DOI","T2_regime_switching_modelling","A"
"FORECASTING GDP GROWTH WITH FINANCIAL MARKET DATA IN FINLAND: REVISITING STYLIZED FACTS IN A SMALL OPEN ECONOMY DURING THE FINANCIAL CRISIS",2014,"REVIEW OF FINANCIAL ECONOMICS","10.1016/j.rfe.2013.10.002",TRUE,"DOI","T2_regime_switching_modelling","A"
"OPTION PRICING WITH THRESHOLD MEAN REVERSION",2017,"JOURNAL OF FUTURES MARKETS","10.1002/fut.21795",TRUE,"DOI","T2_regime_switching_modelling","A"
"LONG MEMORY OR REGIME SWITCHING IN VOLATILITY? EVIDENCE FROM HIGH-FREQUENCY RETURNS ON THE US STOCK INDICES",2020,"PACIFIC-BASIN FINANCE JOURNAL","10.1016/j.pacfin.2018.08.013",TRUE,"DOI","T2_regime_switching_modelling","A"
"REGIME-SWITCHING MEASURE OF SYSTEMIC FINANCIAL STRESS",2013,"ANNALS OF FINANCE","10.1007/s10436-012-0194-1",TRUE,"DOI","T2_regime_switching_modelling","A"
"IMPACT OF GOLD AND OIL PRICES ON THE STOCK MARKET IN PAKISTAN",2020,"JOURNAL OF ECONOMICS FINANCE AND ADMINISTRATIVE SCIENCE","10.1108/JEFAS-04-2019-0053",TRUE,"DOI","T1a_core_detection","A"
"FLIGHT-TO-QUALITY IN THE STOCK-BOND RETURN RELATION: A REGIME-SWITCHING COPULA APPROACH",2020,"FINANCIAL MARKETS AND PORTFOLIO MANAGEMENT","10.1007/s11408-020-00361-5",TRUE,"DOI","T2_regime_switching_modelling","A"
"VALUING A GAS-FIRED POWER PLANT: A COMPARISON OF ORDINARY LINEAR MODELS, REGIME-SWITCHING APPROACHES, AND MODELS WITH STOCHASTIC VOLATILITY",2010,"ENERGY ECONOMICS","10.1016/j.eneco.2009.10.001",TRUE,"DOI","T2_regime_switching_modelling","A"
"OPTION PRICING UNDER REGIME SWITCHING: INTEGRATION OVER SIMPLEXES METHOD",2018,"FINANCE RESEARCH LETTERS","10.1016/j.frl.2017.09.021",TRUE,"DOI","T2_regime_switching_modelling","A"
"CONSTANT PROPORTION PORTFOLIO INSURANCE UNDER A REGIME SWITCHING EXPONENTIAL LEVY PROCESS",2013,"INSURANCE MATHEMATICS \& ECONOMICS","10.1016/j.insmatheco.2013.03.001",TRUE,"DOI","T2_regime_switching_modelling","A"
"THE IMPACT OF GLOBAL FINANCIAL MARKET UNCERTAINTY ON THE RISK-RETURN RELATION IN THE STOCK MARKETS OF G7 COUNTRIES",2017,"STUDIES IN ECONOMICS AND FINANCE","10.1108/SEF-05-2013-0069",TRUE,"DOI","T2_regime_switching_modelling","A"
"INTEGRATION VERSUS SEGMENTATION IN CHINA'S STOCK MARKET: AN ANALYSIS OF TIME-VARYING BETA RISKS",2013,"JOURNAL OF INTERNATIONAL FINANCIAL MARKETS INSTITUTIONS \& MONEY","10.1016/j.intfin.2013.01.007",TRUE,"DOI","T2_regime_switching_modelling","A"
"EMPIRICAL ANALYSIS OF STOCK INDICES UNDER A REGIME-SWITCHING MODEL WITH DEPENDENT JUMP SIZE RISKS",2016,"ECONOMIC MODELLING","10.1016/j.econmod.2015.11.016",TRUE,"DOI","T2_regime_switching_modelling","A"
"DYNAMIC ASSET ALLOCATION WITH MULTIPLE REGIME-SWITCHING MARKETS",2023,"INTERNATIONAL JOURNAL OF FINANCE \& ECONOMICS","10.1002/ijfe.2504",TRUE,"DOI","T2_regime_switching_modelling","A"
"IMPACT OF EXCHANGE RATE REGIME REFORM ON ASSET RETURNS IN CHINA",2015,"EUROPEAN JOURNAL OF FINANCE","10.1080/1351847X.2013.838183",TRUE,"DOI","T1a_core_detection","A"
"LONG MEMORY AND REGIME SWITCHING: A SIMULATION STUDY ON THE MARKOV REGIME-SWITCHING ARFIMA MODEL",2015,"JOURNAL OF BANKING \& FINANCE","10.1016/j.jbankfin.2015.08.025",TRUE,"DOI","T2_regime_switching_modelling","A"
"OIL PRICES UNCERTAINTY, ENDOGENOUS REGIME SWITCHING, AND INFLATION ANCHORING",2023,"JOURNAL OF APPLIED ECONOMETRICS","10.1002/jae.2978",TRUE,"DOI","T2_regime_switching_modelling","A"
"ON PRICING BARRIER CONTROL IN A REGIME-SWITCHING REGULATED MARKET",2019,"QUANTITATIVE FINANCE","10.1080/14697688.2018.1480835",TRUE,"DOI","T2_regime_switching_modelling","A"
"WHEN ARE THE EFFECTS OF ECONOMIC POLICY UNCERTAINTY ON OIL-STOCK CORRELATIONS LARGER? EVIDENCE FROM A REGIME-SWITCHING ANALYSIS*",2022,"ECONOMIC MODELLING","10.1016/j.econmod.2022.105941",TRUE,"DOI","T2_regime_switching_modelling","A"
"FINANCIAL ACCOUNT DETERMINANTS OF EXCHANGE RATE REGIME SWITCHING IN DEVELOPING COUNTRIES",2024,"PRAGUE ECONOMIC PAPERS","10.18267/j.pep.852",TRUE,"DOI","T2_regime_switching_modelling","A"
"IDIOSYNCRATIC VOLATILITY, CONDITIONAL LIQUIDITY AND STOCK RETURNS",2018,"INTERNATIONAL REVIEW OF ECONOMICS \& FINANCE","10.1016/j.iref.2017.10.011",TRUE,"DOI","T2_regime_switching_modelling","A"
"GOOD VARIANCE, BAD VARIANCE, AND STOCK RETURN PREDICTABILITY",2021,"INTERNATIONAL JOURNAL OF FINANCE \& ECONOMICS","10.1002/ijfe.2022",TRUE,"DOI","T2_regime_switching_modelling","A"
"A DYNAMIC CONDITIONAL REGIME-SWITCHING GARCH CAPM FOR ENERGY AND FINANCIAL MARKETS",2020,"ENERGY ECONOMICS","10.1016/j.eneco.2019.104577",TRUE,"DOI","T2_regime_switching_modelling","A"
"HEDGING SYSTEMATIC RISK IN THE COMMODITY MARKET WITH A REGIME-SWITCHING MULTIVARIATE ROTATED GENERALIZED AUTOREGRESSIVE CONDITIONAL HETEROSKEDASTICITY MODEL",2018,"JOURNAL OF FUTURES MARKETS","10.1002/fut.21959",TRUE,"DOI","T2_regime_switching_modelling","A"
"A CLOSED-FORM FORMULA FOR PRICING EXCHANGE OPTIONS WITH REGIME SWITCHING STOCHASTIC VOLATILITY AND STOCHASTIC LIQUIDITY",2025,"INTERNATIONAL REVIEW OF FINANCIAL ANALYSIS","10.1016/j.irfa.2025.104159",TRUE,"DOI","T2_regime_switching_modelling","A"
"ANALYTICALLY PRICING EUROPEAN OPTIONS UNDER A NEW TWO-FACTOR HESTON MODEL WITH REGIME SWITCHING",2022,"COMPUTATIONAL ECONOMICS","10.1007/s10614-021-10117-6",TRUE,"DOI","T2_regime_switching_modelling","A"
"REALIZED VOLATILITY FORECASTING OF AGRICULTURAL COMMODITY FUTURES USING LONG MEMORY AND REGIME SWITCHING",2017,"JOURNAL OF FORECASTING","10.1002/for.2443",TRUE,"DOI","T2_regime_switching_modelling","A"
"TIME CHANGING EFFECTS OF EXTERNAL SHOCKS ON MACROECONOMIC FLUCTUATIONS IN PERU: EMPIRICAL APPLICATION USING REGIME-SWITCHING VAR MODELS WITH STOCHASTIC VOLATILITY",2023,"REVIEW OF WORLD ECONOMICS","10.1007/s10290-022-00474-1",TRUE,"DOI","T2_regime_switching_modelling","A"
"SELECTION CRITERIA IN REGIME SWITCHING CONDITIONAL VOLATILITY MODELS",2015,"ECONOMETRICS","10.3390/econometrics3020289",TRUE,"DOI","T2_regime_switching_modelling","A"
"ESTIMATION OF STATE-SPACE MODELS WITH ENDOGENOUS MARKOV REGIME-SWITCHING PARAMETERS",2014,"ECONOMETRICS JOURNAL","10.1111/ectj.12014",TRUE,"DOI","T2_regime_switching_modelling","A"
"PRICING VARIABLE ANNUITY CONTRACT WITH GMAB GUARANTEE UNDER A REGIME SWITCHING LOCAL VOLATILITY MODEL",2025,"COMPUTATIONAL ECONOMICS","10.1007/s10614-024-10764-5",TRUE,"DOI","T2_regime_switching_modelling","A"
"HAS CHINA'S ECONOMY BECOME MORE STABLE AND INERTIAL? NONLINEAR INVESTIGATIONS BASED ON STRUCTURAL BREAK AND DURATION DEPENDENT REGIME SWITCHING MODELS",2011,"ANNALS OF ECONOMICS AND FINANCE",NA,TRUE,"DOI","T1a_core_detection","A"
"REGIME SWITCHING ROUGH HESTON MODEL",2019,"JOURNAL OF FUTURES MARKETS","10.1002/fut.21993",TRUE,"DOI","T2_regime_switching_modelling","A"
"PORTFOLIO OPTIMIZATION FOR A LARGE INVESTOR CONTROLLING MARKET SENTIMENT UNDER PARTIAL INFORMATION",2019,"SIAM JOURNAL ON FINANCIAL MATHEMATICS","10.1137/17M1134317",TRUE,"DOI","T2_regime_switching_modelling","A"
"ASSET ALLOCATION UNDER STOCHASTIC INTEREST RATE WITH REGIME SWITCHING",2012,"ECONOMIC MODELLING","10.1016/j.econmod.2012.03.024",TRUE,"DOI","T2_regime_switching_modelling","A"
"AN ANALYTIC APPROACH FOR PRICING AMERICAN OPTIONS WITH REGIME SWITCHING",2021,"JOURNAL OF RISK AND FINANCIAL MANAGEMENT","10.3390/jrfm14050188",TRUE,"DOI","T2_regime_switching_modelling","A"
"FORECASTING REALISED VOLATILITY USING REGIME-SWITCHING MODELS",2025,"INTERNATIONAL REVIEW OF ECONOMICS \& FINANCE","10.1016/j.iref.2025.104171",TRUE,"DOI","T2_regime_switching_modelling","A"
"MULTI-FACTOR ASSET-PRICING MODELS UNDER MARKOV REGIME SWITCHES: EVIDENCE FROM THE CHINESE STOCK MARKET",2018,"INTERNATIONAL JOURNAL OF FINANCIAL STUDIES","10.3390/ijfs6020054",TRUE,"DOI","T2_regime_switching_modelling","A"
"ASEAN-5 FOREX RATES AND CRUDE OIL: MARKOV REGIME-SWITCHING ANALYSIS",2022,"APPLIED ECONOMICS","10.1080/00036846.2022.2083066",TRUE,"DOI","T2_regime_switching_modelling","A"
"VALUATION OF CHOOSER OPTIONS WITH STATE-DEPENDENT RISKS",2023,"FINANCE RESEARCH LETTERS","10.1016/j.frl.2022.103527",TRUE,"DOI","T2_regime_switching_modelling","A"
"MARKOV-MODULATED JUMP-DIFFUSIONS FOR CURRENCY OPTION PRICING",2010,"INSURANCE MATHEMATICS \& ECONOMICS","10.1016/j.insmatheco.2010.01.003",TRUE,"DOI","T2_regime_switching_modelling","A"
"DOES THE FINANCIAL LEVERAGE EFFECT DEPEND ON VOLATILITY REGIMES?",2021,"FINANCE RESEARCH LETTERS","10.1016/j.frl.2020.101600",TRUE,"DOI","T2_regime_switching_modelling","A"
"GLOBAL ECONOMIC POLICY UNCERTAINTY AND OIL FUTURES VOLATILITY PREDICTION",2023,"FINANCE RESEARCH LETTERS","10.1016/j.frl.2023.103693",TRUE,"DOI","T2_regime_switching_modelling","A"
"ANALYTICALLY PRICING VARIANCE AND VOLATILITY SWAPS UNDER A MARKOV-MODULATED MODEL WITH LIQUIDITY RISKS",2023,"NORTH AMERICAN JOURNAL OF ECONOMICS AND FINANCE","10.1016/j.najef.2023.101918",TRUE,"DOI","T2_regime_switching_modelling","A"
"A DISCUSSION ON THE INNOVATION DISTRIBUTION OF THE MARKOV REGIME-SWITCHING GARCH MODEL",2016,"ECONOMIC MODELLING","10.1016/j.econmod.2015.11.018",TRUE,"DOI","T1a_core_detection","A"
"CORRELATION DYNAMICS AND DETERMINANTS IN INTERNATIONAL SECURITIZED REAL ESTATE MARKETS",2015,"REAL ESTATE ECONOMICS","10.1111/1540-6229.12088",TRUE,"DOI","T2_regime_switching_modelling","A"
"FUNDING LIQUIDITY RISK AND THE LOW-VOLATILITY ANOMALY: EVIDENCE FROM THE TAIWAN STOCK MARKET",2020,"NORTH AMERICAN JOURNAL OF ECONOMICS AND FINANCE","10.1016/j.najef.2019.02.010",TRUE,"DOI","T2_regime_switching_modelling","A"
"WORST-CASE PORTFOLIO OPTIMIZATION IN A MARKET WITH BUBBLES",2016,"INTERNATIONAL JOURNAL OF THEORETICAL AND APPLIED FINANCE","10.1142/S0219024916500096",TRUE,"DOI","T2_regime_switching_modelling","A"
"PUBLIC INFORMATION ARRIVAL AND STOCK RETURN VOLATILITY: EVIDENCE FROM NEWS SENTIMENT AND MARKOV REGIME-SWITCHING APPROACH",2016,"INTERNATIONAL REVIEW OF ECONOMICS \& FINANCE","10.1016/j.iref.2015.12.003",TRUE,"DOI","T2_regime_switching_modelling","A"
"ON FULL CALIBRATION OF HYBRID LOCAL VOLATILITY AND REGIME-SWITCHING MODELS",2018,"JOURNAL OF FUTURES MARKETS","10.1002/fut.21901",TRUE,"DOI","T2_regime_switching_modelling","A"
"PRICING AND HEDGING PERFORMANCE ON PEGGED FX MARKETS BASED ON A REGIME SWITCHING MODEL",2021,"QUANTITATIVE FINANCE","10.1080/14697688.2020.1776378",TRUE,"DOI","T2_regime_switching_modelling","A"
"NORDIC STOCK MARKET PERFORMANCE OF THE TRAVEL AND LEISURE INDUSTRY DURING THE FIRST WAVE OF COVID-19 PANDEMIC",2022,"TOURISM ECONOMICS","10.1177/1354816621990937",TRUE,"DOI","T2_regime_switching_modelling","A"
"A SEMIANALYTICAL FORMULA FOR EUROPEAN OPTIONS UNDER A HYBRID HESTON-COX-INGERSOLL-ROSS MODEL WITH REGIME SWITCHING",2021,"INTERNATIONAL JOURNAL OF FINANCE \& ECONOMICS","10.1002/ijfe.1792",TRUE,"DOI","T2_regime_switching_modelling","A"
"THE RISK-RETURN TRADE-OFF IN EMERGING MARKETS",2012,"EMERGING MARKETS FINANCE AND TRADE","10.2753/REE1540-496X480606",TRUE,"DOI","T2_regime_switching_modelling","A"
"THE REGIME-SWITCHING BEHAVIOUR OF EXCHANGE RATES AND FRONTIER STOCK MARKET PRICES IN SUB-SAHARAN AFRICA",2021,"JOURNAL OF RISK AND FINANCIAL MANAGEMENT","10.3390/jrfm14030122",TRUE,"DOI","T2_regime_switching_modelling","A"
"CAPTURING THE DYNAMICS OF THE CHINA CRUDE OIL FUTURES: MARKOV SWITCHING, CO-MOVEMENT, AND VOLATILITY FORECASTING",2021,"ENERGY ECONOMICS","10.1016/j.eneco.2021.105622",TRUE,"DOI","T2_regime_switching_modelling","A"
"MARKOV SWITCHING INTERNATIONAL CAPITAL ASSET PRICING MODEL, AN EMERGING MARKET CASE: MEXICO",2018,"JOURNAL OF EMERGING MARKET FINANCE","10.1177/0972652717748089",TRUE,"DOI","T2_regime_switching_modelling","A"
"US STOCK RETURNS: ARE THERE SEASONS OF EXCESSES?",2016,"QUANTITATIVE FINANCE","10.1080/14697688.2016.1154596",TRUE,"DOI","T1a_core_detection","A"
"GLOBAL ECONOMIC POLICY UNCERTAINTY AND GOLD FUTURES MARKET VOLATILITY: EVIDENCE FROM MARKOV REGIME-SWITCHING GARCH-MIDAS MODELS",2021,"JOURNAL OF FORECASTING","10.1002/for.2753",TRUE,"DOI","T2_regime_switching_modelling","A"
"A MULTIVARIATE MARKOV REGIME-SWITCHING HIGH-FREQUENCY-BASED VOLATILITY MODEL FOR OPTIMAL FUTURES HEDGING",2017,"JOURNAL OF FUTURES MARKETS","10.1002/fut.21842",TRUE,"DOI","T2_regime_switching_modelling","A"
"TESTING OF BINARY REGIME SWITCHING MODELS USING SQUEEZE DURATION ANALYSIS",2019,"INTERNATIONAL JOURNAL OF FINANCIAL ENGINEERING","10.1142/S2424786319500063",TRUE,"DOI","T2_regime_switching_modelling","A"
"ACCOUNTING FOR REGIME AND PARAMETER UNCERTAINTY IN REGIME-SWITCHING MODELS",2011,"INSURANCE MATHEMATICS \& ECONOMICS","10.1016/j.insmatheco.2011.07.003",TRUE,"DOI","T2_regime_switching_modelling","A"
"FREQUENCY-DEPENDENT REGIME-SWITCHING IN VAR MODELS",2025,"MACROECONOMIC DYNAMICS","10.1017/S1365100524000786",TRUE,"DOI","T2_regime_switching_modelling","A"
"A RECOMBINING TREE METHOD FOR OPTION PRICING WITH STATE-DEPENDENT SWITCHING RATES",2016,"INTERNATIONAL JOURNAL OF THEORETICAL AND APPLIED FINANCE","10.1142/S0219024916500126",TRUE,"DOI","T2_regime_switching_modelling","A"
"DYNAMIC OPTIMAL CAPITAL STRUCTURE WITH REGIME SWITCHING",2015,"ANNALS OF FINANCE","10.1007/s10436-015-0260-6",TRUE,"DOI","T2_regime_switching_modelling","A"
"THE RELATION BETWEEN EARNINGS AND PRICE MOMENTUM: DOES IT VARY ACROSS REGIMES?",2022,"REVIEW OF QUANTITATIVE FINANCE AND ACCOUNTING","10.1007/s11156-021-01021-z",TRUE,"DOI","T2_regime_switching_modelling","A"
"THE CHINESE OIL FUTURES VOLATILITY: EVIDENCE FROM HIGH-LOW ESTIMATOR INFORMATION",2023,"FINANCE RESEARCH LETTERS","10.1016/j.frl.2023.104108",TRUE,"DOI","T2_regime_switching_modelling","A"
"MODIFIED QUASI-LIKELIHOOD RATIO TEST FOR REGIME SWITCHING",2014,"JAPANESE ECONOMIC REVIEW","10.1111/jere.12027",TRUE,"DOI","T2_regime_switching_modelling","A"
"DOES CONVERTIBLE ARBITRAGE RISK EXPOSURE VARY THROUGH TIME?",2018,"REVIEW OF PACIFIC BASIN FINANCIAL MARKETS AND POLICIES","10.1142/S0219091518500261",TRUE,"DOI","T2_regime_switching_modelling","A"
"PRICING VOLATILITY SWAPS IN THE HESTON'S STOCHASTIC VOLATILITY MODEL WITH REGIME SWITCHING: A SADDLEPOINT APPROXIMATION METHOD",2016,"INTERNATIONAL JOURNAL OF FINANCIAL ENGINEERING","10.1142/S2424786316500304",TRUE,"DOI","T2_regime_switching_modelling","A"
"PORTFOLIO ALLOCATION ACROSS VARIANCE RISK PREMIA",2019,"JOURNAL OF RISK FINANCE","10.1108/JRF-06-2019-0107",TRUE,"DOI","T2_regime_switching_modelling","A"
"FINANCIAL STRESS AND OIL MARKET VOLATILITY: NEW EVIDENCE",2023,"APPLIED ECONOMICS LETTERS","10.1080/13504851.2021.1969333",TRUE,"DOI","T2_regime_switching_modelling","A"
"OPTION PRICING UNDER REGIME-SWITCHING MODELS: NOVEL APPROACHES REMOVING PATH-DEPENDENCE",2019,"INSURANCE MATHEMATICS \& ECONOMICS","10.1016/j.insmatheco.2019.04.006",TRUE,"DOI","T2_regime_switching_modelling","A"
"REGIME CHANGES AND FINANCIAL MARKETS",2012,"ANNUAL REVIEW OF FINANCIAL ECONOMICS, VOL 4","10.1146/annurev-financial-110311-101808",TRUE,"DOI","T2_regime_switching_modelling","A"
"A MARKOV REGIME-SWITCHING ARMA APPROACH FOR HEDGING STOCK INDICES",2011,"JOURNAL OF FUTURES MARKETS","10.1002/fut.20465",TRUE,"DOI","T2_regime_switching_modelling","A"
"MODELLING OIL PRICE SHOCKS AND EXCHANGE RATE BEHAVIOUR IN NIGERIA A REGIME-SWITCHING APPROACH",2023,"OPEC ENERGY REVIEW","10.1111/opec.12263",TRUE,"DOI","T1a_core_detection","A"
"VOLATILITY DEPENDENT SMOOTH TRANSITIONS AND ABRUPT SWITCHES: WHY THEY ARE NEEDED FOR BETTER FORECASTING THE FX RATES",2022,"EURASIAN ECONOMIC REVIEW","10.1007/s40822-022-00211-x",TRUE,"DOI","T2_regime_switching_modelling","A"
"A REGIME-SWITCHING HESTON MODEL FOR VIX AND S\&P 500 IMPLIED VOLATILITIES",2014,"QUANTITATIVE FINANCE","10.1080/14697688.2013.814923",TRUE,"DOI","T2_regime_switching_modelling","A"
"PREDICTING VOLATILITY BASED ON INTERVAL REGRESSION MODELS",2022,"JOURNAL OF RISK AND FINANCIAL MANAGEMENT","10.3390/jrfm15120564",TRUE,"DOI","T2_regime_switching_modelling","A"
"MEAN-VARIANCE PORTFOLIO SELECTION WITH ONLY RISKY ASSETS UNDER REGIME SWITCHING",2017,"ECONOMIC MODELLING","10.1016/j.econmod.2016.12.030",TRUE,"DOI","T2_regime_switching_modelling","A"
"OPTION PRICING WITH THRESHOLD DIFFUSION PROCESSES",2016,"NORTH AMERICAN ACTUARIAL JOURNAL","10.1080/10920277.2015.1106953",TRUE,"DOI","T2_regime_switching_modelling","A"
"JOINTLY FORECASTING THE VALUE-AT-RISK AND EXPECTED SHORTFALL OF BITCOIN WITH A REGIME-SWITCHING CAVIAR MODEL",2022,"FINANCE RESEARCH LETTERS","10.1016/j.frl.2022.102826",TRUE,"DOI","T2_regime_switching_modelling","A"
"THE RELATIONSHIP BETWEEN HEDGE FUND PERFORMANCE AND STOCK MARKET SENTIMENT",2018,"REVIEW OF PACIFIC BASIN FINANCIAL MARKETS AND POLICIES","10.1142/S0219091518500169",TRUE,"DOI","T2_regime_switching_modelling","A"
"REGIME SWITCHING AFFINE PROCESSES WITH APPLICATIONS TO FINANCE",2020,"FINANCE AND STOCHASTICS","10.1007/s00780-020-00419-2",TRUE,"DOI","T2_regime_switching_modelling","A"
"OBSERVABLE OR LATENT MARKOV CHAINS FOR SCORE-DRIVEN REGIME-SWITCHING VOLATILITY?",2025,"APPLIED ECONOMICS","10.1080/00036846.2024.2402094",TRUE,"DOI","T2_regime_switching_modelling","A"
"STOCK MARKET VOLATILITY AND EQUITY RETURNS: EVIDENCE FROM A TWO-STATE MARKOV-SWITCHING MODEL WITH REGRESSORS",2012,"JOURNAL OF EMPIRICAL FINANCE","10.1016/j.jempfin.2012.04.011",TRUE,"DOI","T2_regime_switching_modelling","A"
"VOLATILITY DEPENDENCES OF STOCK MARKETS WITH STRUCTURAL BREAKS",2018,"EUROPEAN JOURNAL OF FINANCE","10.1080/1351847X.2018.1476394",TRUE,"DOI","T1a_core_detection","A"
"DOES THE STOCK MARKET DRIVE HERD BEHAVIOR IN COMMODITY FUTURES MARKETS?",2015,"INTERNATIONAL REVIEW OF FINANCIAL ANALYSIS","10.1016/j.irfa.2015.02.006",TRUE,"DOI","T2_regime_switching_modelling","A"
"MARKET DYNAMICS, CYCLICAL PATTERNS AND MARKET STATES IS THERE A DIFFERENCE BETWEEN DIGITAL CURRENCIES MARKETS?",2020,"STUDIES IN ECONOMICS AND FINANCE","10.1108/SEF-08-2019-0302",TRUE,"DOI","T2_regime_switching_modelling","A"
"PRICING S\&P500 BARRIER PUT OPTION OF AMERICAN TYPE UNDER HESTON-CIR MODEL WITH REGIME-SWITCHING",2019,"INTERNATIONAL JOURNAL OF FINANCIAL ENGINEERING","10.1142/S2424786319500142",TRUE,"DOI","T2_regime_switching_modelling","A"
"A MULTIVARIATE REGIME-SWITCHING GARCH MODEL WITH AN APPLICATION TO GLOBAL STOCK MARKET AND REAL ESTATE EQUITY RETURNS",2018,"STUDIES IN NONLINEAR DYNAMICS AND ECONOMETRICS","10.1515/snde-2016-0019",TRUE,"DOI","T2_regime_switching_modelling","A"
"A COMPONENT MARKOV REGIME-SWITCHING AUTOREGRESSIVE CONDITIONAL RANGE MODEL",2022,"BULLETIN OF ECONOMIC RESEARCH","10.1111/boer.12314",TRUE,"DOI","T2_regime_switching_modelling","A"
"DEVELOPING A REGIME-SWITCHING PRESENT VALUE MODEL: SWITCHING FUNDAMENTALS AND BUBBLES",2022,"INTERNATIONAL ECONOMIC JOURNAL","10.1080/10168737.2022.2142645",TRUE,"DOI","T2_regime_switching_modelling","A"
"INTERNATIONAL PORTFOLIO FLOWS AND EXCHANGE RATE VOLATILITY IN EMERGING ASIAN MARKETS",2017,"JOURNAL OF INTERNATIONAL MONEY AND FINANCE","10.1016/j.jimonfin.2017.03.002",TRUE,"DOI","T2_regime_switching_modelling","A"
"PRICING DERIVATIVES WITH MODELING CO2 EMISSION ALLOWANCE USING A REGIME-SWITCHING JUMP DIFFUSION MODEL: WITH REGIME-SWITCHING RISK PREMIUM",2016,"EUROPEAN JOURNAL OF FINANCE","10.1080/1351847X.2015.1050526",TRUE,"DOI","T2_regime_switching_modelling","A"
"A REGIME SWITCHING APPROACH FOR HEDGING TANKER SHIPPING FREIGHT RATES",2015,"ENERGY ECONOMICS","10.1016/j.eneco.2015.01.004",TRUE,"DOI","T2_regime_switching_modelling","A"
"VOLATILITY REGIMES IN CENTRAL AND EASTERN EUROPEAN COUNTRIES' EXCHANGE RATES",2010,"FINANCE A UVER-CZECH JOURNAL OF ECONOMICS AND FINANCE",NA,TRUE,"DOI","T1a_core_detection","A"
"DYNAMIC CURRENCY LINKAGES AND THEIR DETERMINANTS: AN EMPIRICAL STUDY FOR EAST ASIAN ECONOMIC COMMUNITY REGION",2018,"EMERGING MARKETS FINANCE AND TRADE","10.1080/1540496X.2017.1380621",TRUE,"DOI","T2_regime_switching_modelling","A"
"SOFT COMMODITY VOLATILITY PREDICTION: A PERSPECTIVE OF CLIMATE RISK CONCERNS",2025,"FINANCE RESEARCH LETTERS","10.1016/j.frl.2025.108049",TRUE,"DOI","T2_regime_switching_modelling","A"
"EVALUATING CURRENCY CRISES: A MULTIVARIATE MARKOV REGIME SWITCHING APPROACH",2013,"MANCHESTER SCHOOL","10.1111/j.1467-9957.2012.02259.x",TRUE,"DOI","T2_regime_switching_modelling","A"
"MARKOV REGIME-SWITCHING IN PRICING EQUITY-LINKED SECURITIES: AN EMPIRICAL STUDY FOR LOSSES IN HSCEI-LINKED PRODUCTS",2025,"FINANCE RESEARCH LETTERS","10.1016/j.frl.2025.106929",TRUE,"DOI","T2_regime_switching_modelling","A"
"THE REGIME SWITCHING PORTFOLIOS",2011,"ASIA-PACIFIC FINANCIAL MARKETS","10.1007/s10690-010-9129-x",TRUE,"DOI","T2_regime_switching_modelling","A"
"OPTIMAL INVESTMENT AND REINSURANCE STRATEGIES FOR AN INSURER WITH REGIME-SWITCHING",2024,"MATHEMATICS AND FINANCIAL ECONOMICS","10.1007/s11579-024-00374-y",TRUE,"DOI","T2_regime_switching_modelling","A"
"ON STOCK MARKET ILLIQUIDITY AND REAL-TIME GDP GROWTH",2014,"JOURNAL OF INTERNATIONAL MONEY AND FINANCE","10.1016/j.jimonfin.2014.02.006",TRUE,"DOI","T2_regime_switching_modelling","A"
"IN THE SHADOW OF THE UNITED STATES: THE INTERNATIONAL TRANSMISSION EFFECT OF ASSET RETURNS",2013,"PACIFIC ECONOMIC REVIEW","10.1111/1468-0106.12008",TRUE,"DOI","T2_regime_switching_modelling","A"
"LONG MEMORY OR STRUCTURAL BREAK? EMPIRICAL EVIDENCES FROM INDEX VOLATILITY IN STOCK MARKET",2019,"CHINA FINANCE REVIEW INTERNATIONAL","10.1108/CFRI-11-2017-0222",TRUE,"DOI","T1a_core_detection","A"
"FORECASTING STOCK VOLATILITY WITH ECONOMIC POLICY UNCERTAINTY: A SMOOTH TRANSITION GARCH-MIDAS MODEL",2023,"INTERNATIONAL REVIEW OF FINANCIAL ANALYSIS","10.1016/j.irfa.2023.102708",TRUE,"DOI","T1a_core_detection","A"
"ASSET PRICE AND MONETARY POLICY: THE EFFECT OF EXPECTATIONS FORMATION",2015,"OXFORD ECONOMIC PAPERS-NEW SERIES","10.1093/oep/gpu045",TRUE,"DOI","T2_regime_switching_modelling","A"
"OPTIMAL INVESTMENT AND CONSUMPTION STRATEGIES WITH STATE-DEPENDENT UTILITY FUNCTIONS AND UNCERTAIN TIME-HORIZON",2013,"ECONOMIC MODELLING","10.1016/j.econmod.2013.04.044",TRUE,"DOI","T2_regime_switching_modelling","A"
"CANADIAN STOCK MARKET VOLATILITY UNDER COVID-19",2022,"INTERNATIONAL REVIEW OF ECONOMICS \& FINANCE","10.1016/j.iref.2021.09.015",TRUE,"DOI","T1a_core_detection","A"
"FORECASTING VAR MODELS UNDER DIFFERENT VOLATILITY PROCESSES AND DISTRIBUTIONS OF RETURN INNOVATIONS",2014,"JOURNAL OF FORECASTING","10.1002/for.2303",TRUE,"DOI","T2_regime_switching_modelling","A"
"THE IMPACT OF MACROECONOMIC AND CONVENTIONAL STOCK MARKET VARIABLES ON ISLAMIC INDEX RETURNS UNDER REGIME SWITCHING",2017,"BORSA ISTANBUL REVIEW","10.1016/j.bir.2016.09.003",TRUE,"DOI","T2_regime_switching_modelling","A"
"FORECASTING CLIMATE-SENSITIVE INDUSTRIES' VOLATILITY: A REGIME-SWITCHING GARCH-MIDAS APPROACH WITH MULTIPLE CLIMATE RISK INDICATORS",2025,"INTERNATIONAL REVIEW OF FINANCIAL ANALYSIS","10.1016/j.irfa.2025.104412",TRUE,"DOI","T2_regime_switching_modelling","A"
"MONETARY SHOCK MEASUREMENT AND STOCK MARKETS",2022,"JOURNAL OF MONEY CREDIT AND BANKING","10.1111/jmcb.12873",TRUE,"DOI","T2_regime_switching_modelling","A"
"ANALYSIS OF CONTAGION FROM THE DYNAMIC CONDITIONAL CORRELATION MODEL WITH MARKOV REGIME SWITCHING",2016,"APPLIED ECONOMICS","10.1080/00036846.2015.1119794",TRUE,"DOI","T2_regime_switching_modelling","A"
"A FLEXIBLE REGIME-SWITCHING FRAMEWORK FOR FOREIGN EXCHANGE DYNAMICS",2025,"STUDIES IN ECONOMICS AND FINANCE","10.1108/SEF-08-2024-0510",TRUE,"DOI","T2_regime_switching_modelling","A"
"NONLINEARITY IN CAP-AND-TRADE SYSTEMS: THE EUA PRICE AND ITS FUNDAMENTALS",2013,"ENERGY ECONOMICS","10.1016/j.eneco.2013.05.022",TRUE,"DOI","T2_regime_switching_modelling","A"
"OPTIMAL HEDGING IN CARBON EMISSION MARKETS USING MARKOV REGIME SWITCHING MODELS",2016,"JOURNAL OF INTERNATIONAL FINANCIAL MARKETS INSTITUTIONS \& MONEY","10.1016/j.intfin.2016.03.003",TRUE,"DOI","T2_regime_switching_modelling","A"
"DIVIDEND OPTIMIZATION FOR A REGIME-SWITCHING DIFFUSION MODEL WITH RESTRICTED DIVIDEND RATES",2014,"ASTIN BULLETIN","10.1017/asb.2014.2",TRUE,"DOI","T2_regime_switching_modelling","A"
"A REGIME-SWITCHING REAL-TIME COPULA GARCH MODEL FOR OPTIMAL FUTURES HEDGING",2022,"INTERNATIONAL REVIEW OF FINANCIAL ANALYSIS","10.1016/j.irfa.2022.102395",TRUE,"DOI","T2_regime_switching_modelling","A"
"AN EFFICIENT SEQUENTIAL LEARNING ALGORITHM IN REGIME-SWITCHING ENVIRONMENTS",2019,"STUDIES IN NONLINEAR DYNAMICS AND ECONOMETRICS","10.1515/snde-2018-0016",TRUE,"DOI","T2_regime_switching_modelling","A"
"A NEW APPROACH TO MODEL REGIME SWITCHING",2017,"JOURNAL OF ECONOMETRICS","10.1016/j.jeconom.2016.09.005",TRUE,"DOI","T2_regime_switching_modelling","A"
"INFLATION VOLATILITY WITH REGIME SWITCHING",2019,"OXFORD BULLETIN OF ECONOMICS AND STATISTICS","10.1111/obes.12313",TRUE,"DOI","T2_regime_switching_modelling","A"
"REGIME SWITCHES IN EXCHANGE RATE VOLATILITY AND UNCOVERED INTEREST PARITY",2011,"JOURNAL OF INTERNATIONAL MONEY AND FINANCE","10.1016/j.jimonfin.2011.07.003",TRUE,"DOI","T2_regime_switching_modelling","A"
"NONLINEARITIES AND TESTS OF ASSET PRICE BUBBLES",2016,"EMPIRICAL ECONOMICS","10.1007/s00181-015-0976-1",TRUE,"DOI","T2_regime_switching_modelling","A"
"STRUCTURAL CHANGE IN THE CORRELATION, RETURN AND VOLATILITY SPILLOVERS: EVIDENCE FROM THE OIL, STOCK AND EXCHANGE RATE MARKETS IN THE UNITED STATES",2022,"ECONOMIC RESEARCH-EKONOMSKA ISTRAZIVANJA","10.1080/1331677X.2022.2054453",TRUE,"DOI","T1a_core_detection","A"
"MODELING DEPENDENCE DYNAMICS THROUGH COPULAS WITH REGIME SWITCHING",2012,"INSURANCE MATHEMATICS \& ECONOMICS","10.1016/j.insmatheco.2012.01.001",TRUE,"DOI","T2_regime_switching_modelling","A"
"REGIME SHIFTS AND VOLATILITY IN BRIICKS STOCK MARKETS: AN ASSET ALLOCATION PERSPECTIVE",2015,"INTERNATIONAL JOURNAL OF EMERGING MARKETS","10.1108/IJoEM-02-2013-0022",TRUE,"DOI","T2_regime_switching_modelling","A"
"EQUITY-LINKED ANNUITY PRICING WITH CLIQUET-STYLE GUARANTEES IN REGIME-SWITCHING AND STOCHASTIC VOLATILITY MODELS WITH JUMPS",2017,"INSURANCE MATHEMATICS \& ECONOMICS","10.1016/j.insmatheco.2017.02.010",TRUE,"DOI","T2_regime_switching_modelling","A"
"THE EFFECTS OF THE SUBPRIME CRISIS ON THE LATIN AMERICAN FINANCIAL MARKETS: AN EMPIRICAL ASSESSMENT",2011,"ECONOMIC MODELLING","10.1016/j.econmod.2011.04.012",TRUE,"DOI","T2_regime_switching_modelling","A"
"PRICING A SPECIFIC EQUITY INDEX ANNUITY IN A REGIME-SWITCHING LEVY MODEL WITH JUMP",2023,"COMPUTATIONAL ECONOMICS","10.1007/s10614-022-10238-6",TRUE,"DOI","T2_regime_switching_modelling","A"
"EXPLORING THE PRICE DYNAMICS OF CO2 EMISSIONS ALLOWANCES IN CHINA'S EMISSIONS TRADING SCHEME PILOTS",2017,"ENERGY ECONOMICS","10.1016/j.eneco.2017.07.006",TRUE,"DOI","T2_regime_switching_modelling","A"
"A MS SHARV-MIDAS MODEL: A NEW REGIME-SWITCHING MODEL FOR VOLATILITY FORECASTING",2025,"APPLIED ECONOMICS LETTERS","10.1080/13504851.2024.2356003",TRUE,"DOI","T1a_core_detection","A"
"MODELING THE DYNAMICS BETWEEN STOCK PRICE AND DIVIDEND: AN ENDOGENOUS REGIME SWITCHING APPROACH",2018,"KOREAN ECONOMIC REVIEW",NA,TRUE,"DOI","T1a_core_detection","A"
"OIL PRICE VOLATILITY AND STOCK RETURNS IN THE G7 ECONOMIES",2016,"ENERGY ECONOMICS","10.1016/j.eneco.2016.01.002",TRUE,"DOI","T1a_core_detection","A"
"CLARIFYING THE RESPONSE OF GOLD RETURN TO FINANCIAL INDICATORS: AN EMPIRICAL COMPARATIVE ANALYSIS USING ORDINARY LEAST SQUARES, ROBUST AND QUANTILE REGRESSIONS",2019,"JOURNAL OF RISK AND FINANCIAL MANAGEMENT","10.3390/jrfm12010033",TRUE,"DOI","T1a_core_detection","A"
"THE DURATION ANALYSIS OF STRUCTURAL BREAKS: IS STABILITY DESTABILIZING?",2015,"APPLIED ECONOMICS","10.1080/00036846.2014.985370",TRUE,"DOI","T1a_core_detection","A"
"WHEN TIMING MATTERS: REGIME-DEPENDENT DELAYS IN EXCHANGE RATE FUNDAMENTALS",2025,"FINANCE RESEARCH LETTERS","10.1016/j.frl.2025.108941",TRUE,"DOI","T2_regime_switching_modelling","A"
"THE TIME-VARYING EFFECTS OF OIL PRICES ON OIL-GAS STOCK RETURNS OF THE FRAGILE FIVE COUNTRIES",2021,"FINANCIAL INNOVATION","10.1186/s40854-020-00224-y",TRUE,"DOI","T1a_core_detection","A"
"TESTING CAPM USING MARKOV SWITCHING MODEL: THE CASE OF COAL FIRMS",2010,"ECONOMIC RESEARCH-EKONOMSKA ISTRAZIVANJA","10.1080/1331677X.2010.11517411",TRUE,"DOI","T2_regime_switching_modelling","A"
"VULNERABLE OPTIONS WITH REGIME SWITCHING AND STOCHASTIC LIQUIDITY",2024,"QUARTERLY REVIEW OF ECONOMICS AND FINANCE","10.1016/j.qref.2024.101930",TRUE,"DOI","T2_regime_switching_modelling","A"
"A REDUCED LATTICE MODEL FOR OPTION PRICING UNDER REGIME-SWITCHING",2014,"REVIEW OF QUANTITATIVE FINANCE AND ACCOUNTING","10.1007/s11156-013-0357-9",TRUE,"DOI","T2_regime_switching_modelling","A"
"EMERGING MARKETS AND STOCK MARKET BUBBLES: NONLINEAR SPECULATION?",2010,"EMERGING MARKETS FINANCE AND TRADE","10.2753/REE1540-496X460402",TRUE,"DOI","T2_regime_switching_modelling","A"
"ENDOGENOUS VS EXOGENOUS FLUCTUATIONS: UNVEILING THE IMPACT OF HETEROGENEOUS EXPECTATIONS",2025,"MACROECONOMIC DYNAMICS","10.1017/S1365100525100345",TRUE,"DOI","T2_regime_switching_modelling","A"
"THE REGIME-SWITCHING STRUCTURAL DEFAULT RISK MODEL",2024,"RISKS","10.3390/risks12030048",TRUE,"DOI","T2_regime_switching_modelling","A"
"THE FREQUENCY OF REGIME SWITCHING IN FINANCIAL MARKET VOLATILITY",2015,"JOURNAL OF EMPIRICAL FINANCE","10.1016/j.jempfin.2015.03.005",TRUE,"DOI","T1a_core_detection","A"
"ASYMMETRIC CORRELATION AND VOLATILITY DYNAMICS AMONG STOCK, BOND, AND SECURITIZED REAL ESTATE MARKETS",2012,"JOURNAL OF REAL ESTATE FINANCE AND ECONOMICS","10.1007/s11146-010-9265-0",TRUE,"DOI","T1a_core_detection","A"
"DISCUSSIONS ON THE ZERO-DRIFT GARCH MODEL: EVIDENCE FROM AN MARKOV REGIME-SWITCHING EXTENSION",2021,"FINANCE RESEARCH LETTERS","10.1016/j.frl.2020.101713",TRUE,"DOI","T2_regime_switching_modelling","A"
"PRICING EXOTIC OPTIONS IN A REGIME SWITCHING ECONOMY: A FOURIER TRANSFORM METHOD",2018,"REVIEW OF DERIVATIVES RESEARCH","10.1007/s11147-017-9139-1",FALSE,"not retrieved",NA,NA
"STOCK INDEX HEDGING USING A TREND AND VOLATILITY REGIME-SWITCHING MODEL INVOLVING HEDGING COST",2017,"INTERNATIONAL REVIEW OF ECONOMICS \& FINANCE","10.1016/j.iref.2016.10.016",TRUE,"DOI","T2_regime_switching_modelling","A"
"OPTIMAL QUANTILE HEDGING UNDER MARKOV REGIME SWITCHING",2021,"EMPIRICAL ECONOMICS","10.1007/s00181-020-01831-5",TRUE,"DOI","T2_regime_switching_modelling","A"
"SYMMETRIC AND ASYMMETRIC EFFECTS OF CRUDE OIL PRICE AND EXCHANGE RATE ON STOCK MARKET PERFORMANCE IN NIGERIA: EVIDENCE FROM MULTIPLE STRUCTURAL BREAK AND NARDL ANALYSIS",2021,"JOURNAL OF INTERNATIONAL TRADE \& ECONOMIC DEVELOPMENT","10.1080/09638199.2021.1918223",TRUE,"DOI","T1a_core_detection","A"
"AN ANALYTICAL APPROXIMATION FORMULA FOR EUROPEAN OPTION PRICING UNDER A NEW STOCHASTIC VOLATILITY MODEL WITH REGIME-SWITCHING",2016,"JOURNAL OF ECONOMIC DYNAMICS \& CONTROL","10.1016/j.jedc.2016.08.002",TRUE,"DOI","T2_regime_switching_modelling","A"
"THE ROLE OF HETEROGENEOUS EXPECTATIONS IN FORWARD EXCHANGE MARKET",2013,"APPLIED ECONOMICS LETTERS","10.1080/13504851.2012.714061",TRUE,"DOI","T2_regime_switching_modelling","A"
"A HYBRID MARKOV CHAIN-TREE VALUATION FRAMEWORK FOR STOCHASTIC VOLATILITY JUMP DIFFUSION MODELS",2018,"INTERNATIONAL JOURNAL OF FINANCIAL ENGINEERING","10.1142/S2424786318500391",TRUE,"DOI","T2_regime_switching_modelling","A"
"REGIME SHIFTS IN THE BEHAVIOUR OF INTERNATIONAL CURRENCY AND EQUITY MARKETS: A MARKOV-SWITCHING ANALYSIS",2021,"JOURNAL OF QUANTITATIVE ECONOMICS","10.1007/s40953-021-00273-9",TRUE,"DOI","T2_regime_switching_modelling","A"
"PRICING ANNUITY GUARANTEES UNDER A DOUBLE REGIME-SWITCHING MODEL",2015,"INSURANCE MATHEMATICS \& ECONOMICS","10.1016/j.insmatheco.2015.02.005",TRUE,"DOI","T2_regime_switching_modelling","A"
"EXPLICIT SOLUTIONS OF OPTIMAL CONSUMPTION, INVESTMENT AND INSURANCE PROBLEMS WITH REGIME SWITCHING",2014,"INSURANCE MATHEMATICS \& ECONOMICS","10.1016/j.insmatheco.2014.07.006",TRUE,"DOI","T2_regime_switching_modelling","A"
"PERFORMANCE OF FIXED-INCOME MUTUAL FUNDS WITH REGIME-SWITCHING MODELS",2018,"QUARTERLY REVIEW OF ECONOMICS AND FINANCE","10.1016/j.qref.2018.03.005",TRUE,"DOI","T2_regime_switching_modelling","A"
"REGIME-SWITCHING MODELS FOR EXCHANGE RATES",2015,"EUROPEAN JOURNAL OF FINANCE","10.1080/1351847X.2014.904240",TRUE,"DOI","T2_regime_switching_modelling","A"
"MONETARY POLICY REACTIONS AND THE EXCHANGE RATE: A REGIME-SWITCHING STRUCTURAL VAR FOR CANADA",2013,"INTERNATIONAL REVIEW OF APPLIED ECONOMICS","10.1080/02692171.2012.752446",TRUE,"DOI","T2_regime_switching_modelling","A"
"A REGIME SWITCHING SKEW-NORMAL MODEL OF CONTAGION",2019,"STUDIES IN NONLINEAR DYNAMICS AND ECONOMETRICS","10.1515/snde-2017-0001",TRUE,"DOI","T2_regime_switching_modelling","A"
"HETEROGENEOUS IMPACT OF ECONOMIC AND POLITICAL UNCERTAINTY ON GREEN BOND VOLATILITY: EVIDENCE FROM THE MRS-GARCH-MIDAS-SKEWED T MODEL",2024,"INTERNATIONAL REVIEW OF FINANCIAL ANALYSIS","10.1016/j.irfa.2024.103461",TRUE,"DOI","T2_regime_switching_modelling","A"
"A FLEXIBLE REGIME SWITCHING MODEL WITH PAIRS TRADING APPLICATION TO THE S\&P 500 HIGH-FREQUENCY STOCK RETURNS",2019,"QUANTITATIVE FINANCE","10.1080/14697688.2019.1585562",TRUE,"DOI","T2_regime_switching_modelling","A"
"LINEAR AND NONLINEAR PREDICTABILITY IN INVESTMENT STYLE FACTORS: MULTIVARIATE EVIDENCE",2017,"JOURNAL OF ASSET MANAGEMENT","10.1057/s41260-017-0048-5",TRUE,"DOI","T2_regime_switching_modelling","A"
"FOURIER TRANSFORM METHODS FOR REGIME-SWITCHING JUMP-DIFFUSIONS AND THE PRICING OF FORWARD STARTING OPTIONS",2012,"INTERNATIONAL JOURNAL OF THEORETICAL AND APPLIED FINANCE","10.1142/S0219024912500379",TRUE,"DOI","T2_regime_switching_modelling","A"
"FORECASTING SOVEREIGN CDS SPREADS WITH A REGIME-SWITCHING COMBINATION METHOD",2024,"JOURNAL OF FORECASTING","10.1002/for.3174",TRUE,"DOI","T2_regime_switching_modelling","A"
"BANKING INDUSTRY PERFORMANCE IN THE WAKE OF THE GLOBAL FINANCIAL CRISIS",2016,"INTERNATIONAL REVIEW OF FINANCIAL ANALYSIS","10.1016/j.irfa.2016.01.005",TRUE,"DOI","T2_regime_switching_modelling","A"
"OPTION PRICING UNDER A STOCHASTIC INTEREST RATE AND VOLATILITY MODEL WITH HIDDEN MARKOVIAN REGIME-SWITCHING",2019,"COMPUTATIONAL ECONOMICS","10.1007/s10614-017-9754-9",TRUE,"DOI","T2_regime_switching_modelling","A"
"DOES PURCHASING POWER PARITY HOLD SOMETIMES? REGIME SWITCHING IN REAL EXCHANGE RATES",2013,"APPLIED ECONOMICS","10.1080/00036846.2012.661399",TRUE,"DOI","T2_regime_switching_modelling","A"
"RE-EXAMINING BITCOIN VOLATILITY: A CAVIAR-BASED APPROACH",2022,"EMERGING MARKETS FINANCE AND TRADE","10.1080/1540496X.2021.1873127",TRUE,"DOI","T2_regime_switching_modelling","A"
"THE CREDIBILITY OF HONG KONG'S CURRENCY BOARD SYSTEM: LOOKING THROUGH THE PRISM OF MS-VAR MODELS WITH TIME-VARYING TRANSITION PROBABILITIES",2016,"OXFORD BULLETIN OF ECONOMICS AND STATISTICS","10.1111/obes.12148",TRUE,"DOI","T2_regime_switching_modelling","A"
"YEN-SYNCHRONIZATION OF FLOATING EAST ASIAN CURRENCIES: A REGIME-SWITCHING REGRESSION MODEL AND MICRO-STRUCTURAL ANALYSIS",2012,"JOURNAL OF THE JAPANESE AND INTERNATIONAL ECONOMIES","10.1016/j.jjie.2012.01.002",TRUE,"DOI","T2_regime_switching_modelling","A"
"THE EFFECT OF REGIME-SWITCHING TRANSACTION COSTS AND CASH DIVIDENDS ON LIQUIDITY PREMIA",2024,"INTERNATIONAL REVIEW OF FINANCIAL ANALYSIS","10.1016/j.irfa.2024.103186",TRUE,"DOI","T2_regime_switching_modelling","A"
"RETURN AND VOLATILITY SPILLOVERS IN THE MOROCCAN STOCK MARKET DURING THE FINANCIAL CRISIS",2017,"EMPIRICAL ECONOMICS","10.1007/s00181-016-1110-8",TRUE,"DOI","T1a_core_detection","A"
"ON THE LINKAGE BETWEEN THE INTERNATIONAL CRUDE OIL PRICE AND STOCK MARKETS: EVIDENCE FROM THE NORDIC AND OTHER EUROPEAN OIL IMPORTING AND OIL EXPORTING COUNTRIES",2016,"ROMANIAN JOURNAL OF ECONOMIC FORECASTING",NA,TRUE,"DOI","T1a_core_detection","A"
"ANALYTICALLY PRICING COMMODITY FUTURES OPTIONS IN A REGIME-SWITCHING FINANCIALIZATION FRAMEWORK",2025,"FINANCE RESEARCH LETTERS","10.1016/j.frl.2025.108246",TRUE,"DOI","T2_regime_switching_modelling","A"
"THE ASYMMETRIC EFFECT OF VOLATILITY SPILLOVER IN GLOBAL VIRTUAL FINANCIAL ASSET MARKETS: THE CASE OF BITCOIN",2020,"EMERGING MARKETS FINANCE AND TRADE","10.1080/1540496X.2019.1671819",TRUE,"DOI","T2_regime_switching_modelling","A"
"GLOBAL MARKET CONDITIONS AND SYSTEMIC RISK",2011,"JOURNAL OF EMERGING MARKET FINANCE","10.1177/097265271101000204",TRUE,"DOI","T2_regime_switching_modelling","A"
"IMPACT OF PUBLIC INFORMATION ARRIVALS ON CRYPTOCURRENCY MARKET: A CASE OF TWITTER POSTS ON RIPPLE",2019,"EAST ASIAN ECONOMIC REVIEW","10.11644/KIEP.EAER.2019.23.2.359",TRUE,"DOI","T2_regime_switching_modelling","A"
"THE SHIFTING DEPENDENCE DYNAMICS BETWEEN THE G7 STOCK MARKETS",2018,"QUANTITATIVE FINANCE","10.1080/14697688.2017.1419628",TRUE,"DOI","T2_regime_switching_modelling","A"
"DO ASIA-PACIFIC STOCK PRICES FOLLOW A RANDOM WALK? A REGIME-SWITCHING PERSPECTIVE",2014,"APPLIED ECONOMICS LETTERS","10.1080/13504851.2013.848016",TRUE,"DOI","T2_regime_switching_modelling","A"
"FURTHER EVIDENCE ON INTERNATIONAL ISLAMIC AND CONVENTIONAL PORTFOLIOS DIVERSIFICATION UNDER REGIME SWITCHING",2017,"APPLIED ECONOMICS","10.1080/00036846.2016.1273496",TRUE,"DOI","T2_regime_switching_modelling","A"
"BUILDING OPTIMAL REGIME-SWITCHING PORTFOLIOS",2023,"NORTH AMERICAN JOURNAL OF ECONOMICS AND FINANCE","10.1016/j.najef.2022.101837",TRUE,"DOI","T2_regime_switching_modelling","A"
"A CORE-PERIPHERY FRAMEWORK IN STOCK MARKETS OF THE EURO ZONE",2013,"ECONOMIC MODELLING","10.1016/j.econmod.2013.07.013",TRUE,"DOI","T2_regime_switching_modelling","A"
"PORTFOLIO FLOWS AND THE US DOLLAR-YEN EXCHANGE RATE",2017,"EMPIRICAL ECONOMICS","10.1007/s00181-016-1075-7",TRUE,"DOI","T2_regime_switching_modelling","A"
"OIL PRICE SHOCKS AND EMERGING STOCK MARKETS REVISITED",2022,"INTERNATIONAL JOURNAL OF EMERGING MARKETS","10.1108/IJOEM-02-2020-0134",TRUE,"DOI","T2_regime_switching_modelling","A"
"ANALYZING EXCHANGE MARKET PRESSURE DYNAMICS WITH MARKOV REGIME SWITCHING: THE CASE OF TURKEY",2022,"ORGANIZATIONS AND MARKETS IN EMERGING ECONOMIES","10.15388/omee.2022.13.78",TRUE,"DOI","T2_regime_switching_modelling","A"
"HOW DOES NEWS SENTIMENT IMPACT ASSET VOLATILITY? EVIDENCE FROM LONG MEMORY AND REGIME-SWITCHING APPROACHES",2013,"NORTH AMERICAN JOURNAL OF ECONOMICS AND FINANCE","10.1016/j.najef.2013.02.015",TRUE,"DOI","T2_regime_switching_modelling","A"
"WHAT DETERMINED STOCK RETURNS IN TURKEY FROM 1990 TO 2022: EVIDENCE FROM STRUCTURAL BREAK REGRESSION",2023,"ISTANBUL IKTISAT DERGISI-ISTANBUL JOURNAL OF ECONOMICS","10.26650/ISTJECON2022-1161840",TRUE,"DOI","T1a_core_detection","A"
"COS METHOD FOR OPTION PRICING UNDER A REGIME-SWITCHING MODEL WITH TIME-CHANGED LEVY PROCESSES",2018,"QUANTITATIVE FINANCE","10.1080/14697688.2017.1412494",TRUE,"DOI","T2_regime_switching_modelling","A"
"OIL SHOCKS AND THEIR IMPACT ON ENERGY RELATED STOCKS IN CHINA",2012,"ENERGY ECONOMICS","10.1016/j.eneco.2012.08.008",TRUE,"DOI","T1a_core_detection","A"
"VOLATILITY MODELLING IN A MARKOV-SWITCHING ENVIRONMENT: TWO ORNSTEIN-UHLENBECK-RELATED APPROACHES",2025,"FINANCE AND STOCHASTICS","10.1007/s00780-025-00567-3",TRUE,"DOI","T2_regime_switching_modelling","A"
"GEOPOLITICAL RISK AND OIL PRICE VOLATILITY: EVIDENCE FROM MARKOV-SWITCHING MODEL",2022,"INTERNATIONAL REVIEW OF ECONOMICS \& FINANCE","10.1016/j.iref.2022.05.002",TRUE,"DOI","T2_regime_switching_modelling","A"
"STOCK MARKET ILLIQUIDITY'S PREDICTIVE ROLE OVER ECONOMIC GROWTH: THE AUSTRALIAN EVIDENCE",2015,"REVIEW OF PACIFIC BASIN FINANCIAL MARKETS AND POLICIES","10.1142/S0219091515500071",TRUE,"DOI","T2_regime_switching_modelling","A"
"A UNIFIED APPROACH TO BERMUDAN AND BARRIER OPTIONS UNDER STOCHASTIC VOLATILITY MODELS WITH JUMPS",2017,"JOURNAL OF ECONOMIC DYNAMICS \& CONTROL","10.1016/j.jedc.2017.05.001",TRUE,"DOI","T2_regime_switching_modelling","A"
"EQUITY MARKET INTEGRATION IN EMERGING BALKAN MARKETS",2011,"RESEARCH IN INTERNATIONAL BUSINESS AND FINANCE","10.1016/j.ribaf.2011.02.004",TRUE,"DOI","T2_regime_switching_modelling","A"
"FORECASTING WITH SECOND-ORDER APPROXIMATIONS AND MARKOV-SWITCHING DSGE MODELS",2020,"COMPUTATIONAL ECONOMICS","10.1007/s10614-019-09941-8",TRUE,"DOI","T2_regime_switching_modelling","A"
"THE OIL PRICE-MACROECONOMY DEPENDENCE",2023,"EMPIRICAL ECONOMICS","10.1007/s00181-023-02432-8",TRUE,"DOI","T2_regime_switching_modelling","A"
"A COMBINED REGIME-SWITCHING AND BLACK-LITTERMAN MODEL FOR OPTIMAL ASSET ALLOCATION",2015,"JOURNAL OF INVESTMENT STRATEGIES",NA,TRUE,"DOI","T1a_core_detection","A"
"PRICING BOND OPTIONS UNDER A MARKOVIAN REGIME-SWITCHING HULL-WHITE MODEL",2013,"ECONOMIC MODELLING","10.1016/j.econmod.2012.09.041",TRUE,"DOI","T2_regime_switching_modelling","A"
"ASYMPTOTIC PROPERTIES OF THE MAXIMUM LIKELIHOOD ESTIMATOR IN REGIME SWITCHING ECONOMETRIC MODELS",2019,"JOURNAL OF ECONOMETRICS","10.1016/j.jeconom.2018.09.019",TRUE,"DOI","T2_regime_switching_modelling","A"
"HERDING BEHAVIOR IN REAL ESTATE MARKETS: NOVEL EVIDENCE FROM A MARKOV-SWITCHING MODEL",2015,"JOURNAL OF BEHAVIORAL AND EXPERIMENTAL FINANCE","10.1016/j.jbef.2015.10.004",TRUE,"DOI","T2_regime_switching_modelling","A"
"CLASSICAL AND SINGULAR STOCHASTIC CONTROL FOR THE OPTIMAL DIVIDEND POLICY WHEN THERE IS REGIME SWITCHING",2011,"INSURANCE MATHEMATICS \& ECONOMICS","10.1016/j.insmatheco.2011.01.002",TRUE,"DOI","T2_regime_switching_modelling","A"
"BITCOIN OPTION PRICING WITH A SETAR-GARCH MODEL",2021,"EUROPEAN JOURNAL OF FINANCE","10.1080/1351847X.2020.1828962",TRUE,"DOI","T2_regime_switching_modelling","A"
"PRICING CDSS AND CDS OPTIONS UNDER A REGIME-SWITCHING CEV PROCESS WITH JUMP TO DEFAULT",2016,"ECONOMIC COMPUTATION AND ECONOMIC CYBERNETICS STUDIES AND RESEARCH",NA,TRUE,"DOI","T1a_core_detection","A"
"THE EVOLVING BETA-LIQUIDITY RELATIONSHIP OF HEDGE FUNDS",2017,"JOURNAL OF EMPIRICAL FINANCE","10.1016/j.jempfin.2017.04.002",TRUE,"DOI","T1a_core_detection","A"
"EXPLOITING THE HETEROSKEDASTICITY IN MEASUREMENT ERROR TO IMPROVE VOLATILITY PREDICTIONS IN OIL AND BIOFUEL FEEDSTOCK MARKETS",2020,"ENERGY ECONOMICS","10.1016/j.eneco.2020.104689",TRUE,"DOI","T2_regime_switching_modelling","A"
"THE VOLATILITY BEHAVIOR AND DEPENDENCE STRUCTURE OF COMMODITY FUTURES AND STOCKS",2014,"JOURNAL OF FUTURES MARKETS","10.1002/fut.21587",TRUE,"DOI","T2_regime_switching_modelling","A"
"REAL OR SPURIOUS LONG MEMORY CHARACTERISTICS OF VOLATILITY: EMPIRICAL EVIDENCE FROM AN EMERGING MARKET",2013,"ECONOMIC MODELLING","10.1016/j.econmod.2012.08.030",TRUE,"DOI","T1a_core_detection","A"
"AMERICAN OPTION VALUATION UNDER THE FRAMEWORK OF CGMY MODEL WITH REGIME-SWITCHING PROCESS",2025,"COMPUTATIONAL ECONOMICS","10.1007/s10614-024-10734-x",TRUE,"DOI","T2_regime_switching_modelling","A"
"MEASURING HEDGING EFFECTIVENESS OF INDEX FUTURES CONTRACTS: DO DYNAMIC MODELS OUTPERFORM STATIC MODELS? A REGIME-SWITCHING APPROACH",2014,"JOURNAL OF FUTURES MARKETS","10.1002/fut.21598",TRUE,"DOI","T2_regime_switching_modelling","A"
"REGIME SPECIFIC SPILLOVER ACROSS CRYPTOCURRENCIES AND THE ROLE OF COVID-19",2021,"FINANCIAL INNOVATION","10.1186/s40854-020-00210-4",TRUE,"DOI","T2_regime_switching_modelling","A"
"QUANTILE INFORMATION SHARE UNDER MARKOV REGIME-SWITCHING",2021,"JOURNAL OF FUTURES MARKETS","10.1002/fut.22181",TRUE,"DOI","T2_regime_switching_modelling","A"
"FORECASTING THE CHINESE CRUDE OIL FUTURES VOLATILITY USING JUMP INTENSITY AND MARKOV-REGIME SWITCHING MODEL",2024,"ENERGY ECONOMICS","10.1016/j.eneco.2024.107588",TRUE,"DOI","T2_regime_switching_modelling","A"
"ANALYTICAL APPROXIMATION FORMULA FOR BARRIER OPTION PRICES UNDER THE REGIME-SWITCHING MODEL",2019,"JOURNAL OF DERIVATIVES","10.3905/jod.2019.1.088",TRUE,"DOI","T2_regime_switching_modelling","A"
"REGIME SWITCHING BEHAVIOR OF THE NOMINAL EXCHANGE RATE IN UGANDA",2011,"AFRICAN JOURNAL OF ECONOMIC AND MANAGEMENT STUDIES","10.1108/20400701111165632",TRUE,"DOI","T2_regime_switching_modelling","A"
"NONLINEAR ADJUSTMENTS OF VOLATILITY EXPECTATIONS TO FORECAST ERRORS: EVIDENCE FROM MARKOV-REGIME SWITCHES IN IMPLIED VOLATILITY",2012,"REVIEW OF PACIFIC BASIN FINANCIAL MARKETS AND POLICIES","10.1142/S0219091512500075",TRUE,"DOI","T2_regime_switching_modelling","A"
"THE DYNAMICS OF CAPITAL FLOW EPISODES",2020,"JOURNAL OF MONEY CREDIT AND BANKING","10.1111/jmcb.12614",TRUE,"DOI","T2_regime_switching_modelling","A"
"TIME-VARYING DEPENDENCY AND STRUCTURAL CHANGES IN CURRENCY MARKETS",2012,"EMERGING MARKETS FINANCE AND TRADE","10.2753/REE1540-496X480206",TRUE,"DOI","T1a_core_detection","A"
"MODELLING THE VOLATILITY OF TOCOM ENERGY FUTURES: A REGIME SWITCHING REALISED VOLATILITY APPROACH",2021,"ENERGY ECONOMICS","10.1016/j.eneco.2019.06.019",TRUE,"DOI","T2_regime_switching_modelling","A"
"CONSTRAINED PORTFOLIO STRATEGIES IN A REGIME-SWITCHING ECONOMY",2023,"FINANCIAL MARKETS AND PORTFOLIO MANAGEMENT","10.1007/s11408-022-00414-x",TRUE,"DOI","T2_regime_switching_modelling","A"
"A REGIME SWITCHING MODEL FOR TEMPERATURE MODELING AND APPLICATIONS TO WEATHER DERIVATIVES PRICING",2020,"MATHEMATICS AND FINANCIAL ECONOMICS","10.1007/s11579-019-00242-0",FALSE,"not retrieved",NA,NA
"A JOINT ANALYSIS OF MARKET INDEXES IN CREDIT DEFAULT SWAP, VOLATILITY AND STOCK MARKETS",2016,"APPLIED ECONOMICS","10.1080/00036846.2015.1109036",TRUE,"DOI","T2_regime_switching_modelling","A"
"THE AUSTRALIAN STOCK MARKET'S REACTION TO THE FIRST WAVE OF THE COVID-19 PANDEMIC AND BLACK SUMMER BUSHFIRES: A SECTORAL ANALYSIS",2021,"JOURNAL OF RISK AND FINANCIAL MANAGEMENT","10.3390/jrfm14040175",TRUE,"DOI","T1a_core_detection","A"
"RISK, UNCERTAINTY AND STOCK RETURNS PREDICTABILITY - A CASE OF EMERGING EQUITY MARKETS",2018,"JOURNAL OF FINANCIAL ECONOMIC POLICY","10.1108/JFEP-08-2017-0075",TRUE,"DOI","T1a_core_detection","A"
"A MARKOV REGIME-SWITCHING EVENT RESPONSE MODEL: BEEF PRICE SPREAD RESPONSE TO PROCESSING CAPACITY SHOCKS",2025,"EMPIRICAL ECONOMICS","10.1007/s00181-024-02677-x",FALSE,"not retrieved",NA,NA
"REVISITING THE VOLATILITY DYNAMICS OF REITS AMID ECONOMIC AND GEOPOLITICAL UNCERTAINTIES: THE ROLE OF ECONOMIC CONDITIONS IN A GARCH-MIDAS FRAMEWORK",2025,"INVESTMENT ANALYSTS JOURNAL","10.1080/10293523.2025.2578570",TRUE,"DOI","T2_regime_switching_modelling","A"
"AN ANALYTICAL APPROXIMATION FOR EUROPEAN OPTIONS UNDER A REGIME-SWITCHING HESTON-Α MODEL",2025,"INTERNATIONAL JOURNAL OF FINANCE \& ECONOMICS","10.1002/ijfe.70105",FALSE,"not retrieved",NA,NA
"MULTILATERAL ADJUSTMENT, REGIME SWITCHING AND REAL EXCHANGE RATE DYNAMICS",2014,"NORTH AMERICAN JOURNAL OF ECONOMICS AND FINANCE","10.1016/j.najef.2013.11.003",TRUE,"DOI","T2_regime_switching_modelling","A"
"VALUATION OF GUARANTEED MINIMUM MATURITY BENEFITS UNDER GENERALISED REGIME-SWITCHING MODELS USING THE FOURIER COSINE METHOD",2022,"INSURANCE MATHEMATICS \& ECONOMICS","10.1016/j.insmatheco.2022.03.012",TRUE,"DOI","T2_regime_switching_modelling","A"
"VOLATILITY DYNAMICS UNDER AN ENDOGENOUS MARKOV-SWITCHING FRAMEWORK: A CROSS-MARKET APPROACH",2018,"QUANTITATIVE FINANCE","10.1080/14697688.2018.1444551",TRUE,"DOI","T2_regime_switching_modelling","A"
"REGIME-DEPENDENT DETERMINANTS OF EURO AREA SOVEREIGN CDS SPREADS",2016,"JOURNAL OF FINANCIAL STABILITY","10.1016/j.jfs.2015.11.004",TRUE,"DOI","T2_regime_switching_modelling","A"
"EFFICIENT ASIAN OPTION PRICING UNDER REGIME SWITCHING JUMP DIFFUSIONS AND STOCHASTIC VOLATILITY MODELS",2020,"ANNALS OF FINANCE","10.1007/s10436-020-00366-0",TRUE,"DOI","T2_regime_switching_modelling","A"
"REGIME SWITCHING MODEL OF US CRUDE OIL AND STOCK MARKET PRICES: 1859 TO 2013",2015,"ENERGY ECONOMICS","10.1016/j.eneco.2015.01.026",TRUE,"DOI","T2_regime_switching_modelling","A"
"EXPLORATORY MEAN-VARIANCE PORTFOLIO OPTIMIZATION WITH REGIME-SWITCHING MARKET DYNAMICS",2025,"INTERNATIONAL JOURNAL OF THEORETICAL AND APPLIED FINANCE","10.1142/S0219024925500141",TRUE,"DOI","T2_regime_switching_modelling","A"
"VALUATION OF QUANTO OPTIONS IN A MARKOVIAN REGIME-SWITCHING MARKET: A MARKOV-MODULATED GAUSSIAN HJM MODEL",2014,"FINANCE RESEARCH LETTERS","10.1016/j.frl.2013.09.002",TRUE,"DOI","T2_regime_switching_modelling","A"
"THE ASYMMETRIC VOLATILITY SPILLOVER ACROSS SHANGHAI, HONG KONG AND THE U. S. STOCK MARKETS: A REGIME WEIGHTED MEASURE AND ITS FORECAST INFERENCE",2024,"INTERNATIONAL REVIEW OF FINANCIAL ANALYSIS","10.1016/j.irfa.2023.102964",TRUE,"DOI","T2_regime_switching_modelling","A"
"CAPTURING THE REGIME-SWITCHING AND MEMORY PROPERTIES OF INTEREST RATES",2014,"COMPUTATIONAL ECONOMICS","10.1007/s10614-013-9396-5",TRUE,"DOI","T2_regime_switching_modelling","A"
"REVISITING THE RETURN-VOLATILITY RELATIONSHIP OF EXCHANGE RATES: NEW EVIDENCE FROM OFFSHORE RMB",2022,"PACIFIC ECONOMIC REVIEW","10.1111/1468-0106.12374",TRUE,"DOI","T2_regime_switching_modelling","A"
"BEHAVIORAL HETEROGENEITY IN THE JAPANESE AND US STOCK MARKETS",2025,"SINGAPORE ECONOMIC REVIEW","10.1142/S0217590822500205",TRUE,"DOI","T2_regime_switching_modelling","A"
"GEOPOLITICAL RISKS, INVESTOR SENTIMENT AND INDUSTRY STOCK MARKET VOLATILITY IN CHINA: EVIDENCE FROM A QUANTILE REGRESSION APPROACH",2024,"NORTH AMERICAN JOURNAL OF ECONOMICS AND FINANCE","10.1016/j.najef.2024.102139",TRUE,"DOI","T1a_core_detection","A"
"PORTFOLIO REBALANCING IN TIMES OF STRESS",2021,"JOURNAL OF INTERNATIONAL MONEY AND FINANCE","10.1016/j.jimonfin.2021.102360",TRUE,"DOI","T2_regime_switching_modelling","A"
"VOLATILITY SPILLOVER SHIFTS IN GLOBAL FINANCIAL MARKETS",2018,"ECONOMIC MODELLING","10.1016/j.econmod.2018.04.011",TRUE,"DOI","T2_regime_switching_modelling","A"
"ESTIMATING PREFERENCE PARAMETERS FROM STOCK RETURNS USING SIMULATED METHOD OF MOMENTS",2016,"ANNALS OF FINANCIAL ECONOMICS","10.1142/S2010495216500056",TRUE,"DOI","T2_regime_switching_modelling","A"
"PRICING VULNERABLE OPTIONS WITH CORRELATED JUMP-DIFFUSION PROCESSES DEPENDING ON VARIOUS STATES OF THE ECONOMY",2016,"QUANTITATIVE FINANCE","10.1080/14697688.2015.1090623",TRUE,"DOI","T2_regime_switching_modelling","A"
"LEAD-LAG RELATIONSHIP BETWEEN SPOT AND FUTURES STOCK INDEXES: INTRADAY DATA AND REGIME-SWITCHING MODELS",2020,"INTERNATIONAL REVIEW OF ECONOMICS \& FINANCE","10.1016/j.iref.2020.03.009",TRUE,"DOI","T2_regime_switching_modelling","A"
"MEASUREMENT AND EARLY WARNING OF SYSTEMIC FINANCIAL RISK IN CHINA: MARKOV SWITCHING MODELS",2025,"COMPUTATIONAL ECONOMICS","10.1007/s10614-025-10873-9",TRUE,"DOI","T2_regime_switching_modelling","A"
"SOURCES OF MACROECONOMIC FLUCTUATIONS: A REGIME-SWITCHING DSGE APPROACH",2011,"QUANTITATIVE ECONOMICS","10.3982/QE71",TRUE,"DOI","T2_regime_switching_modelling","A"
"MACRO RISK FACTORS OF CREDIT DEFAULT SWAP INDICES IN A REGIME-SWITCHING FRAMEWORK",2014,"JOURNAL OF INTERNATIONAL FINANCIAL MARKETS INSTITUTIONS \& MONEY","10.1016/j.intfin.2014.01.002",TRUE,"DOI","T2_regime_switching_modelling","A"
"A COMPARATIVE STUDY OF FIRM VALUE MODELS: DEFAULT RISK OF CORPORATE BONDS",2023,"FINANCE RESEARCH LETTERS","10.1016/j.frl.2023.104037",TRUE,"DOI","T2_regime_switching_modelling","A"
"BANK OF ENGLAND INTEREST RATE ANNOUNCEMENTS AND THE FOREIGN EXCHANGE MARKET",2010,"INTERNATIONAL JOURNAL OF CENTRAL BANKING",NA,TRUE,"DOI","T1a_core_detection","A"
"TESTING FOR REGIME-SWITCHING CAPM ON ZAGREB STOCK EXCHANGE",2014,"CROATIAN OPERATIONAL RESEARCH REVIEW","10.17535/crorr.2014.0002",TRUE,"DOI","T2_regime_switching_modelling","A"
"EXPLORING THE UNPREDICTABLE NATURE OF CLIMATE POLICY UNCERTAINTY: AN EMPIRICAL ANALYSIS OF ITS IMPACT ON COMMODITY FUTURES RETURNS IN THE UNITED STATES",2024,"JOURNAL OF FUTURES MARKETS","10.1002/fut.22510",TRUE,"DOI","T2_regime_switching_modelling","A"
"AN ANALYSIS THROUGH CREDIT DEFAULT SWAP, ASSET SWAP AND ZERO-VOLATILITY SPREADS: COUP ATTEMPT AND BIST 100 VOLATILITY",2019,"BORSA ISTANBUL REVIEW","10.1016/j.bir.2018.11.001",TRUE,"DOI","T2_regime_switching_modelling","A"
"REGIME-DEPENDENT VOLATILITY SPILLOVER ASYMMETRY IN SHANGHAI AND HONG KONG STOCK MARKETS WITH FORECASTING AND PORTFOLIO INFERENCES",2025,"ECONOMIC MODELLING","10.1016/j.econmod.2025.107268",TRUE,"DOI","T2_regime_switching_modelling","A"
"FORECASTING SOUTH AFRICAN MACROECONOMIC VARIABLES WITH A MARKOV-SWITCHING SMALL OPEN-ECONOMY DYNAMIC STOCHASTIC GENERAL EQUILIBRIUM MODEL",2017,"EMPIRICAL ECONOMICS","10.1007/s00181-016-1157-6",TRUE,"DOI","T2_regime_switching_modelling","A"
"THRESHOLD-TYPE POLICIES FOR REAL OPTIONS USING REGIME-SWITCHING MODELS",2012,"SIAM JOURNAL ON FINANCIAL MATHEMATICS","10.1137/110833300",TRUE,"DOI","T2_regime_switching_modelling","A"
"CLIQUET-STYLE RETURN GUARANTEES IN A REGIME SWITCHING LEVY MODEL",2017,"INSURANCE MATHEMATICS \& ECONOMICS","10.1016/j.insmatheco.2016.11.009",TRUE,"DOI","T2_regime_switching_modelling","A"
"DYNAMIC ASYMMETRIC EFFECT OF CURRENCY RISK PRICING OF EXCHANGE RATE ON EQUITY MARKETS: A REGIME-SWITCHING BASED C-VINE COPULAS METHOD",2022,"INTERNATIONAL JOURNAL OF FINANCIAL STUDIES","10.3390/ijfs10030072",TRUE,"DOI","T2_regime_switching_modelling","A"
"MODELING MACROECONOMIC SERIES WITH REGIME-SWITCHING MODELS CHARACTERIZED BY A HIGH-DIMENSIONAL STATE SPACE",2018,"ECONOMICS LETTERS","10.1016/j.econlet.2018.06.009",TRUE,"DOI","T2_regime_switching_modelling","A"
"ASSET PRICING USING TRADING VOLUMES IN A HIDDEN REGIME-SWITCHING ENVIRONMENT",2015,"ASIA-PACIFIC FINANCIAL MARKETS","10.1007/s10690-014-9197-4",TRUE,"DOI","T2_regime_switching_modelling","A"
"WHEN SAFE-HAVEN ASSET IS LESS THAN A SAFE-HAVEN PLAY*",2023,"JOURNAL OF FINANCIAL ECONOMETRICS","10.1093/jjfinec/nbad009",TRUE,"DOI","T2_regime_switching_modelling","A"
"DEPENDENT STRUCTURE AND RISK ANALYSIS OF S\&P 500 INDEX'S CONTINUOUSLY RISING RETURNS AND CONTINUOUSLY FALLING RETURNS",2021,"JOURNAL OF RISK FINANCE","10.1108/JRF-01-2020-0003",TRUE,"DOI","T1a_core_detection","A"
"STOCK MARKET RETURNS, VOLATILITY, CORRELATION AND LIQUIDITY DURING THE COVID-19 CRISIS: EVIDENCE FROM THE MARKOV SWITCHING APPROACH",2020,"FINANCE RESEARCH LETTERS","10.1016/j.frl.2020.101775",TRUE,"DOI","T1a_core_detection","A"
"ECONOMIC POLICY UNCERTAINTY, INVESTOR SENTIMENT AND INDUSTRY STOCK MARKET VOLATILITY IN CHINA: A QUANTILE REGRESSION APPROACH",2025,"INTERNATIONAL JOURNAL OF FINANCE \& ECONOMICS","10.1002/ijfe.70010",FALSE,"not retrieved",NA,NA
"A BAYESIAN METHOD OF CHANGE-POINT ESTIMATION WITH RECURRENT REGIMES: APPLICATION TO GARCH MODELS",2014,"JOURNAL OF EMPIRICAL FINANCE","10.1016/j.jempfin.2014.06.008",TRUE,"DOI","T1a_core_detection","A"
"REGIME-SWITCHING CONNECTEDNESS IN HIGH MOMENTS AMONG CLIMATE POLICY UNCERTAINTY, ENERGY, GREEN BOND AND PRECIOUS METALS",2025,"APPLIED ECONOMICS LETTERS","10.1080/13504851.2025.2490730",TRUE,"DOI","T2_regime_switching_modelling","A"
"IMPACT OF WAGE RIGIDITY ON SOVEREIGN CREDIT RATING",2018,"EMERGING MARKETS REVIEW","10.1016/j.ememar.2017.10.002",TRUE,"DOI","T2_regime_switching_modelling","A"
"EXCHANGE RATE POLICY AND EXTERNAL VULNERABILITIES IN SUB-SAHARAN AFRICA: NOMINAL, REAL OR MIXED TARGETING?",2021,"APPLIED ECONOMICS","10.1080/00036846.2020.1808176",TRUE,"DOI","T2_regime_switching_modelling","A"
"PRICING AND HEDGING AUTOCALLABLE PRODUCTS BY MARKOV CHAIN APPROXIMATION",2024,"REVIEW OF DERIVATIVES RESEARCH","10.1007/s11147-024-09206-z",TRUE,"DOI","T2_regime_switching_modelling","A"
"INTERNATIONAL EQUITY MARKETS INTERDEPENDENCE: BIGGER SHOCKS OR CONTAGION IN THE 21ST CENTURY?",2019,"REVIEW OF WORLD ECONOMICS","10.1007/s10290-018-0325-5",TRUE,"DOI","T2_regime_switching_modelling","A"
"CRYPTOCURRENCY VOLATILITY FORECASTING: A MARKOV REGIME-SWITCHING MIDAS APPROACH",2020,"JOURNAL OF FORECASTING","10.1002/for.2691",TRUE,"DOI","T2_regime_switching_modelling","A"
"THE LINKS BETWEEN GOLD, OIL PRICES AND ISLAMIC STOCK MARKETS IN A REGIME SWITCHING ENVIRONMENT",2022,"EURASIAN ECONOMIC REVIEW","10.1007/s40822-022-00202-y",TRUE,"DOI","T2_regime_switching_modelling","A"
"COMPARISON OF INDICATOR SATURATION AND MARKOV REGIME-SWITCHING MODELS FOR BRAZILIAN ELECTRICITY PRICES",2025,"ENERGY ECONOMICS","10.1016/j.eneco.2025.108341",TRUE,"DOI","T2_regime_switching_modelling","A"
"OPTION PRICING AND HEDGING IN DIFFERENT CYCLICAL STRUCTURES: A TWO-DIMENSIONAL MARKOV-MODULATED MODEL",2019,"EUROPEAN JOURNAL OF FINANCE","10.1080/1351847X.2018.1538895",TRUE,"DOI","T2_regime_switching_modelling","A"
"A HIDDEN MARKOV REGIME-SWITCHING MODEL FOR OPTION VALUATION",2010,"INSURANCE MATHEMATICS \& ECONOMICS","10.1016/j.insmatheco.2010.08.003",TRUE,"DOI","T2_regime_switching_modelling","A"
"ESTIMATING MACROECONOMIC MODELS OF FINANCIAL CRISES: AN ENDOGENOUS REGIME-SWITCHING APPROACH",2025,"QUANTITATIVE ECONOMICS","10.3982/QE2038",TRUE,"DOI","T2_regime_switching_modelling","A"
"REGIME-SWITCHING PRODUCTIVITY GROWTH AND BAYESIAN LEARNING IN REAL BUSINESS CYCLES",2021,"MACROECONOMIC DYNAMICS","10.1017/S1365100519000257",TRUE,"DOI","T2_regime_switching_modelling","A"
"FORECASTING HEDGE FUND VOLATILITY: A MARKOV REGIME-SWITCHING APPROACH",2013,"EUROPEAN JOURNAL OF FINANCE","10.1080/1351847X.2011.653576",TRUE,"DOI","T2_regime_switching_modelling","A"
"PRICING OPTIONS ON STOCKS DENOMINATED IN DIFFERENT CURRENCIES: THEORY AND ILLUSTRATIONS",2013,"NORTH AMERICAN JOURNAL OF ECONOMICS AND FINANCE","10.1016/j.najef.2013.02.009",TRUE,"DOI","T2_regime_switching_modelling","A"
"A CLOSED-FORM FORMULA FOR PRICING EUROPEAN OPTIONS WITH STOCHASTIC VOLATILITY, REGIME SWITCHING, AND STOCHASTIC MARKET LIQUIDITY",2025,"JOURNAL OF FUTURES MARKETS","10.1002/fut.22573",TRUE,"DOI","T2_regime_switching_modelling","A"
"DOES THE EURO AFFECT THE DYNAMIC RELATION BETWEEN STOCK MARKET LIQUIDITY AND THE BUSINESS CYCLE?",2015,"EMERGING MARKETS REVIEW","10.1016/j.ememar.2015.07.001",TRUE,"DOI","T1a_core_detection","A"
"ESTIMATING THE IMPACT OF CREDIT RISK DETERMINANTS IN TWO SOUTHEAST EUROPEAN COUNTRIES: A NON-LINEAR STRUCTURAL VAR APPROACH",2018,"REVIEW OF ECONOMIC ANALYSIS",NA,TRUE,"DOI","T1a_core_detection","A"
"IT TAKES TWO TO TANGO: A REGIME-SWITCHING ANALYSIS OF THE CORRELATION DYNAMICS BETWEEN THE MAINLAND CHINESE AND HONG KONG STOCK MARKETS",2016,"SCOTTISH JOURNAL OF POLITICAL ECONOMY","10.1111/sjpe.12110",TRUE,"DOI","T2_regime_switching_modelling","A"
"WHAT EXPLAINS DEFAULT RISK PREMIUM DURING THE FINANCIAL CRISIS? EVIDENCE FROM JAPAN",2011,"JOURNAL OF ECONOMICS AND BUSINESS","10.1016/j.jeconbus.2010.09.003",TRUE,"DOI","T2_regime_switching_modelling","A"
"PORTFOLIO OPTIMIZATION ON MULTIVARIATE REGIME-SWITCHING GARCH MODEL WITH NORMAL TEMPERED STABLE INNOVATION",2022,"JOURNAL OF RISK AND FINANCIAL MANAGEMENT","10.3390/jrfm15050230",TRUE,"DOI","T2_regime_switching_modelling","A"
"ANALYTICALLY PRICING EUROPEAN OPTIONS IN DYNAMIC MARKETS: INCORPORATING LIQUIDITY VARIATIONS AND ECONOMIC CYCLES",2024,"ECONOMIC MODELLING","10.1016/j.econmod.2024.106839",TRUE,"DOI","T2_regime_switching_modelling","A"
"THE BEHAVIOUR OF THE REAL EFFECTIVE EXCHANGE RATE OF SOUTH AFRICA: IS THERE A MISALIGNMENT?",2020,"COGENT ECONOMICS \& FINANCE","10.1080/23322039.2020.1760710",TRUE,"DOI","T2_regime_switching_modelling","A"
"FUZZY AUTOREGRESSIVE RULES: TOWARDS LINGUISTIC TIME SERIES MODELING",2011,"ECONOMETRIC REVIEWS","10.1080/07474938.2011.553569",TRUE,"DOI","T2_regime_switching_modelling","A"
"FORECASTING REALIZED VOLATILITY WITH CHANGING AVERAGE LEVELS",2015,"INTERNATIONAL JOURNAL OF FORECASTING","10.1016/j.ijforecast.2014.09.005",TRUE,"DOI","T2_regime_switching_modelling","A"
"GRAM-CHARLIER METHODS, REGIME-SWITCHING AND STOCHASTIC VOLATILITY IN EXPONENTIAL LEVY MODELS",2022,"QUANTITATIVE FINANCE","10.1080/14697688.2021.1998585",TRUE,"DOI","T2_regime_switching_modelling","A"
"MODELING AND FORECASTING UNBIASED EXTREME VALUE VOLATILITY ESTIMATOR IN PRESENCE OF LEVERAGE EFFECT",2018,"JOURNAL OF QUANTITATIVE ECONOMICS","10.1007/s40953-017-0085-4",TRUE,"DOI","T2_regime_switching_modelling","A"
"FORECASTING INTEREST RATES THROUGH VASICEK AND CIR MODELS: A PARTITIONING APPROACH",2020,"JOURNAL OF FORECASTING","10.1002/for.2642",TRUE,"DOI","T2_regime_switching_modelling","A"
"FINANCIAL AND OIL MARKET'S CO-MOVEMENTS BY A REGIME-SWITCHING COPULA",2024,"ECONOMETRICS","10.3390/econometrics12020014",TRUE,"DOI","T2_regime_switching_modelling","A"
"CRYPTOCURRENCIESVALUE-AT-RISKAND EXPECTED SHORTFALL: DO REGIME-SWITCHING VOLATILITY MODELS IMPROVE FORECASTING?",2021,"INTERNATIONAL JOURNAL OF FINANCE \& ECONOMICS","10.1002/ijfe.2043",TRUE,"DOI","T2_regime_switching_modelling","A"
"CROSS HEDGING STOCK SECTOR RISK WITH INDEX FUTURES BY CONSIDERING THE GLOBAL EQUITY SYSTEMATIC RISK",2018,"INTERNATIONAL JOURNAL OF FINANCIAL STUDIES","10.3390/ijfs6020044",TRUE,"DOI","T2_regime_switching_modelling","A"
"MONETARY POLICY AND RISK-BASED ASSET ALLOCATION",2016,"OPEN ECONOMIES REVIEW","10.1007/s11079-016-9404-1",TRUE,"DOI","T2_regime_switching_modelling","A"
"EXAMINING THE EFFECT OF CREDIT ON MONETARY POLICY WITH MARKOV REGIME SWITCHING: EVIDENCE FROM TURKEY",2022,"ECONOMICS AND BUSINESS REVIEW","10.18559/ebr.2022.4.4",TRUE,"DOI","T2_regime_switching_modelling","A"
"ALLOCATION TO INDUSTRY PORTFOLIOS UNDER MARKOV SWITCHING RETURNS",2013,"STUDIES IN ECONOMICS AND FINANCE","10.1108/SEF-11-2011-0096",TRUE,"DOI","T2_regime_switching_modelling","A"
"FINANCIAL CONDITIONS AND MONETARY POLICY IN THE US",2020,"ECONOMIC SYSTEMS","10.1016/j.ecosys.2020.100819",TRUE,"DOI","T2_regime_switching_modelling","A"
"THE AFTERMATH OF THE SUBPRIME CRISIS: A CLUSTERING ANALYSIS OF WORLD BANKING SECTOR",2014,"REVIEW OF QUANTITATIVE FINANCE AND ACCOUNTING","10.1007/s11156-013-0342-3",FALSE,"not retrieved",NA,NA
"DETERMINANTS AND HEDGING EFFECTIVENESS OF CHINA'S SOVEREIGN CREDIT DEFAULT SWAPS",2023,"INTERNATIONAL JOURNAL OF FINANCE \& ECONOMICS","10.1002/ijfe.2526",TRUE,"DOI","T2_regime_switching_modelling","A"
"TEMPORARY PRICE TRENDS IN THE STOCK MARKET WITH RATIONAL AGENTS",2018,"QUARTERLY REVIEW OF ECONOMICS AND FINANCE","10.1016/j.qref.2017.11.014",TRUE,"DOI","T2_regime_switching_modelling","A"
"REGIME-SWITCHING FACTOR INVESTING WITH HIDDEN MARKOV MODELS",2020,"JOURNAL OF RISK AND FINANCIAL MANAGEMENT","10.3390/jrfm13120311",TRUE,"DOI","T2_regime_switching_modelling","A"
"A STUDY ON ANCHORING SWEDISH INFLATION EXPECTATIONS IN TIMES OF TURBULENCE",2025,"ENERGY ECONOMICS","10.1016/j.eneco.2025.108416",TRUE,"DOI","T1a_core_detection","A"
"IDENTIFYING SAFE HAVEN ASSETS FOR EQUITY INVESTORS THROUGH AN ANALYSIS OF THE STABILITY OF SHOCK TRANSMISSION",2014,"JOURNAL OF INTERNATIONAL FINANCIAL MARKETS INSTITUTIONS \& MONEY","10.1016/j.intfin.2014.08.001",TRUE,"DOI","T2_regime_switching_modelling","A"
"DOWNSIDE RISK REDUCTION USING REGIME-SWITCHING SIGNALS: A STATISTICAL JUMP MODEL APPROACH",2024,"JOURNAL OF ASSET MANAGEMENT","10.1057/s41260-024-00376-x",TRUE,"DOI","T2_regime_switching_modelling","A"
"CROSS-COUNTRY PERFORMANCE OF LEVY REGIME-SWITCHING MODELS FOR STOCK MARKETS",2017,"APPLIED ECONOMICS","10.1080/00036846.2016.1192275",TRUE,"DOI","T2_regime_switching_modelling","A"
"FINANCIAL CONDITIONS AND MACROECONOMIC DOWNSIDE RISKS IN THE EURO AREA",2022,"EUROPEAN ECONOMIC REVIEW","10.1016/j.euroecorev.2022.104046",TRUE,"DOI","T2_regime_switching_modelling","A"
"FILTERBASED STOCHASTIC VOLATILITY IN CONTINUOUS-TIME HIDDEN MARKOV MODELS",2018,"ECONOMETRICS AND STATISTICS","10.1016/j.ecosta.2016.10.007",TRUE,"DOI","T2_regime_switching_modelling","A"
"FITTING SEMIPARAMETRIC MARKOV REGIME-SWITCHING MODELS TO ELECTRICITY SPOT PRICES",2013,"ENERGY ECONOMICS","10.1016/j.eneco.2012.11.013",TRUE,"DOI","T2_regime_switching_modelling","A"
"BUSINESS CYCLES, REGIME SHIFTS, AND RETURN PREDICTABILITY",2023,"JOURNAL OF FINANCIAL AND QUANTITATIVE ANALYSIS","10.1017/S0022109023000261",TRUE,"DOI","T2_regime_switching_modelling","A"
"THE FACTORS THAT INFLUENCE EXCHANGE-RATE RISK: EVIDENCE IN CHINA",2020,"EMERGING MARKETS FINANCE AND TRADE","10.1080/1540496X.2019.1636229",TRUE,"DOI","T2_regime_switching_modelling","A"
"VOLATILITY IN THE TURKISH STOCK MARKET: AN ANALYSIS OF INFLUENTIAL EVENTS",2025,"JOURNAL OF ASSET MANAGEMENT","10.1057/s41260-024-00383-y",TRUE,"DOI","T1a_core_detection","A"
"HETEROGENEOUS IMPACTS OF FUNDAMENTALS ON GOLD MARKET RISK USING REGIME SWITCHING QUANTILE-BASED GARCH-MIDAS MODEL",2025,"EMPIRICAL ECONOMICS","10.1007/s00181-025-02772-7",TRUE,"DOI","T2_regime_switching_modelling","A"
"MARKET REGIME DETECTION VIA REALIZED COVARIANCES",2022,"ECONOMIC MODELLING","10.1016/j.econmod.2022.105832",TRUE,"DOI","T2_regime_switching_modelling","A"
"ANALYTICALLY PRICING EXCHANGE OPTIONS WITH STOCHASTIC LIQUIDITY AND REGIME SWITCHING",2023,"JOURNAL OF FUTURES MARKETS","10.1002/fut.22403",TRUE,"DOI","T2_regime_switching_modelling","A"
"A COINTEGRATED REGIME-SWITCHING MODEL APPROACH WITH JUMPS APPLIED TO NATURAL GAS FUTURES PRICES",2017,"RISKS","10.3390/risks5030048",TRUE,"DOI","T2_regime_switching_modelling","A"
"DOUBLE BARRIER OPTIONS IN REGIME-SWITCHING HYPER-EXPONENTIAL JUMP-DIFFUSION MODELS",2011,"INTERNATIONAL JOURNAL OF THEORETICAL AND APPLIED FINANCE","10.1142/S0219024911006620",TRUE,"DOI","T2_regime_switching_modelling","A"
"DISCUSSIONS ON THE SPURIOUS HYPERBOLIC MEMORY IN THE CONDITIONAL VARIANCE AND A NEW MODEL",2020,"JOURNAL OF EMPIRICAL FINANCE","10.1016/j.jempfin.2019.11.001",TRUE,"DOI","T2_regime_switching_modelling","A"
"POLITICAL STABILITY AND CREDIBILITY OF CURRENCY BOARD*",2023,"JOURNAL OF INTERNATIONAL MONEY AND FINANCE","10.1016/j.jimonfin.2023.102911",TRUE,"DOI","T2_regime_switching_modelling","A"
"LIQUIDITY REGIMES AND OPTIMAL DYNAMIC ASSET ALLOCATION",2020,"JOURNAL OF FINANCIAL ECONOMICS","10.1016/j.jfineco.2019.09.011",TRUE,"DOI","T2_regime_switching_modelling","A"
"ARE ASIA-PACIFIC REAL EXCHANGE RATES STATIONARY? A REGIME-SWITCHING PERSPECTIVE",2010,"PACIFIC ECONOMIC REVIEW","10.1111/j.1468-0106.2010.00497.x",TRUE,"DOI","T2_regime_switching_modelling","A"
"EFFECT OF THE US-CHINA TRADE WAR ON STOCK MARKETS: A FINANCIAL CONTAGION PERSPECTIVE",2023,"JOURNAL OF FINANCIAL ECONOMETRICS","10.1093/jjfinec/nbad016",TRUE,"DOI","T1a_core_detection","A"
"RETURN AND VOLATILITY SPILLOVERS IN THE PRESENCE OF STRUCTURAL BREAKS: EVIDENCE FROM GCC ISLAMIC AND CONVENTIONAL BANKS",2019,"JOURNAL OF ASSET MANAGEMENT","10.1057/s41260-018-00107-z",TRUE,"DOI","T1a_core_detection","A"
"THE IMPACT OF MACROECONOMIC NEWS ON STOCK RETURNS OF ENERGY FIRMS-EVIDENCE FROM CHINA",2019,"GREEN FINANCE","10.3934/GF.2019.3.297",TRUE,"DOI","T1a_core_detection","A"
"AN EXPLANATION OF SPREAD'S ABILITY TO PREDICT ECONOMIC ACTIVITY A REGIME SWITCHING MODEL",2016,"JOURNAL OF ECONOMIC STUDIES","10.1108/JES-10-2014-0175",TRUE,"DOI","T2_regime_switching_modelling","A"
"THE OPTIMAL VALUE-AT-RISK HEDGING STRATEGY UNDER BIVARIATE REGIME SWITCHING ARCH FRAMEWORK",2011,"APPLIED ECONOMICS","10.1080/00036840903299771",TRUE,"DOI","T2_regime_switching_modelling","A"
"REGIME SWITCHING IN THE REACTIONS OF STOCK MARKETS IN SAUDI ARABIA TO OIL PRICE VARIATIONS",2019,"WORLD ECONOMY","10.1111/twec.12785",TRUE,"DOI","T2_regime_switching_modelling","A"
"HEDGING ISLAMIC ASSETS WITH THE BLOCKCHAIN HALAL INDEX: A REGIME-SWITCHING MODEL",2025,"REVIEW OF FINANCIAL ECONOMICS","10.1002/rfe.70021",TRUE,"DOI","T2_regime_switching_modelling","A"
"RESILIENCE OR RETURNS: ASSESSING GREEN EQUITY INDEX PERFORMANCE ACROSS MARKET REGIMES",2025,"INTERNATIONAL REVIEW OF ECONOMICS \& FINANCE","10.1016/j.iref.2024.103831",TRUE,"DOI","T2_regime_switching_modelling","A"
"THE RISK SPILLOVERS FROM THE CHINESE STOCK MARKET TO MAJOR EAST ASIAN STOCK MARKETS: A MSGARCH-EVT-COPULA APPROACH",2020,"INTERNATIONAL REVIEW OF ECONOMICS \& FINANCE","10.1016/j.iref.2019.10.009",TRUE,"DOI","T2_regime_switching_modelling","A"
"TIME SERIES BEHAVIOR OF AVERAGE DYNAMIC CONDITIONAL CORRELATIONS IN EUROPEAN REAL ESTATE SECURITIES MARKETS AN EMPIRICAL EXPLORATION",2011,"JOURNAL OF EUROPEAN REAL ESTATE RESEARCH","10.1108/17539261111157280",TRUE,"DOI","T1a_core_detection","A"
"AN N-STATE ENDOGENOUS MARKOV-SWITCHING MODEL WITH APPLICATIONS IN MACROECONOMICS AND FINANCE",2021,"MACROECONOMIC DYNAMICS","10.1017/S1365100519000920",TRUE,"DOI","T2_regime_switching_modelling","A"
"TIME-CONSISTENT REINSURANCE AND INVESTMENT STRATEGIES FOR MEAN-VARIANCE INSURER UNDER PARTIAL INFORMATION",2015,"INSURANCE MATHEMATICS \& ECONOMICS","10.1016/j.insmatheco.2015.08.008",TRUE,"DOI","T2_regime_switching_modelling","A"
"ASSET ALLOCATION WITH RECURSIVE PARAMETER UPDATING AND MACROECONOMIC REGIME IDENTIFIERS",2025,"EUROPEAN JOURNAL OF FINANCE","10.1080/1351847X.2025.2465453",TRUE,"DOI","T2_regime_switching_modelling","A"
"FORECASTING REALIZED VOLATILITY OF AGRICULTURAL COMMODITY FUTURES WITH INFINITE HIDDEN MARKOV HAR MODELS",2022,"INTERNATIONAL JOURNAL OF FORECASTING","10.1016/j.ijforecast.2019.08.007",TRUE,"DOI","T2_regime_switching_modelling","A"
"PRICE DISCOVERY AND REGIME SHIFT BEHAVIOR IN THE RELATIONSHIP BETWEEN SHARIA STOCKS AND SUKUK: A TWO-STATE MARKOV SWITCHING ANALYSIS",2015,"PACIFIC-BASIN FINANCE JOURNAL","10.1016/j.pacfin.2015.06.004",TRUE,"DOI","T2_regime_switching_modelling","A"
"FORECASTING MACROECONOMIC VARIABLES UNDER MODEL INSTABILITY",2017,"JOURNAL OF BUSINESS \& ECONOMIC STATISTICS","10.1080/07350015.2015.1051183",TRUE,"DOI","T1a_core_detection","A"
"ON CREDIT SPREAD CHANGE OF CHINESE CORPORATE BONDS: CREDIT RISK OR ASSET ALLOCATION EFFECT?",2013,"CHINA FINANCE REVIEW INTERNATIONAL","10.1108/CFRI-02-2012-0020",TRUE,"DOI","T2_regime_switching_modelling","A"
"A GENERAL VALUATION FRAMEWORK FOR SABR AND STOCHASTIC LOCAL VOLATILITY MODELS",2018,"SIAM JOURNAL ON FINANCIAL MATHEMATICS","10.1137/16M1106572",TRUE,"DOI","T2_regime_switching_modelling","A"
"THE COVID-19 AND STOCK RETURN VOLATILITY: EVIDENCE FROM SOUTH KOREA",2021,"EAST ASIAN ECONOMIC REVIEW","10.11644/KIEP.EAER.2021.25.2.396",TRUE,"DOI","T2_regime_switching_modelling","A"
"EMPIRICAL ANALYSIS OF MARKET REACTIONS TO THE UK'S REFERENDUM RESULTS - HOW STRONG WILL BREXIT BE?",2018,"JOURNAL OF INTERNATIONAL FINANCIAL MARKETS INSTITUTIONS \& MONEY","10.1016/j.intfin.2017.12.003",TRUE,"DOI","T2_regime_switching_modelling","A"
"IRON ORE PRICE AND THE AUD EXCHANGE RATE: A MARKOV APPROACH",2020,"JOURNAL OF INTERNATIONAL TRADE \& ECONOMIC DEVELOPMENT","10.1080/09638199.2019.1655087",TRUE,"DOI","T2_regime_switching_modelling","A"
"INVENTORY CHANGE, CAPACITY UTILIZATION AND THE SEMICONDUCTOR INDUSTRY CYCLE",2013,"ECONOMIC MODELLING","10.1016/j.econmod.2012.11.027",FALSE,"not retrieved",NA,NA
"FOURIER SPACE TIME-STEPPING ALGORITHM FOR VALUING GUARANTEED MINIMUM WITHDRAWAL BENEFITS IN VARIABLE ANNUITIES UNDER REGIME-SWITCHING AND STOCHASTIC MORTALITY",2018,"ASTIN BULLETIN","10.1017/asb.2017.23",TRUE,"DOI","T2_regime_switching_modelling","A"
"A PROBIT MODEL FOR THE STATE OF THE GREEK GDP GROWTH",2015,"INTERNATIONAL JOURNAL OF FINANCIAL STUDIES","10.3390/ijfs3030381",TRUE,"DOI","T2_regime_switching_modelling","A"
"HEALTH TOURISM POTENTIAL OF TURKEY UNDER THE DIFFERENT REGIMES: MACROECONOMIC FACTORS AFFECTING THE INTERNATIONAL COMPETITIVENESS",2025,"EGE ACADEMIC REVIEW","10.21121/eab.20250307",TRUE,"DOI","T2_regime_switching_modelling","A"
"SOURCES OF THE GREAT MODERATION: A TIME-SERIES ANALYSIS OF GDP SUBSECTORS",2011,"JOURNAL OF ECONOMIC DYNAMICS \& CONTROL","10.1016/j.jedc.2010.07.008",TRUE,"DOI","T2_regime_switching_modelling","A"
"HAVE CAPITAL MARKET ANOMALIES WORLDWIDE ATTENUATED IN THE RECENT ERA OF HIGH LIQUIDITY AND TRADING ACTIVITY?",2019,"JOURNAL OF ECONOMICS AND BUSINESS","10.1016/j.jeconbus.2018.12.003",TRUE,"DOI","T2_regime_switching_modelling","A"
"MONEY SUPPLY VOLATILITY AND THE MACROECONOMY",2020,"MACROECONOMIC DYNAMICS","10.1017/S1365100518000901",TRUE,"DOI","T2_regime_switching_modelling","A"
"THE FORWARD PREMIUM PUZZLE AND THE EURO",2014,"JOURNAL OF INTERNATIONAL FINANCIAL MARKETS INSTITUTIONS \& MONEY","10.1016/j.intfin.2014.07.004",TRUE,"DOI","T2_regime_switching_modelling","A"
"IMPACT OF MACROECONOMIC FACTORS AND COUNTRY RISK RATINGS ON GCC STOCK MARKETS: EVIDENCE FROM A DYNAMIC PANEL THRESHOLD MODEL WITH REGIME SWITCHING",2017,"APPLIED ECONOMICS","10.1080/00036846.2016.1217305",TRUE,"DOI","T2_regime_switching_modelling","A"
"A MULTIPLE REGIME EXTENSION TO THE HESTON-NANDI GARCH(1,1) MODEL",2019,"JOURNAL OF EMPIRICAL FINANCE","10.1016/j.jempfin.2019.05.004",TRUE,"DOI","T2_regime_switching_modelling","A"
"IS THE RESPONSE OF REIT RETURNS TO MONETARY POLICY ASYMMETRIC?",2014,"JOURNAL OF REAL ESTATE RESEARCH",NA,TRUE,"DOI","T1a_core_detection","A"
"OIL PRICE SHOCKS AND MACROECONOMIC DYNAMICS IN RESOURCE-RICH EMERGING ECONOMIES UNDER REGIME SHIFTS",2024,"JOURNAL OF INTERNATIONAL MONEY AND FINANCE","10.1016/j.jimonfin.2024.103082",TRUE,"DOI","T2_regime_switching_modelling","A"
"A DISCRETE-TIME APPROACH TO EVALUATE PATH-DEPENDENT DERIVATIVES IN A REGIME-SWITCHING RISK MODEL",2020,"RISKS","10.3390/risks8010009",TRUE,"DOI","T2_regime_switching_modelling","A"
"MARKOV REGIME-SWITCHING AUTOREGRESSIVE MODEL WITH TEMPERED STABLE DISTRIBUTION: SIMULATION EVIDENCE",2020,"STUDIES IN NONLINEAR DYNAMICS AND ECONOMETRICS","10.1515/snde-2018-0008",TRUE,"DOI","T1a_core_detection","A"
"AN INTEGRATED MACRO-FINANCIAL RISK-BASED APPROACH TO THE STRESSED CAPITAL REQUIREMENT",2017,"REVIEW OF FINANCIAL ECONOMICS","10.1016/j.rfe.2017.06.002",TRUE,"DOI","T2_regime_switching_modelling","A"
"A REGIME-SWITCHING FACTOR MODEL FOR MEAN-VARIANCE OPTIMIZATION",2020,"JOURNAL OF RISK","10.21314/JOR.2020.432",TRUE,"DOI","T2_regime_switching_modelling","A"
"FINANCIAL CRISES AND STOCK MARKET CONTAGION IN A MULTIVARIATE TIME-VARYING ASYMMETRIC FRAMEWORK",2011,"JOURNAL OF INTERNATIONAL FINANCIAL MARKETS INSTITUTIONS \& MONEY","10.1016/j.intfin.2010.08.005",TRUE,"DOI","T2_regime_switching_modelling","A"
"DYNAMIC LINKAGE BETWEEN THE CHINESE AND GLOBAL STOCK MARKETS: A NORMAL MIXTURE APPROACH",2021,"EMERGING MARKETS REVIEW","10.1016/j.ememar.2020.100764",TRUE,"DOI","T2_regime_switching_modelling","A"
"THE EVALUATION OF MULTIPLE YEAR GAS SALES AGREEMENT WITH REGIME SWITCHING",2016,"INTERNATIONAL JOURNAL OF THEORETICAL AND APPLIED FINANCE","10.1142/S0219024916500059",TRUE,"DOI","T2_regime_switching_modelling","A"
"MEASURING TREND INFLATION IN INDIA",2022,"JOURNAL OF ASIAN ECONOMICS","10.1016/j.asieco.2022.101474",TRUE,"DOI","T2_regime_switching_modelling","A"
"FINANCIAL CRISES AND REGIME-DEPENDENT DYNAMICS",2012,"JOURNAL OF ECONOMIC BEHAVIOR \& ORGANIZATION","10.1016/j.jebo.2012.02.008",TRUE,"DOI","T2_regime_switching_modelling","A"
"STRUCTURAL BREAKS, MACROECONOMIC FUNDAMENTALS AND CROSS HEDGE RATIO",2022,"FINANCE RESEARCH LETTERS","10.1016/j.frl.2021.102633",TRUE,"DOI","T1a_core_detection","A"
"PRICING AND CALIBRATION OF THE FUTURES OPTIONS MARKET: A UNIFIED APPROXIMATION",2021,"JOURNAL OF FUTURES MARKETS","10.1002/fut.22206",TRUE,"DOI","T2_regime_switching_modelling","A"
"THE YEN-DOLLAR RISK PREMIUM: A STORY OF REGIME SHIFTS IN BOND MARKETS",2022,"JOURNAL OF INTERNATIONAL FINANCIAL MARKETS INSTITUTIONS \& MONEY","10.1016/j.intfin.2022.101531",TRUE,"DOI","T2_regime_switching_modelling","A"
"BITCOIN'S ENERGY CONSUMPTION: IS IT THE ACHILLES HEEL TO MINER'S REVENUE?",2020,"ECONOMICS LETTERS","10.1016/j.econlet.2019.108530",TRUE,"DOI","T2_regime_switching_modelling","A"
"FORECASTING THE WTI CRUDE OIL PRICE BY A HYBRID-REFINED METHOD",2018,"ENERGY ECONOMICS","10.1016/j.eneco.2018.02.004",TRUE,"DOI","T1a_core_detection","A"
"ARE THERE NONLINEAR SPECULATIVE BUBBLES IN COMMODITIES PRICES?",2014,"JOURNAL OF POST KEYNESIAN ECONOMICS","10.2753/PKE0160-3477360302",TRUE,"DOI","T2_regime_switching_modelling","A"
"CONTAGION AND GLOBAL FINANCIAL CRISES: LESSONS FROM NINE CRISIS EPISODES",2014,"OPEN ECONOMIES REVIEW","10.1007/s11079-013-9289-1",TRUE,"DOI","T2_regime_switching_modelling","A"
"RISK FACTOR EVOLUTION FOR COUNTERPARTY CREDIT RISK UNDER A HIDDEN MARKOV MODEL",2019,"RISKS","10.3390/risks7020066",TRUE,"DOI","T2_regime_switching_modelling","A"
"LIQUIDITY UNCERTAINTY AND BITCOIN'S MARKET MICROSTRUCTURE",2018,"ECONOMICS LETTERS","10.1016/j.econlet.2018.08.041",TRUE,"DOI","T2_regime_switching_modelling","A"
"THE DYNAMICS OF MONEY VELOCITY",2023,"APPLIED ECONOMICS LETTERS","10.1080/13504851.2022.2083062",TRUE,"DOI","T2_regime_switching_modelling","A"
"VOLATILITY REGIMES, ASYMMETRIC BASIS EFFECTS AND FORECASTING PERFORMANCE: AN EMPIRICAL INVESTIGATION OF THE WTI CRUDE OIL FUTURES MARKET",2012,"ENERGY ECONOMICS","10.1016/j.eneco.2011.11.009",TRUE,"DOI","T2_regime_switching_modelling","A"
"BAYESIAN ANALYSIS OF A REGIME SWITCHING IN-MEAN EFFECT FOR THE POLISH STOCK MARKET",2011,"CENTRAL EUROPEAN JOURNAL OF ECONOMIC MODELLING AND ECONOMETRICS",NA,TRUE,"DOI","T1a_core_detection","A"
"NELSON-SIEGEL DECAY FACTOR AND TERM PREMIA IN JAPAN",2022,"JOURNAL OF THE JAPANESE AND INTERNATIONAL ECONOMIES","10.1016/j.jjie.2022.101204",TRUE,"DOI","T2_regime_switching_modelling","A"
"ARE REGIME-SHIFT SOURCES OF RISK PRICED IN THE MARKET?",2014,"JOURNAL OF EMPIRICAL FINANCE","10.1016/j.jempfin.2014.06.004",TRUE,"DOI","T2_regime_switching_modelling","A"
"FINANCIAL CRISIS RISK, ECB ``NON-STANDARD'' MEASURES, AND THE EXTERNAL VALUE OF THE EURO",2012,"QUARTERLY REVIEW OF ECONOMICS AND FINANCE","10.1016/j.qref.2012.06.001",TRUE,"DOI","T2_regime_switching_modelling","A"
"DYNAMICS OF CREDIT SPREAD MOMENTS OF EUROPEAN CORPORATE BOND INDEXES",2013,"JOURNAL OF BANKING \& FINANCE","10.1016/j.jbankfin.2013.02.030",TRUE,"DOI","T2_regime_switching_modelling","A"
"FORECASTING THE STOCK RETURNS OF CHINESE OIL COMPANIES: CAN INVESTOR ATTENTION HELP?",2021,"INTERNATIONAL REVIEW OF ECONOMICS \& FINANCE","10.1016/j.iref.2021.07.006",TRUE,"DOI","T2_regime_switching_modelling","A"
"LIKELIHOOD INFERENCE FOR MARKOV SWITCHING GARCH(1,1) MODELS USING SEQUENTIAL MONTE CARLO",2022,"ECONOMETRICS AND STATISTICS","10.1016/j.ecosta.2020.03.004",TRUE,"DOI","T2_regime_switching_modelling","A"
"MACROECONOMIC DETERMINANTS OF THE LONG-TERM CORRELATION BETWEEN STOCK AND EXCHANGE RATE MARKETS IN CHINA: A DCC-MIDAS-X APPROACH CONSIDERING STRUCTURAL BREAKS",2024,"FINANCE RESEARCH LETTERS","10.1016/j.frl.2024.105020",TRUE,"DOI","T1a_core_detection","A"
"A TRANSFORM-BASED METHOD FOR PRICING ASIAN OPTIONS UNDER GENERAL TWO-DIMENSIONAL MODELS",2023,"QUANTITATIVE FINANCE","10.1080/14697688.2023.2256358",TRUE,"DOI","T2_regime_switching_modelling","A"
"ASYMMETRIC EFFECTS OF INDUSTRIAL PRODUCTION, MONEY SUPPLY AND EXCHANGE RATE CHANGES ON STOCK RETURNS IN TURKEY",2019,"APPLIED ECONOMICS","10.1080/00036846.2018.1540850",TRUE,"DOI","T1a_core_detection","A"
"THE INFLUENCE OF OIL, GOLD AND STOCK MARKET INDEX ON US EQUITY SECTORS",2022,"APPLIED ECONOMICS","10.1080/00036846.2021.1969001",TRUE,"DOI","T2_regime_switching_modelling","A"
"FORECASTING CRUDE OIL VOLATILITY WITH UNCERTAINTY INDICATORS: NEW EVIDENCE",2022,"ENERGY ECONOMICS","10.1016/j.eneco.2022.105936",TRUE,"DOI","T2_regime_switching_modelling","A"
"DETERMINATION OF THE EQUILIBRIUM EXPANSION RATE OF MONEY WHEN MONEY SUPPLY IS DRIVEN BY A TIME-HOMOGENEOUS MARKOV MODULATED JUMP DIFFUSION PROCESS",2015,"ECONOMICS BULLETIN",NA,TRUE,"DOI","T1a_core_detection","A"
"AN OPERATIONAL RISK-BASED REGIME-SWITCHING MODEL FOR STOCK PRICES",2017,"JOURNAL OF OPERATIONAL RISK","10.21314/JOP.2017.193",TRUE,"DOI","T2_regime_switching_modelling","A"
"PRICING ASIAN OPTIONS AND EQUITY-INDEXED ANNUITIES WITH REGIME SWITCHING BY THE TRINOMIAL TREE METHOD",2010,"NORTH AMERICAN ACTUARIAL JOURNAL","10.1080/10920277.2010.10597588",TRUE,"DOI","T2_regime_switching_modelling","A"
"EARLY WARNING SYSTEM IN ASEAN COUNTRIES USING CAPITAL MARKET INDEX RETURN: MODIFIED MARKOV REGIME SWITCHING MODEL",2011,"INDONESIAN CAPITAL MARKET REVIEW","10.21002/icmr.v3i1.3623",TRUE,"DOI","T2_regime_switching_modelling","A"
"CALENDAR ANOMALIES IN CASH AND STOCK INDEX FUTURES: INTERNATIONAL EVIDENCE",2014,"ECONOMIC MODELLING","10.1016/j.econmod.2013.10.036",TRUE,"DOI","T2_regime_switching_modelling","A"
"AMBIGUITY, LEARNING, AND ASSET RETURNS",2012,"ECONOMETRICA","10.3982/ECTA7618",TRUE,"DOI","T2_regime_switching_modelling","A"
"EXCHANGE RATES AND OIL PRICE UNDER UNCERTAINTY AND REGIME SWITCHING: A MARKOV-SWITCHING VAR APPROACH",2021,"ECONOMIC JOURNAL OF EMERGING MARKETS","10.20885/ejem.vol13.iss2.art9",TRUE,"DOI","T2_regime_switching_modelling","A"
"MODELING THE EXCHANGE RATE PASS-THROUGH IN TURKEY WITH UNCERTAINTY AND GEOPOLITICAL RISK: A MARKOV REGIME-SWITCHING APPROACH",2022,"APPLIED ECONOMIC ANALYSIS","10.1108/AEA-08-2020-0105",TRUE,"DOI","T2_regime_switching_modelling","A"
"MONETARY POLICY REGIMES AND THE TERM STRUCTURE OF INTEREST RATES",2013,"JOURNAL OF ECONOMETRICS","10.1016/j.jeconom.2013.01.002",TRUE,"DOI","T2_regime_switching_modelling","A"
"A MULTIFACTOR REGIME-SWITCHING MODEL FOR INTER-TRADE DURATIONS IN THE HIGH-FREQUENCY LIMIT ORDER MARKET",2023,"ECONOMIC MODELLING","10.1016/j.econmod.2022.106082",TRUE,"DOI","T2_regime_switching_modelling","A"
"REGIME SPECIFIC SPILLOVERS ACROSS US SECTORS AND THE ROLE OF OIL PRICE VOLATILITY",2022,"ENERGY ECONOMICS","10.1016/j.eneco.2022.105834",TRUE,"DOI","T2_regime_switching_modelling","A"
"A LOGNORMAL/NORMAL REGIME-SWITCHING COMMODITY PRICING MODEL",2025,"INTERNATIONAL JOURNAL OF FINANCIAL ENGINEERING","10.1142/S2424786323500147",TRUE,"DOI","T2_regime_switching_modelling","A"
"DISLOCATIONS IN THE WON-DOLLAR SWAP MARKETS DURING THE CRISIS OF 2007-2009",2014,"INTERNATIONAL JOURNAL OF FINANCE \& ECONOMICS","10.1002/ijfe.1492",TRUE,"DOI","T2_regime_switching_modelling","A"
"DYNAMIC LINKAGES IN THE PAIRS (GBP/EUR, USD/EUR) AND (GBP/USD, EUR/USD): HOW DO THEY CHANGE DURING A DAY?",2014,"CENTRAL EUROPEAN JOURNAL OF ECONOMIC MODELLING AND ECONOMETRICS",NA,TRUE,"DOI","T1a_core_detection","A"
"EMERGING MARKET DEBT AND THE COVID-19 PANDEMIC: A TIME-FREQUENCY ANALYSIS OF SPREADS AND TOTAL RETURNS DYNAMICS",2023,"INTERNATIONAL JOURNAL OF FINANCE \& ECONOMICS","10.1002/ijfe.2408",TRUE,"DOI","T2_regime_switching_modelling","A"
"FED'S UNCONVENTIONAL MONETARY POLICY AND RISK SPILLOVER IN THE US FINANCIAL MARKETS",2020,"QUARTERLY REVIEW OF ECONOMICS AND FINANCE","10.1016/j.qref.2020.01.004",TRUE,"DOI","T2_regime_switching_modelling","A"
"THE DYNAMICS OF THE S\&P 500 UNDER A CRISIS CONTEXT: INSIGHTS FROM A THREE-REGIME SWITCHING MODEL",2020,"RISKS","10.3390/risks8030071",TRUE,"DOI","T2_regime_switching_modelling","A"
"TIME-VARYING SPILLOVERS OF HIGHER MOMENTS BETWEEN BITCOIN AND CRUDE OIL MARKETS AND THE IMPACT OF THE US-CHINA TRADE WAR: A REGIME-SWITCHING PERSPECTIVE",2022,"EUROPEAN JOURNAL OF FINANCE","10.1080/1351847X.2022.2067002",TRUE,"DOI","T2_regime_switching_modelling","A"
"MODELLING THE REAL YEN-DOLLAR RATE AND INFLATION DYNAMICS BASED ON INTERNATIONAL PARITY CONDITIONS",2019,"JOURNAL OF ASIAN ECONOMICS","10.1016/j.asieco.2019.02.003",TRUE,"DOI","T2_regime_switching_modelling","A"
"IMPACT OF VOLATILITY AND EQUITY MARKET UNCERTAINTY ON HERD BEHAVIOUR: EVIDENCE FROM UK REITS",2018,"JOURNAL OF EUROPEAN REAL ESTATE RESEARCH","10.1108/JERER-06-2017-0021",TRUE,"DOI","T2_regime_switching_modelling","A"
"MONETARY POLICY, FINANCIAL FRICTIONS AND STRUCTURAL CHANGES IN UGANDA: A MARKOV-SWITCHING DSGE APPROACH",2020,"ECONOMIC RESEARCH-EKONOMSKA ISTRAZIVANJA","10.1080/1331677X.2020.1757480",TRUE,"DOI","T1b_contextual_detection","A"
"PRE-COMMITMENT AND EQUILIBRIUM INVESTMENT STRATEGIES FOR THE DC PENSION PLAN WITH REGIME SWITCHING AND A RETURN OF PREMIUMS CLAUSE",2018,"INSURANCE MATHEMATICS \& ECONOMICS","10.1016/j.insmatheco.2018.05.005",TRUE,"DOI","T2_regime_switching_modelling","A"
"DECOMPOSED OIL-DRIVEN INFLATION PERSISTENCE AND ASYMMETRIC SHOCKS",2025,"STUDIES IN NONLINEAR DYNAMICS AND ECONOMETRICS","10.1515/snde-2025-0067",TRUE,"DOI","T2_regime_switching_modelling","A"
"BITCOIN VOLATILITY PREDICTABILITY-THE ROLE OF JUMPS AND REGIMES",2022,"FINANCE RESEARCH LETTERS","10.1016/j.frl.2022.102687",TRUE,"DOI","T2_regime_switching_modelling","A"
"THE EFFECT OF CHINA'S RMB EXCHANGE RATE MOVEMENT ON ITS AGRICULTURAL EXPORT A CASE STUDY OF EXPORT TO JAPAN",2011,"CHINA AGRICULTURAL ECONOMIC REVIEW","10.1108/17561371111103525",TRUE,"DOI","T1a_core_detection","A"
"PREDICTING REGIME SWITCHES IN THE VIX INDEX WITH MACROECONOMIC VARIABLES",2011,"APPLIED ECONOMICS LETTERS","10.1080/13504851.2010.539532",TRUE,"DOI","T2_regime_switching_modelling","A"
"OPTION PRICING AND HEDGING UNDER A STOCHASTIC VOLATILITY L,VY PROCESS MODEL",2012,"REVIEW OF DERIVATIVES RESEARCH","10.1007/s11147-011-9070-9",TRUE,"DOI","T2_regime_switching_modelling","A"
"A COMPARATIVE GOODNESS-OF-FIT ANALYSIS OF DISTRIBUTIONS OF SOME LEVY PROCESSES AND HESTON MODEL TO STOCK INDEX RETURNS",2016,"NORTH AMERICAN JOURNAL OF ECONOMICS AND FINANCE","10.1016/j.najef.2015.12.001",TRUE,"DOI","T2_regime_switching_modelling","A"
"A REGIME SWITCHING ANALYSIS OF INDONESIA'S EXCHANGE MARKET PRESSURE",2014,"SINGAPORE ECONOMIC REVIEW","10.1142/S0217590814500131",TRUE,"DOI","T2_regime_switching_modelling","A"
"PRICING CURRENCY OPTIONS UNDER DOUBLE EXPONENTIAL JUMP DIFFUSION IN A MARKOV-MODULATED HJM ECONOMY",2016,"REVIEW OF QUANTITATIVE FINANCE AND ACCOUNTING","10.1007/s11156-014-0478-9",TRUE,"DOI","T2_regime_switching_modelling","A"
"MIND THE OUTPUT GAP: THE DISCONNECT OF GROWTH AND INFLATION DURING RECESSIONS AND CONVEX PHILLIPS CURVES IN THE EURO AREA",2019,"OXFORD BULLETIN OF ECONOMICS AND STATISTICS","10.1111/obes.12291",TRUE,"DOI","T2_regime_switching_modelling","A"
"CONFIDENCE BUILDING ON EURO CONVERGENCE: EVIDENCE FROM CURRENCY OPTIONS",2011,"JOURNAL OF INTERNATIONAL MONEY AND FINANCE","10.1016/j.jimonfin.2011.01.010",TRUE,"DOI","T2_regime_switching_modelling","A"
"MODELLING AUSTRALIAN ELECTRICITY PRICES USING INDICATOR SATURATION",2023,"ENERGY ECONOMICS","10.1016/j.eneco.2023.106616",FALSE,"not retrieved",NA,NA
"THE STRESS-DEPENDENT RANDOM WALK",2015,"INTERNATIONAL JOURNAL OF THEORETICAL AND APPLIED FINANCE","10.1142/S0219024915500545",TRUE,"DOI","T2_regime_switching_modelling","A"
"THE SIZE PREMIUM AND MACROVOLATILITY RISKS: EVIDENCE FROM US AND UK EQUITY MARKETS",2019,"INTERNATIONAL JOURNAL OF FINANCE \& ECONOMICS","10.1002/ijfe.1717",TRUE,"DOI","T2_regime_switching_modelling","A"
"EXACT LIKELIHOOD COMPUTATION FOR NONLINEAR DSGE MODELS WITH HETEROSKEDASTIC INNOVATIONS",2011,"JOURNAL OF ECONOMIC DYNAMICS \& CONTROL","10.1016/j.jedc.2011.08.003",TRUE,"DOI","T2_regime_switching_modelling","A"
"TESTING VOLATILITY PERSISTENCE ON MARKOV SWITCHING STOCHASTIC VOLATILITY MODELS",2013,"ECONOMIC MODELLING","10.1016/j.econmod.2013.06.029",TRUE,"DOI","T2_regime_switching_modelling","A"
"INTERTEMPORAL ASSET PRICING WITH BITCOIN",2021,"REVIEW OF QUANTITATIVE FINANCE AND ACCOUNTING","10.1007/s11156-020-00904-x",TRUE,"DOI","T2_regime_switching_modelling","A"
"MODELING HIGH-FREQUENCY VOLATILITY WITH THREE-STATE FIGARCH MODELS",2015,"ECONOMIC MODELLING","10.1016/j.econmod.2015.09.008",TRUE,"DOI","T1a_core_detection","A"
"THE IMPACT OF LARGE-SCALE ASSET PURCHASES ON THE S\&P 500 INDEX, LONG-TERM INTEREST RATES AND UNEMPLOYMENT",2015,"APPLIED ECONOMICS","10.1080/00036846.2015.1061646",TRUE,"DOI","T2_regime_switching_modelling","A"
"VOLATILITY SPILLOVERS AMONG MIST STOCK MARKETS",2022,"DATA SCIENCE IN FINANCE AND ECONOMICS","10.3934/DSFE.2022004",TRUE,"DOI","T1a_core_detection","A"
"ESTIMATING TAYLOR RULES WITH MARKOV SWITCHING REGIMES FOR TURKEY",2019,"ROMANIAN JOURNAL OF ECONOMIC FORECASTING",NA,TRUE,"DOI","T1a_core_detection","A"
"OPTION PRICING IN REGIME-SWITCHING FRAMEWORKS WITH THE EXTENDED GIRSANOV PRINCIPLE",2021,"INSURANCE MATHEMATICS \& ECONOMICS","10.1016/j.insmatheco.2021.02.007",TRUE,"DOI","T2_regime_switching_modelling","A"
"ARE ISLAMIC BONDS A GOOD SAFE HAVEN FOR STOCKS? IMPLICATIONS FOR PORTFOLIO MANAGEMENT IN A TIME-VARYING REGIME-SWITCHING COPULA FRAMEWORK",2019,"APPLIED ECONOMICS","10.1080/00036846.2018.1494376",TRUE,"DOI","T1a_core_detection","A"
"CORPORATE BOND DEFAULT RISK: A 150-YEAR PERSPECTIVE",2011,"JOURNAL OF FINANCIAL ECONOMICS","10.1016/j.jfineco.2011.01.011",TRUE,"DOI","T2_regime_switching_modelling","A"
"MARKET MAKING AND ELECTRICITY PRICE FORMATION IN JAPAN",2022,"ENERGY ECONOMICS","10.1016/j.eneco.2021.105765",TRUE,"DOI","T2_regime_switching_modelling","A"
"A MARKOV REGIME SWITCHING MODEL OF CRISES AND CONTAGION: THE CASE OF THE IBERIAN COUNTRIES IN THE EMS",2012,"JOURNAL OF MACROECONOMICS","10.1016/j.jmacro.2012.08.007",TRUE,"DOI","T2_regime_switching_modelling","A"
"FORECASTING TURBULENCE IN THE ASIAN AND EUROPEAN STOCK MARKET USING REGIME-SWITCHING MODELS",2018,"QUANTITATIVE FINANCE AND ECONOMICS","10.3934/QFE.2018.2.388",TRUE,"DOI","T2_regime_switching_modelling","A"
"A FAST ALGORITHM FOR SIMULATION OF ROUGH VOLATILITY MODELS",2022,"QUANTITATIVE FINANCE","10.1080/14697688.2021.1970213",TRUE,"DOI","T2_regime_switching_modelling","A"
"PRICING AMERICAN OPTION USING A MODIFIED FRACTIONAL BLACK-SCHOLES MODEL UNDER MULTI-STATE REGIME SWITCHING",2023,"INTERNATIONAL JOURNAL OF THEORETICAL AND APPLIED FINANCE","10.1142/S021902492350019X",TRUE,"DOI","T2_regime_switching_modelling","A"
"THE DETERMINANTS OF THE EX ANTE RISK PREMIUM IN COMMERCIAL REAL ESTATE",2019,"JOURNAL OF REAL ESTATE RESEARCH","10.22300/0896-5803.41.3.411",TRUE,"DOI","T2_regime_switching_modelling","A"
"HETEROGENEOUS INVESTMENT HORIZONS, RISK REGIMES, AND REALIZED JUMPS",2021,"INTERNATIONAL JOURNAL OF FINANCE \& ECONOMICS","10.1002/ijfe.1807",TRUE,"DOI","T2_regime_switching_modelling","A"
"A LATENT-FACTOR-DRIVEN ENDOGENOUSREGIME-SWITCHING NON-GAUSSIANMODEL: EVIDENCE FROM SIMULATION AND APPLICATION",2022,"INTERNATIONAL JOURNAL OF FINANCE \& ECONOMICS","10.1002/ijfe.2192",TRUE,"DOI","T2_regime_switching_modelling","A"
"BAYESIAN INFERENCE OF MULTIVARIATE REGRESSION MODELS WITH ENDOGENOUS MARKOV REGIME-SWITCHING PARAMETERS*",2022,"JOURNAL OF FINANCIAL ECONOMETRICS","10.1093/jjfinec/nbaa021",TRUE,"DOI","T2_regime_switching_modelling","A"
"THE IMPACT OF VOLATILITY REGIME DYNAMICS ON OPTION PRICING",2025,"NORTH AMERICAN JOURNAL OF ECONOMICS AND FINANCE","10.1016/j.najef.2024.102352",TRUE,"DOI","T2_regime_switching_modelling","A"
"THE BEHAVIOR OF THE REAL EFFECTIVE EXCHANGE RATE OF ETHIOPIA: DOES MISALIGNMENT EXIST?",2025,"MACROECONOMICS AND FINANCE IN EMERGING MARKET ECONOMIES","10.1080/17520843.2023.2210451",TRUE,"DOI","T2_regime_switching_modelling","A"
"THE CAUSAL NEXUS BETWEEN OIL PRICES AND EQUITY MARKET IN THE US: A REGIME SWITCHING MODEL",2013,"ENERGY ECONOMICS","10.1016/j.eneco.2013.04.014",TRUE,"DOI","T2_regime_switching_modelling","A"
"ASYMMETRY IN THE REGIMES OF INFLATION AND BUSINESS CYCLES:THE NEW KEYNESIAN PHILLIPS CURVE",2023,"APPLIED ECONOMICS","10.1080/00036846.2022.2107610",TRUE,"DOI","T2_regime_switching_modelling","A"
"RATIONAL EXPECTATIONS, CHANGING MONETARY POLICY RULES, AND REAL EXCHANGE RATE DYNAMICS",2012,"JOURNAL OF BANKING \& FINANCE","10.1016/j.jbankfin.2012.06.013",TRUE,"DOI","T2_regime_switching_modelling","A"
"THE DEMAND FOR BANKING AND SHADOW BANKING SERVICES",2019,"NORTH AMERICAN JOURNAL OF ECONOMICS AND FINANCE","10.1016/j.najef.2018.12.009",TRUE,"DOI","T2_regime_switching_modelling","A"
"RATIONAL INATTENTION IN UNCERTAIN BUSINESS CYCLES",2017,"JOURNAL OF MONEY CREDIT AND BANKING","10.1111/jmcb.12373",TRUE,"DOI","T2_regime_switching_modelling","A"
"REGIME DEPENDENT EFFECTS OF INFLATION UNCERTAINTY ON REAL GROWTH: A MARKOV SWITCHING APPROACH",2016,"SCOTTISH JOURNAL OF POLITICAL ECONOMY","10.1111/sjpe.12087",TRUE,"DOI","T2_regime_switching_modelling","A"
"STOCK PRICES, DIVIDENDS, EARNINGS, AND INVESTOR SENTIMENT",2016,"REVIEW OF QUANTITATIVE FINANCE AND ACCOUNTING","10.1007/s11156-015-0530-4",TRUE,"DOI","T1a_core_detection","A"
"OUT-OF-SAMPLE EQUITY PREMIUM PREDICTION IN THE PRESENCE OF STRUCTURAL BREAKS",2019,"INTERNATIONAL REVIEW OF FINANCIAL ANALYSIS","10.1016/j.irfa.2019.101385",TRUE,"DOI","T1a_core_detection","A"
"MODELLING TIME-VARYING VOLATILITY IN THE INDIAN STOCK RETURNS: SOME EMPIRICAL EVIDENCE",2015,"REVIEW OF DEVELOPMENT FINANCE","10.1016/j.rdf.2015.04.002",TRUE,"DOI","T1a_core_detection","A"
"NEWS SENTIMENT AND INVESTMENT RISK MANAGEMENT: INNOVATIVE EVIDENCE FROM THE LARGE LANGUAGE MODELS",2025,"ECONOMICS LETTERS","10.1016/j.econlet.2024.112124",TRUE,"DOI","T2_regime_switching_modelling","A"
"HOW COMPETITIVE IS SRI IN DEVELOPING FINANCIAL MARKETS: THE CASE OF CENTRAL AND EASTERN EUROPE",2023,"E \& M EKONOMIE A MANAGEMENT","10.15240/tul/001/2023-2-011",TRUE,"DOI","T2_regime_switching_modelling","A"
"NONLINEARITIES IN THE OIL EFFECTS ON THE SOVEREIGN CREDIT RISK: A SELF-EXCITING THRESHOLD AUTOREGRESSION APPROACH",2019,"RESEARCH IN INTERNATIONAL BUSINESS AND FINANCE","10.1016/j.ribaf.2019.04.005",TRUE,"DOI","T2_regime_switching_modelling","A"
"INFLUENCE OF UKRAINE INVASION BY RUSSIA ON TURKISH MARKETS",2024,"JOURNAL OF ECONOMIC ASYMMETRIES","10.1016/j.jeca.2023.e00348",TRUE,"DOI","T2_regime_switching_modelling","A"
"SPECULATIVE BUBBLES IN THE S\&P 500: WAS THE TECH BUBBLE CONFINED TO THE TECH SECTOR?",2010,"JOURNAL OF EMPIRICAL FINANCE","10.1016/j.jempfin.2009.12.004",TRUE,"DOI","T2_regime_switching_modelling","A"
"ABSENCE OF THE WEEKEND EFFECT AND INDUSTRY-STYLE PORTFOLIOS",2020,"JOURNAL OF FINANCIAL ECONOMIC POLICY","10.1108/JFEP-04-2019-0066",TRUE,"DOI","T1a_core_detection","A"
"THE CONTAGION EFFECTS ON REAL ECONOMY: EMERGING MARKETS DURING THE RECENT CRISES",2016,"ROMANIAN JOURNAL OF ECONOMIC FORECASTING",NA,TRUE,"DOI","T1a_core_detection","A"
"REGIME-SWITCHING ENERGY PRICE VOLATILITY: THE ROLE OF ECONOMIC POLICY UNCERTAINTY",2021,"INTERNATIONAL REVIEW OF ECONOMICS \& FINANCE","10.1016/j.iref.2021.05.012",TRUE,"DOI","T2_regime_switching_modelling","A"
"THE EFFECT OF FAT TAILS ON RULES FOR OPTIMAL PAIRS TRADING: PERFORMANCE IMPLICATIONS OF REGIME SWITCHING WITH POISSON EVENTS",2025,"INTERNATIONAL JOURNAL OF FINANCIAL STUDIES","10.3390/ijfs13020096",TRUE,"DOI","T2_regime_switching_modelling","A"
"OIL PRICE FLUCTUATION, STOCK MARKET AND MACROECONOMIC FUNDAMENTALS: EVIDENCE FROM CHINA BEFORE AND AFTER THE FINANCIAL CRISIS",2019,"FINANCE RESEARCH LETTERS","10.1016/j.frl.2019.03.028",TRUE,"DOI","T1a_core_detection","A"
"RISK DEPENDENCE OF COVAR AND STRUCTURAL CHANGE BETWEEN OIL PRICES AND EXCHANGE RATES: A TIME-VARYING COPULA MODEL",2019,"ENERGY ECONOMICS","10.1016/j.eneco.2018.07.012",TRUE,"DOI","T1a_core_detection","A"
"COINTEGRATED PERIODICALLY COLLAPSING BUBBLES IN THE EXCHANGE RATE OF ``BRICS''",2018,"EMERGING MARKETS FINANCE AND TRADE","10.1080/1540496X.2016.1229179",TRUE,"DOI","T2_regime_switching_modelling","A"
"JUMPS AND VOLATILITY DYNAMICS IN AGRICULTURAL COMMODITY SPOT PRICES",2017,"APPLIED ECONOMICS","10.1080/00036846.2016.1273507",TRUE,"DOI","T2_regime_switching_modelling","A"
"OPTIMAL GASOLINE HEDGING STRATEGIES USING FUTURES CONTRACTS AND EXCHANGE-TRADED FUNDS",2015,"APPLIED ECONOMICS","10.1080/00036846.2015.1016210",FALSE,"not retrieved",NA,NA
"FOREIGN EXCHANGE INTERVENTION AND MONETARY POLICY RULES UNDER A MANAGED FLOATING REGIME: EVIDENCE FROM CHINA",2022,"APPLIED ECONOMICS","10.1080/00036846.2021.2005767",TRUE,"DOI","T2_regime_switching_modelling","A"
"TIME-VARYING DEPENDENCE BETWEEN STOCK MARKETS AND OIL PRICES DURING COVID-19: THE CASE OF NET OIL-EXPORTING COUNTRIES",2020,"ECONOMICS BULLETIN",NA,TRUE,"DOI","T1a_core_detection","A"
"DETECTION OF UNCERTAINTY EVENTS IN THE BRAZILIAN ECONOMIC AND FINANCIAL TIME SERIES",2024,"COMPUTATIONAL ECONOMICS","10.1007/s10614-023-10483-3",TRUE,"DOI","T1a_core_detection","A"
"MONETARY POLICY REGIME SWITCHES AND MACROECONOMIC DYNAMICS",2016,"INTERNATIONAL ECONOMIC REVIEW","10.1111/iere.12153",TRUE,"DOI","T2_regime_switching_modelling","A"
"STOCK MARKET VOLATILITY AND STRUCTURAL BREAKS: AN EMPIRICAL ANALYSIS OF FRAGILE FIVE COUNTRIES USING GARCH AND EGARCH MODELS",2020,"JOURNAL OF APPLIED ECONOMICS AND BUSINESS RESEARCH",NA,TRUE,"DOI","T1a_core_detection","A"
"FORECASTING CRUDE OIL PRICE VOLATILITY",2018,"INTERNATIONAL JOURNAL OF FORECASTING","10.1016/j.ijforecast.2018.04.007",TRUE,"DOI","T2_regime_switching_modelling","A"
"ADAPTIVE STOCHASTIC RISK ESTIMATION OF FIRM OPERATING PROFIT",2021,"JOURNAL OF INDUSTRIAL AND BUSINESS ECONOMICS","10.1007/s40812-021-00184-z",TRUE,"DOI","T2_regime_switching_modelling","A"
"DETECTING VOLATILITY PERSISTENCE IN GARCH MODELS IN THE PRESENCE OF THE LEVERAGE EFFECT",2014,"QUANTITATIVE FINANCE","10.1080/14697688.2012.716162",TRUE,"DOI","T2_regime_switching_modelling","A"
"CHANGE POINT DYNAMICS FOR FINANCIAL DATA: AN INDEXED MARKOV CHAIN APPROACH",2019,"ANNALS OF FINANCE","10.1007/s10436-018-0337-0",TRUE,"DOI","T1a_core_detection","A"
"POLYNOMIAL APPROXIMATION TO OPTION PRICES UNDER REGIME SWITCHING",2013,"NORTH AMERICAN ACTUARIAL JOURNAL","10.1080/10920277.2013.813836",TRUE,"DOI","T2_regime_switching_modelling","A"
"THE EFFECT OF COVID-19 ON THE STOCK MARKET PERFORMANCE: EMPIRICAL EVIDENCE FOR TURKISH ECONOMY",2022,"JOURNAL OF APPLIED ECONOMICS AND BUSINESS RESEARCH",NA,TRUE,"DOI","T1a_core_detection","A"
"STRUCTURAL BREAKS IN INTERACTIVE EFFECTS PANELS AND THE STOCK MARKET REACTION TO COVID-19",2023,"JOURNAL OF BUSINESS \& ECONOMIC STATISTICS","10.1080/07350015.2022.2053690",TRUE,"DOI","T1a_core_detection","A"
"LINER AND NONLINER SECTORAL RESPONSE OF STOCK MARKETS TO OIL PRICE MOVEMENTS: THE CASE OF SAUDI ARABIA",2020,"INTERNATIONAL JOURNAL OF FINANCE \& ECONOMICS","10.1002/ijfe.1755",TRUE,"DOI","T2_regime_switching_modelling","A"
"ON A REGIME SWITCHING ILLIQUID HIGH VOLATILE PREDICTION MODEL FOR CRYPTOCURRENCIES",2024,"JOURNAL OF ECONOMIC STUDIES","10.1108/JES-03-2023-0134",TRUE,"DOI","T2_regime_switching_modelling","A"
"EXPECTED LOG-UTILITY MAXIMIZATION UNDER INCOMPLETE INFORMATION AND WITH COX-PROCESS OBSERVATIONS",2014,"ASIA-PACIFIC FINANCIAL MARKETS","10.1007/s10690-013-9176-1",FALSE,"not retrieved",NA,NA
"DOES CRUDE OIL PRICE PLAY AN IMPORTANT ROLE IN EXPLAINING STOCK RETURN BEHAVIOR?",2013,"ENERGY ECONOMICS","10.1016/j.eneco.2013.05.008",TRUE,"DOI","T2_regime_switching_modelling","A"
"HARA UTILITY MAXIMIZATION IN A MARKOV-SWITCHING BOND-STOCK MARKET",2017,"QUANTITATIVE FINANCE","10.1080/14697688.2017.1302600",TRUE,"DOI","T2_regime_switching_modelling","A"
"INTEREST RATE PASS-THROUGH IN THE EURO AREA DURING THE FINANCIAL CRISIS: A MULTIVARIATE REGIME-SWITCHING APPROACH",2014,"JOURNAL OF POLICY MODELING","10.1016/j.jpolmod.2013.12.002",TRUE,"DOI","T2_regime_switching_modelling","A"
"QUANTILE-BASED SMOOTH TRANSITION VALUE AT RISK ESTIMATION",2019,"ECONOMETRICS JOURNAL","10.1093/ectj/utz009",TRUE,"DOI","T2_regime_switching_modelling","A"
"BOUNDED RATIONALITY, ADAPTIVE BEHAVIOUR, AND ASSET PRICES",2022,"INTERNATIONAL REVIEW OF FINANCIAL ANALYSIS","10.1016/j.irfa.2022.102037",TRUE,"DOI","T2_regime_switching_modelling","A"
"REGIME DEPENDENT EFFECT OF OUTPUT GROWTH ON OUTPUT GROWTH UNCERTAINTY: EVIDENCE FROM OECD COUNTRIES",2019,"BULLETIN OF ECONOMIC RESEARCH","10.1111/boer.12158",FALSE,"not retrieved",NA,NA
"PRICING SURRENDER RISK IN RATCHET EQUITY-INDEX ANNUITIES UNDER REGIME-SWITCHING LEVY PROCESSES",2017,"NORTH AMERICAN ACTUARIAL JOURNAL","10.1080/10920277.2017.1302804",FALSE,"not retrieved",NA,NA
"THE MINIMAL ENTROPY MARTINGALE MEASURE (MEMM) FOR A MARKOV-MODULATED EXPONENTIAL LEVY MODEL",2012,"ASIA-PACIFIC FINANCIAL MARKETS","10.1007/s10690-011-9142-8",TRUE,"DOI","T2_regime_switching_modelling","A"
"COMBINING DAY-AHEAD FORECASTS FOR BRITISH ELECTRICITY PRICES",2013,"ENERGY ECONOMICS","10.1016/j.eneco.2011.12.001",TRUE,"DOI","T2_regime_switching_modelling","A"
"STRUCTURAL VOLATILITY IMPULSE RESPONSE FUNCTION AND ASYMPTOTIC INFERENCE",2018,"JOURNAL OF FINANCIAL ECONOMETRICS","10.1093/jjfinec/nbx029",TRUE,"DOI","T1a_core_detection","A"
"OPTIMAL PORTFOLIO CHOICE WITH ABSORBING MARKOV CHAINS: APPLICATION TO MARKETS THAT MAY POTENTIALLY DECOUPLE",2024,"JOURNAL OF INVESTMENT MANAGEMENT",NA,TRUE,"DOI","T1a_core_detection","A"
"THE IMPACT OF CHANGES IN MONETARY AGGREGATES ON EXCHANGE RATE VOLATILITY IN A DEVELOPING COUNTRY: DO STRUCTURAL BREAKS MATTER?",2017,"ECONOMICS LETTERS","10.1016/j.econlet.2017.03.024",TRUE,"DOI","T1a_core_detection","A"
"FOREIGN EXCHANGE OPTION PRICING UNDER REGIME SWITCHING WITH ASYMMETRICAL JUMPS",2022,"FINANCE RESEARCH LETTERS","10.1016/j.frl.2021.102294",TRUE,"DOI","T2_regime_switching_modelling","A"
"GROWTH UNCERTAINTY, GENERALIZED DISAPPOINTMENT AVERSION AND PRODUCTION-BASED ASSET PRICING",2015,"JOURNAL OF MONETARY ECONOMICS","10.1016/j.jmoneco.2014.12.002",TRUE,"DOI","T2_regime_switching_modelling","A"
"DOES GREATER MARKET TRANSPARENCY REDUCE INFORMATION ASYMMETRY?",2016,"EMERGING MARKETS FINANCE AND TRADE","10.1080/1540496X.2015.1087786",TRUE,"DOI","T2_regime_switching_modelling","A"
"FINANCIAL CONTAGION AMONG COVID-19 CONCEPT-RELATED STOCKS IN CHINA",2022,"APPLIED ECONOMICS","10.1080/00036846.2021.1990844",TRUE,"DOI","T1a_core_detection","A"
"STRUCTURAL CHANGE FEATURES AND INFLUENCING FACTORS OF CHINA'S CARBON PRICE",2023,"EMERGING MARKETS FINANCE AND TRADE","10.1080/1540496X.2022.2156280",TRUE,"DOI","T1a_core_detection","A"
"ESTIMATING GENERAL EQUILIBRIUM MODELS WITH STOCHASTIC VOLATILITY AND CHANGING PARAMETERS",2017,"ECONOMIC MODELLING","10.1016/j.econmod.2017.06.010",TRUE,"DOI","T2_regime_switching_modelling","A"
"NONLINEAR NETWORK CONNECTEDNESS: ASSESSING FINANCIAL RISK TRANSMISSION IN MENA AND INFLUENCE OF EXTERNAL FINANCIAL CONDITIONS",2024,"EMERGING MARKETS REVIEW","10.1016/j.ememar.2024.101186",TRUE,"DOI","T2_regime_switching_modelling","A"
"PREDICTABILITY OF BULL AND BEAR MARKETS: A NEW LOOK AT FORECASTING STOCK MARKET REGIMES (AND RETURNS) IN THE US?",2023,"INTERNATIONAL JOURNAL OF FORECASTING","10.1016/j.ijforecast.2022.01.004",TRUE,"DOI","T1a_core_detection","A"
"IMPACT OF EXOGENOUS EVENTS ON VOLATILITY DERIVATIVES PRICING",2025,"RESEARCH IN INTERNATIONAL BUSINESS AND FINANCE","10.1016/j.ribaf.2025.103129",TRUE,"DOI","T2_regime_switching_modelling","A"
"MODELING OIL PRICE-US STOCK NEXUS: A VARMA-BEKK-AGARCH APPROACH",2015,"ENERGY ECONOMICS","10.1016/j.eneco.2015.03.031",TRUE,"DOI","T1a_core_detection","A"
"HOW RATIONAL ARE THE OPTION PRICES OF THE HONG KONG DOLLAR EXCHANGE RATE?",2021,"JOURNAL OF DERIVATIVES","10.3905/jod.2020.1.120",TRUE,"DOI","T2_regime_switching_modelling","A"
"MARKOV SWITCHING GARCH MODELS FOR BAYESIAN HEDGING ON ENERGY FUTURES MARKETS",2018,"ENERGY ECONOMICS","10.1016/j.eneco.2017.06.001",TRUE,"DOI","T2_regime_switching_modelling","A"
"WARS, CARTELS AND COVID-19: REGIME SWITCHING IN COMMODITY PRICES",2024,"APPLIED ECONOMICS LETTERS","10.1080/13504851.2022.2133892",TRUE,"DOI","T2_regime_switching_modelling","A"
"OIL PRICES, EXCHANGE RATE, AND THE PRICE ASYMMETRY IN THE TAIWANESE RETAIL GASOLINE MARKET",2016,"ECONOMIC MODELLING","10.1016/j.econmod.2015.10.012",TRUE,"DOI","T1a_core_detection","A"
"MARKET RETURNS AND RISK FACTORS FOR THE EMERGING ECONOMIES",2020,"APPLIED ECONOMICS","10.1080/00036846.2020.1761534",TRUE,"DOI","T1a_core_detection","A"
"PORTFOLIO DIVERSIFICATION BETWEEN DEVELOPED AND DEVELOPING STOCK MARKETS: THE CASE OF US AND UK INVESTORS IN NIGERIA",2018,"RESEARCH IN INTERNATIONAL BUSINESS AND FINANCE","10.1016/j.ribaf.2017.07.153",TRUE,"DOI","T1a_core_detection","A"
"KELLY INVESTING WITH DOWNSIDE RISK CONTROL IN A REGIME-SWITCHING MARKET",2022,"QUANTITATIVE FINANCE","10.1080/14697688.2021.1993617",TRUE,"DOI","T2_regime_switching_modelling","A"
"A MARKOV-SWITCHING MULTIFRACTAL INTER-TRADE DURATION MODEL, WITH APPLICATION TO US EQUITIES",2013,"JOURNAL OF ECONOMETRICS","10.1016/j.jeconom.2013.04.016",TRUE,"DOI","T2_regime_switching_modelling","A"
"PARAMETER LEARNING AND CHANGE DETECTION USING A PARTICLE FILTER WITH ACCELERATED ADAPTATION",2021,"RISKS","10.3390/risks9120228",TRUE,"DOI","T1b_contextual_detection","A"
"THE STOCHASTIC BEHAVIOR OF ELECTRICITY PRICES UNDER SCRUTINY: EVIDENCE FROM SPOT AND FUTURES MARKETS",2025,"ENERGY ECONOMICS","10.1016/j.eneco.2025.108296",FALSE,"not retrieved",NA,NA
"VARIANCE REDUCTION FOR ASIAN OPTIONS UNDER A GENERAL MODEL FRAMEWORK",2015,"REVIEW OF FINANCE","10.1093/rof/rfu005",TRUE,"DOI","T2_regime_switching_modelling","A"
"THE INFLUENCE OF THE RENMINBI AND ITS MACROECONOMIC DETERMINANTS: A NEW CHINESE MONETARY ORDER IN ASIA",2022,"JOURNAL OF INTERNATIONAL FINANCIAL MARKETS INSTITUTIONS \& MONEY","10.1016/j.intfin.2022.101586",TRUE,"DOI","T2_regime_switching_modelling","A"
"OIL PRICES, EXCHANGE RATES AND STOCK MARKETS UNDER UNCERTAINTY AND REGIME-SWITCHING",2018,"FINANCE RESEARCH LETTERS","10.1016/j.frl.2018.02.032",TRUE,"DOI","T2_regime_switching_modelling","A"
"SOURCES OF BUSINESS CYCLE VOLATILITY IN THE INDIAN ECONOMY",2023,"INDIAN JOURNAL OF ECONOMICS AND DEVELOPMENT","10.35716/IJED-22494",TRUE,"DOI","T2_regime_switching_modelling","A"
"WITHIN-REGIME VOLATILITY DYNAMICS FOR OBSERVABLE- AND MARKOV-SWITCHING SCORE-DRIVEN MODELS",2025,"FINANCE RESEARCH LETTERS","10.1016/j.frl.2024.106631",TRUE,"DOI","T2_regime_switching_modelling","A"
"FOREIGN EXCHANGE HEDGING USING REGIME-SWITCHING MODELS: THE CASE OF POUND STERLING",2024,"INTERNATIONAL JOURNAL OF FINANCE \& ECONOMICS","10.1002/ijfe.2893",TRUE,"DOI","T2_regime_switching_modelling","A"
"IS IGNORANCE BLISS? THE COST OF BUSINESS-CYCLE UNCERTAINTY",2013,"MACROECONOMIC DYNAMICS","10.1017/S1365100511000460",TRUE,"DOI","T2_regime_switching_modelling","A"
"AN EMPIRICAL COMPARISON OF TWO STOCHASTIC VOLATILITY MODELS USING INDIAN MARKET DATA",2013,"ASIA-PACIFIC FINANCIAL MARKETS","10.1007/s10690-013-9166-3",TRUE,"DOI","T2_regime_switching_modelling","A"
"MARKOV REGIME-SWITCHING IN-MEAN MODEL WITH TEMPERED STABLE DISTRIBUTION",2020,"COMPUTATIONAL ECONOMICS","10.1007/s10614-019-09882-2",TRUE,"DOI","T1a_core_detection","A"
"OPTION PRICING WITH STATE-DEPENDENT PRICING KERNEL",2022,"JOURNAL OF FUTURES MARKETS","10.1002/fut.22338",TRUE,"DOI","T2_regime_switching_modelling","A"
"ON THE PREDICTABILITY OF JAPANESE STOCK RETURNS USING DIVIDEND YIELD",2010,"ASIA-PACIFIC FINANCIAL MARKETS","10.1007/s10690-009-9105-5",TRUE,"DOI","T1a_core_detection","A"
"REGIME-SHIFTS AND POST-FLOAT INFLATION DYNAMICS OF AUSTRALIA",2011,"ECONOMIC MODELLING","10.1016/j.econmod.2011.03.021",TRUE,"DOI","T2_regime_switching_modelling","A"
"ON THE EFFECT OF HERDING BEHAVIOR ON DEPENDENCE STRUCTURE BETWEEN STOCK MARKETS: EVIDENCE FROM GCC COUNTRIES",2018,"JOURNAL OF BEHAVIORAL AND EXPERIMENTAL FINANCE","10.1016/j.jbef.2018.07.003",TRUE,"DOI","T2_regime_switching_modelling","A"
"DOES THE MACROECONOMY PREDICT UK ASSET RETURNS IN A NONLINEAR FASHION? COMPREHENSIVE OUT-OF-SAMPLE EVIDENCE",2014,"OXFORD BULLETIN OF ECONOMICS AND STATISTICS","10.1111/obes.12035",TRUE,"DOI","T2_regime_switching_modelling","A"
"ASSESSING TIME-VARYING STOCK MARKET INTEGRATION IN ECONOMIC AND MONETARY UNION FOR NORMAL AND CRISIS PERIODS",2017,"EUROPEAN JOURNAL OF FINANCE","10.1080/1351847X.2016.1158727",TRUE,"DOI","T2_regime_switching_modelling","A"
"DOES INVESTOR SENTIMENT INFLUENCE SOUTH AFRICAN ETF FLOWS DURING DIFFERENT MARKET CONDITIONS?",2025,"ECONOMIES","10.3390/economies13010010",TRUE,"DOI","T2_regime_switching_modelling","A"
"CRUDE OIL PRICE VOLATILITY DYNAMICS AND THE GREAT RECESSION",2019,"APPLIED ECONOMICS LETTERS","10.1080/13504851.2018.1488051",TRUE,"DOI","T2_regime_switching_modelling","A"
"RISK SPILLOVERS ACROSS THE ENERGY AND CARBON MARKETS AND HEDGING STRATEGIES FOR CARBON RISK",2016,"ENERGY ECONOMICS","10.1016/j.eneco.2015.11.003",TRUE,"DOI","T1a_core_detection","A"
"A CLOSER LOOK AT THE REGIME-SWITCHING EVIDENCE OF BULL AND BEAR MARKETS",2023,"FINANCE RESEARCH LETTERS","10.1016/j.frl.2022.103369",TRUE,"DOI","T2_regime_switching_modelling","A"
"INVESTMENT-CONSUMPTION WITH REGIME-SWITCHING DISCOUNT RATES",2014,"MATHEMATICAL SOCIAL SCIENCES","10.1016/j.mathsocsci.2014.07.001",TRUE,"DOI","T2_regime_switching_modelling","A"
"CONSTRAINED INTEREST RATES AND CHANGING DYNAMICS AT THE ZERO LOWER BOUND",2020,"STUDIES IN NONLINEAR DYNAMICS AND ECONOMETRICS","10.1515/snde-2017-0098",TRUE,"DOI","T2_regime_switching_modelling","A"
"MODELING PERSISTENCE AND PARAMETER INSTABILITY IN HISTORICAL CRUDE OIL PRICE DATA USING A GIBBS SAMPLING APPROACH",2019,"COMPUTATIONAL ECONOMICS","10.1007/s10614-018-9835-4",TRUE,"DOI","T1a_core_detection","A"
"FILTERING AND FORECASTING COMMODITY FUTURES PRICES UNDER AN HMM FRAMEWORK",2013,"ENERGY ECONOMICS","10.1016/j.eneco.2013.05.016",TRUE,"DOI","T2_regime_switching_modelling","A"
"INFLATION TARGETING, CREDIT FLOWS, AND FINANCIAL STABILITY IN A REGIME CHANGE MODEL",2019,"MACROECONOMIC DYNAMICS","10.1017/S136510051700102X",TRUE,"DOI","T2_regime_switching_modelling","A"
"THE MUSSA PUZZLE: A GENERALIZATION",2022,"EUROPEAN ECONOMIC REVIEW","10.1016/j.euroecorev.2022.104222",FALSE,"not retrieved",NA,NA
"FORECASTING REALISED VOLATILITY: A MARKOV SWITCHING APPROACH WITH TIME-VARYING TRANSITION PROBABILITIES",2019,"ACCOUNTING AND FINANCE","10.1111/acfi.12503",TRUE,"DOI","T2_regime_switching_modelling","A"
"ON THE RELATIONSHIP BETWEEN THE PRICES OF OIL AND THE PRECIOUS METALS: REVISITING WITH A MULTIVARIATE REGIME-SWITCHING DECISION TREE",2014,"ENERGY ECONOMICS","10.1016/j.eneco.2014.04.021",TRUE,"DOI","T2_regime_switching_modelling","A"
"HETEROGENEOUS PRICE DYNAMICS IN US REGIONAL ELECTRICITY MARKETS",2014,"ENERGY ECONOMICS","10.1016/j.eneco.2014.05.012",TRUE,"DOI","T2_regime_switching_modelling","A"
"SECTORAL SENSITIVITY TO OIL PRICE SHOCKS AND STRUCTURAL CHANGES DURING COVID-19: EVIDENCE FROM THE IRAQ STOCK EXCHANGE",2025,"FINANCIAL AND CREDIT ACTIVITY-PROBLEMS OF THEORY AND PRACTICE","10.55643/fcaptp.5.64.2025.4836",TRUE,"DOI","T1a_core_detection","A"
"FINTECH INDUSTRY RISK: DOES INVESTOR ATTENTION MATTER?",2025,"APPLIED ECONOMICS","10.1080/00036846.2024.2356897",TRUE,"DOI","T1a_core_detection","A"
"ESTIMATING TREND INFLATION BASED ON UNOBSERVED COMPONENTS MODEL: IS IT CORRELATED WITH THE INFLATION GAP?",2019,"JOURNAL OF MONEY CREDIT AND BANKING","10.1111/jmcb.12600",TRUE,"DOI","T2_regime_switching_modelling","A"
"INTERNATIONAL CORRELATION ASYMMETRIES: FREQUENT-BUT-SMALL AND INFREQUENT-BUT-LARGE EQUITY RETURNS",2016,"REVIEW OF ASSET PRICING STUDIES","10.1093/rapstu/raw005",TRUE,"DOI","T2_regime_switching_modelling","A"
"GOOD LUCK OR GOOD POLICY? AN EXPECTATIONAL THEORY OF MACRO VOLATILITY SWITCHES",2013,"JOURNAL OF ECONOMIC DYNAMICS \& CONTROL","10.1016/j.jedc.2013.07.005",TRUE,"DOI","T2_regime_switching_modelling","A"
"SPILLOVER SHIFTS IN THE FX MARKET: IMPLICATION FOR THE BEHAVIOR OF A SAFE HAVEN CURRENCY",2023,"NORTH AMERICAN JOURNAL OF ECONOMICS AND FINANCE","10.1016/j.najef.2023.101885",TRUE,"DOI","T2_regime_switching_modelling","A"
"A REGIME-SWITCHING MODEL OF STOCK RETURNS WITH MOMENTUM AND MEAN REVERSION",2023,"ECONOMIC MODELLING","10.1016/j.econmod.2023.106237",TRUE,"DOI","T2_regime_switching_modelling","A"
"THE DETERMINANTS OF STOCK AND BOND RETURN COMOVEMENTS",2010,"REVIEW OF FINANCIAL STUDIES","10.1093/rfs/hhq014",TRUE,"DOI","T2_regime_switching_modelling","A"
"TIME-VARYING INTEGRATION, INTERDEPENDENCE AND CONTAGION",2010,"JOURNAL OF INTERNATIONAL MONEY AND FINANCE","10.1016/j.jimonfin.2009.12.008",TRUE,"DOI","T2_regime_switching_modelling","A"
"THE DYNAMIC AND ASYMMETRIC HERDING BEHAVIOR OF US EQUITY FUND MANAGERS IN THE STOCK MARKET",2017,"INTERNATIONAL REVIEW OF ECONOMICS \& FINANCE","10.1016/j.iref.2016.12.012",TRUE,"DOI","T2_regime_switching_modelling","A"
"FORECASTING CRUDE OIL PRICE VOLATILITY VIA A HM-EGARCH MODEL",2020,"ENERGY ECONOMICS","10.1016/j.eneco.2020.104693",TRUE,"DOI","T2_regime_switching_modelling","A"
"THE RISKS OF TRADING ON CRYPTOCURRENCIES: A REGIME-SWITCHING APPROACH BASED ON VOLATILITY JUMPS AND CO-JUMPING BEHAVIOURS",2024,"APPLIED ECONOMICS","10.1080/00036846.2023.2170970",TRUE,"DOI","T2_regime_switching_modelling","A"
"CO-MOVEMENT AND SPILLOVERS: EMPIRICAL EVIDENCE FROM BRIC EQUITY MARKETS",2017,"CHINA ECONOMIC JOURNAL","10.1080/17538963.2017.1370158",TRUE,"DOI","T2_regime_switching_modelling","A"
"ON THE NONLINEAR IMPACT OF OIL PRICE SHOCKS ON THE WORLD FOOD PRICES UNDER DIFFERENT MARKETS CONDITIONS",2021,"INTERNATIONAL ECONOMIC JOURNAL","10.1080/10168737.2020.1870524",TRUE,"DOI","T2_regime_switching_modelling","A"
"SHIFT-CONTAGION IN ENERGY MARKETS AND GLOBAL CRISIS",2020,"JOURNAL OF FORECASTING","10.1002/for.2654",FALSE,"not retrieved",NA,NA
"OPTIMAL DIVIDENDS UNDER MARKOV-MODULATED BANKRUPTCY LEVEL",2022,"INSURANCE MATHEMATICS \& ECONOMICS","10.1016/j.insmatheco.2022.06.005",TRUE,"DOI","T2_regime_switching_modelling","A"
"DYNAMICS OF STOCK PRICES AND EXCHANGE RATE WITH STRUCTURAL BREAKS AND ASYMMETRY: EVI DENCE FROM TÜRKİYE*",2024,"EKONOMI POLITIKA \& FINANS ARASTIRMALARI DERGISI","10.30784/epfad.1516880",TRUE,"DOI","T1a_core_detection","A"
"HOW GOOD CAN HEURISTIC-BASED FORECASTS BE? A COMPARATIVE PERFORMANCE OF ECONOMETRIC AND HEURISTIC MODELS FOR UK AND US ASSET RETURNS",2018,"QUANTITATIVE FINANCE","10.1080/14697688.2017.1351619",TRUE,"DOI","T2_regime_switching_modelling","A"
"DO COLLECTIVE EMOTIONS DRIVE BITCOIN VOLATILITY? A TRIPLE REGIME-SWITCHING VECTOR APPROACH",2022,"JOURNAL OF ECONOMIC BEHAVIOR \& ORGANIZATION","10.1016/j.jebo.2022.01.026",TRUE,"DOI","T2_regime_switching_modelling","A"
"STRENGTH OF WORDS: DONALD TRUMP?S TWEETS, SANCTIONS AND RUSSIA?S RUBLE",2021,"JOURNAL OF ECONOMIC BEHAVIOR \& ORGANIZATION","10.1016/j.jebo.2021.02.002",TRUE,"DOI","T2_regime_switching_modelling","A"
"DO FACTOR MODELS EXPLAIN BREAKS IN THE DISTRIBUTION OF EQUITY RETURNS?",2024,"JOURNAL OF PORTFOLIO MANAGEMENT",NA,TRUE,"DOI","T1a_core_detection","A"
"MARKOV-SWITCHING REGIMES AND THE MONETARY MODEL OF EXCHANGE RATE DETERMINATION: EVIDENCE FROM THE CENTRAL AND EASTERN EUROPEAN MARKETS",2011,"JOURNAL OF INTERNATIONAL FINANCIAL MARKETS INSTITUTIONS \& MONEY","10.1016/j.intfin.2011.04.005",TRUE,"DOI","T2_regime_switching_modelling","A"
"OIL PRICE SHOCKS AND STOCK RETURNS OF OIL AND GAS CORPORATIONS",2017,"FINANCE RESEARCH LETTERS","10.1016/j.frl.2016.09.010",TRUE,"DOI","T1a_core_detection","A"
"THE IMPACT OF MACROPRUDENTIAL POLICIES ON CAPITAL FLOWS IN CESEE",2021,"JOURNAL OF INTERNATIONAL MONEY AND FINANCE","10.1016/j.jimonfin.2021.102495",TRUE,"DOI","T2_regime_switching_modelling","A"
"FLEXIBLE INFLATION TARGETING AND EXCHANGE RATE PASSTHROUGH IN INDIA: A MARKOV SWITCHING ANALYSIS",2025,"EMERGING MARKETS FINANCE AND TRADE","10.1080/1540496X.2024.2439464",TRUE,"DOI","T2_regime_switching_modelling","A"
"INFORMATION CONTENT OF TRADING ACTIVITY IN PRECIOUS METALS FUTURES MARKETS",2016,"JOURNAL OF FUTURES MARKETS","10.1002/fut.21755",TRUE,"DOI","T2_regime_switching_modelling","A"
"NONLINEAR EXCHANGE RATE PASS-THROUGH: THE ROLE OF NATIONAL DEBT",2017,"GLOBAL ECONOMIC REVIEW","10.1080/1226508X.2016.1254057",TRUE,"DOI","T2_regime_switching_modelling","A"
"NON-LINEARITIES, CYBER ATTACKS AND CRYPTOCURRENCIES",2020,"FINANCE RESEARCH LETTERS","10.1016/j.frl.2019.09.012",TRUE,"DOI","T2_regime_switching_modelling","A"
"OPTIMAL CARRY TRADE PORTFOLIO CHOICE UNDER REGIME SHIFTS",2022,"REVIEW OF QUANTITATIVE FINANCE AND ACCOUNTING","10.1007/s11156-022-01047-x",TRUE,"DOI","T2_regime_switching_modelling","A"
"CAN THE VAR MODEL OUTPERFORM MRS MODEL FOR ASSET ALLOCATION IN COMMODITY MARKET UNDER DIFFERENT RISK PREFERENCES OF INVESTORS?",2019,"INTERNATIONAL REVIEW OF FINANCIAL ANALYSIS","10.1016/j.irfa.2019.101395",TRUE,"DOI","T2_regime_switching_modelling","A"
"THE BUSINESS CYCLE'S IMPACT ON VOLATILITY FORECASTING: RECAPTURING INTRINSIC JUMP COMPONENTS",2025,"RISKS","10.3390/risks13110221",TRUE,"DOI","T2_regime_switching_modelling","A"
"EFFECTS OF ECONOMIC POLICY UNCERTAINTY: A REGIME SWITCHING CONNECTEDNESS APPROACH",2022,"ECONOMIC MODELLING","10.1016/j.econmod.2022.105879",TRUE,"DOI","T2_regime_switching_modelling","A"
"FORECASTING CONDITIONAL VOLATILITY BASED ON HYBRID GARCH-TYPE MODELS WITH LONG MEMORY, REGIME SWITCHING, LEVERAGE EFFECT AND HEAVY-TAIL: FURTHER EVIDENCE FROM EQUITY MARKET",2024,"NORTH AMERICAN JOURNAL OF ECONOMICS AND FINANCE","10.1016/j.najef.2024.102148",TRUE,"DOI","T2_regime_switching_modelling","A"
"INVESTOR HERDS AND REGIME-SWITCHING: EVIDENCE FROM GULF ARAB STOCK MARKETS",2013,"JOURNAL OF INTERNATIONAL FINANCIAL MARKETS INSTITUTIONS \& MONEY","10.1016/j.intfin.2012.09.007",TRUE,"DOI","T2_regime_switching_modelling","A"
"FUNDAMENTAL AND BEHAVIOURAL DRIVERS OF ELECTRICITY PRICE VOLATILITY",2010,"STUDIES IN NONLINEAR DYNAMICS AND ECONOMETRICS",NA,TRUE,"DOI","T1a_core_detection","A"
"ASSET PRICING AND THE ROLE OF MACROECONOMIC VOLATILITY",2014,"ANNALS OF FINANCE","10.1007/s10436-013-0237-2",TRUE,"DOI","T2_regime_switching_modelling","A"
"WHAT BAYESIAN QUANTILES CAN TELL ABOUT VOLATILITY TRANSMISSION BETWEEN THE MAJOR AGRICULTURAL FUTURES?",2020,"AGRICULTURAL ECONOMICS-ZEMEDELSKA EKONOMIKA","10.17221/127/2019-AGRICECON",TRUE,"DOI","T2_regime_switching_modelling","A"
"TESTING FOR A STRUCTURAL BREAK IN THE WEIGHT MATRIX OF THE SPATIAL ERROR OR SPATIAL LAG MODEL",2017,"SPATIAL ECONOMIC ANALYSIS","10.1080/17421772.2016.1264620",TRUE,"DOI","T1a_core_detection","A"
"REGIME DEPENDENT VOLATILITIES AND CORRELATION IN INTERNATIONAL SECURITIZED REAL ESTATE MARKETS",2018,"EMPIRICA","10.1007/s10663-017-9368-4",TRUE,"DOI","T2_regime_switching_modelling","A"
"GAUSSIAN MIXTURE VECTOR AUTOREGRESSION",2016,"JOURNAL OF ECONOMETRICS","10.1016/j.jeconom.2016.02.012",TRUE,"DOI","T2_regime_switching_modelling","A"
"RESIDUAL STATE OWNERSHIP AND STOCK MARKET INTEGRATION: EVIDENCE FROM CHINESE PARTLY-PRIVATISED FIRMS",2018,"QUARTERLY REVIEW OF ECONOMICS AND FINANCE","10.1016/j.qref.2017.05.004",TRUE,"DOI","T2_regime_switching_modelling","A"
"A STRUCTURAL BREAK IN THE AGGREGATE EARNINGS-RETURNS RELATION",2024,"JOURNAL OF FINANCIAL ECONOMETRICS","10.1093/jjfinec/nbae015",TRUE,"DOI","T1a_core_detection","A"
"PRICING VIRTUAL CURRENCY-LINKED DERIVATIVES WITH TIME-INHOMOGENEITY",2021,"INTERNATIONAL REVIEW OF ECONOMICS \& FINANCE","10.1016/j.iref.2020.09.015",TRUE,"DOI","T2_regime_switching_modelling","A"
"THE REGIME-SWITCHING VOLATILITY OF EURO AREA BUSINESS CYCLES",2018,"MACROECONOMIC DYNAMICS","10.1017/S1365100516000274",TRUE,"DOI","T2_regime_switching_modelling","A"
"THRESHOLD NON-LINEAR DYNAMICS BETWEEN HANG SENG STOCK INDEX AND FUTURES RETURNS",2011,"EUROPEAN JOURNAL OF FINANCE","10.1080/1351847X.2010.481469",TRUE,"DOI","T2_regime_switching_modelling","A"
"HEDGING OPTIONS IN A DOUBLY MARKOV-MODULATED FINANCIAL MARKET VIA STOCHASTIC FLOWS",2019,"INTERNATIONAL JOURNAL OF THEORETICAL AND APPLIED FINANCE","10.1142/S021902491950047X",TRUE,"DOI","T2_regime_switching_modelling","A"
"ASYMMETRIC EFFECTS OF UNCERTAINTY SHOCKS: NORMAL TIMES AND FINANCIAL DISRUPTIONS ARE DIFFERENT",2021,"JOURNAL OF MACROECONOMICS","10.1016/j.jmacro.2021.103331",TRUE,"DOI","T2_regime_switching_modelling","A"
"A GENERALIZED ENTROPY APPROACH TO PORTFOLIO SELECTION UNDER A HIDDEN MARKOV MODEL",2022,"JOURNAL OF RISK AND FINANCIAL MANAGEMENT","10.3390/jrfm15080337",TRUE,"DOI","T2_regime_switching_modelling","A"
"MACROECONOMIC REGIMES",2015,"JOURNAL OF MONETARY ECONOMICS","10.1016/j.jmoneco.2014.09.003",TRUE,"DOI","T2_regime_switching_modelling","A"
"SOVEREIGN CONTAGION RISK MEASURE ACROSS FINANCIAL MARKETS IN THE EUROZONE: A BIVARIATE COPULAS AND MARKOV REGIME SWITCHING ARMA BASED APPROACHES",2022,"REVIEW OF WORLD ECONOMICS","10.1007/s10290-021-00440-3",TRUE,"DOI","T2_regime_switching_modelling","A"
"OPTION PRICING IN A SENTIMENT-BIASED STOCHASTIC VOLATILITY MODEL",2025,"ANNALS OF FINANCE","10.1007/s10436-024-00448-3",TRUE,"DOI","T2_regime_switching_modelling","A"
"CREDIT CYCLE DEPENDENT SPREAD DETERMINANTS IN EMERGING SOVEREIGN DEBT MARKETS",2013,"EMERGING MARKETS REVIEW","10.1016/j.ememar.2013.03.002",TRUE,"DOI","T2_regime_switching_modelling","A"
"AN OPTIMAL STOCHASTIC CONTROL FRAMEWORK FOR DETERMINING THE COST OF HEDGING OF VARIABLE ANNUITIES",2014,"JOURNAL OF ECONOMIC DYNAMICS \& CONTROL","10.1016/j.jedc.2014.04.005",FALSE,"not retrieved",NA,NA
"STRUCTURAL CHANGES IN INFLATION DYNAMICS: MULTIPLE BREAKS AT DIFFERENT DATES FOR DIFFERENT PARAMETERS",2016,"STUDIES IN NONLINEAR DYNAMICS AND ECONOMETRICS","10.1515/snde-2015-0041",TRUE,"DOI","T1a_core_detection","A"
"ENHANCING GOLD FUTURES VOLATILITY FORECASTS: INTEGRATING GROWTH-RATE CHANGEPOINT CORRECTION INTO THE TVP-SVM MODEL",2025,"APPLIED ECONOMICS","10.1080/00036846.2025.2519936",FALSE,"not retrieved",NA,NA
"MODELING THE JOINT DYNAMICS OF RISK-NEUTRAL STOCK INDEX AND BOND YIELD VOLATILITIES",2014,"JOURNAL OF BANKING \& FINANCE","10.1016/j.jbankfin.2013.10.010",TRUE,"DOI","T2_regime_switching_modelling","A"
"OIL PRICE UNCERTAINTY AND THE RELATION TO TANKER SHIPPING",2024,"INTERNATIONAL JOURNAL OF FINANCE \& ECONOMICS","10.1002/ijfe.2792",TRUE,"DOI","T2_regime_switching_modelling","A"
"HEDGING OPTIONS IN A HIDDEN MARKOV-SWITCHING LOCAL-VOLATILITY MODEL VIA STOCHASTIC FLOWS AND A MONTE-CARLO METHOD",2023,"JOURNAL OF FUTURES MARKETS","10.1002/fut.22422",TRUE,"DOI","T2_regime_switching_modelling","A"
"MULTI-SCALE EVENT DETECTION IN FINANCIAL TIME SERIES",2025,"COMPUTATIONAL ECONOMICS","10.1007/s10614-024-10582-9",TRUE,"DOI","T1a_core_detection","A"
"GLOBAL CAPITAL FLOWS, TIME-VARYING FUNDAMENTALS AND TRANSITIONAL EXCHANGE RATE DYNAMICS",2013,"JOURNAL OF FORECASTING","10.1002/for.1267",TRUE,"DOI","T2_regime_switching_modelling","A"
"DYNAMIC PORTFOLIO CHOICE UNDER AMBIGUITY AND REGIME SWITCHING MEAN RETURNS",2011,"JOURNAL OF ECONOMIC DYNAMICS \& CONTROL","10.1016/j.jedc.2010.12.012",TRUE,"DOI","T2_regime_switching_modelling","A"
"ON TESTING FOR BUBBLES DURING HYPERINFLATIONS",2024,"STUDIES IN NONLINEAR DYNAMICS AND ECONOMETRICS","10.1515/snde-2022-0014",TRUE,"DOI","T2_regime_switching_modelling","A"
"MARKOV SWITCHING OIL PRICE UNCERTAINTY",2019,"OXFORD BULLETIN OF ECONOMICS AND STATISTICS","10.1111/obes.12300",TRUE,"DOI","T2_regime_switching_modelling","A"
"LOSING TRACK OF THE ASSET MARKETS: THE CASE OF HOUSING AND STOCK",2016,"INTERNATIONAL REAL ESTATE REVIEW",NA,TRUE,"DOI","T1a_core_detection","A"
"EVIDENCE OF ADAPTIVE MARKET HYPOTHESIS IN THE INDIAN STOCK MARKET THROUGH ANALYSING DAY OF THE WEEK EFFECT",2025,"COGENT ECONOMICS \& FINANCE","10.1080/23322039.2025.2571402",TRUE,"DOI","T1a_core_detection","A"
"SHOULD YOU USE GARCH MODELS FOR FORECASTING VOLATILITY? A COMPARISON TO GRU NEURAL NETWORKS",2024,"STUDIES IN NONLINEAR DYNAMICS AND ECONOMETRICS","10.1515/snde-2022-0025",TRUE,"DOI","T2_regime_switching_modelling","A"
"MODELING AND FORECASTING AGGREGATE STOCK MARKET VOLATILITY IN UNSTABLE ENVIRONMENTS USING MIXTURE INNOVATION REGRESSIONS",2017,"JOURNAL OF FORECASTING","10.1002/for.2466",TRUE,"DOI","T1a_core_detection","A"
"FORECASTING OIL AND GOLD VOLATILITIES WITH SENTIMENT INDICATORS UNDER STRUCTURAL BREAKS",2022,"ENERGY ECONOMICS","10.1016/j.eneco.2021.105751",TRUE,"DOI","T1a_core_detection","A"
"CASABLANCA STOCK EXCHANGE RESPONSE TO THE COVID-19 PANDEMIC",2021,"AFRICAN REVIEW OF ECONOMICS AND FINANCE-AREF",NA,TRUE,"DOI","T1a_core_detection","A"
"ESTIMATING VOLATILITY PERSISTENCE UNDER A BREXIT-VOTE STRUCTURAL BREAK",2017,"FINANCE RESEARCH LETTERS","10.1016/j.frl.2017.03.004",TRUE,"DOI","T1a_core_detection","A"
"TESTING AND COMPARING THE PERFORMANCE OF DYNAMIC VARIANCE AND CORRELATION MODELS IN VALUE-AT-RISK ESTIMATION",2017,"NORTH AMERICAN JOURNAL OF ECONOMICS AND FINANCE","10.1016/j.najef.2017.02.006",TRUE,"DOI","T2_regime_switching_modelling","A"
"KEY MACROECONOMIC VARIABLES UNDER EXCHANGE RATE VOLATILITY: TIME-VARYING CAUSALITY IN THE PRESENCE OF STRUCTURAL BREAKS AND NONLINEARITY",2023,"EKOIST-JOURNAL OF ECONOMETRICS AND STATISTICS","10.26650/ekoist.2023.39.1309760",TRUE,"DOI","T1a_core_detection","A"
"REVISITING THE MODEL OF CREDIT CYCLES WITH GOOD AND BAD PROJECTS",2016,"JOURNAL OF ECONOMIC THEORY","10.1016/j.jet.2016.02.010",TRUE,"DOI","T2_regime_switching_modelling","A"
"TIME-VARYING CORRELATIONS OF REITS AND IMPLICATIONS FOR PORTFOLIO MANAGEMENT",2021,"JOURNAL OF REAL ESTATE RESEARCH","10.1080/08965803.2021.1985921",TRUE,"DOI","T1b_contextual_detection","A"
"CREDIT-EQUITY MODELING UNDER A LATENT LEVY FIRM PROCESS",2014,"INTERNATIONAL JOURNAL OF THEORETICAL AND APPLIED FINANCE","10.1142/S0219024914500216",TRUE,"DOI","T2_regime_switching_modelling","A"
"ASYMMETRIC EVIDENCE OF GASOLINE PRICE RESPONSES IN FRANCE: A MARKOV-SWITCHING APPROACH",2016,"ECONOMIC MODELLING","10.1016/j.econmod.2015.09.027",TRUE,"DOI","T2_regime_switching_modelling","A"
"ARE CORRELATIONS CONSTANT? EMPIRICAL AND THEORETICAL RESULTS ON POPULAR CORRELATION MODELS IN FINANCE",2017,"JOURNAL OF BANKING \& FINANCE","10.1016/j.jbankfin.2017.07.003",TRUE,"DOI","T1a_core_detection","A"
"DETECTION OF STRUCTURAL REGIMES AND ANALYZING THE IMPACT OF CRUDE OIL MARKET ON CANADIAN STOCK MARKET: MARKOV REGIME-SWITCHING APPROACH",2022,"STUDIES IN ECONOMICS AND FINANCE","10.1108/SEF-09-2021-0352",TRUE,"DOI","T2_regime_switching_modelling","A"
"ARBITRAGE-FREE IMPLIED VOLATILITY SURFACE GENERATION WITH VARIATIONAL AUTOENCODERS",2023,"SIAM JOURNAL ON FINANCIAL MATHEMATICS","10.1137/21M1443546",TRUE,"DOI","T2_regime_switching_modelling","A"
"LEARNING AND THE GREAT MODERATION",2012,"INTERNATIONAL ECONOMIC REVIEW","10.1111/j.1468-2354.2012.00685.x",TRUE,"DOI","T2_regime_switching_modelling","A"
"MODELLING VOLATILITY OF CRYPTOCURRENCIES USING MARKOV-SWITCHING GARCH MODELS",2019,"RESEARCH IN INTERNATIONAL BUSINESS AND FINANCE","10.1016/j.ribaf.2018.12.009",TRUE,"DOI","T2_regime_switching_modelling","A"
"DYNAMIC VOLATILITY SPILLOVER EFFECTS BETWEEN OIL AND AGRICULTURAL PRODUCTS",2020,"INTERNATIONAL REVIEW OF FINANCIAL ANALYSIS","10.1016/j.irfa.2020.101465",TRUE,"DOI","T2_regime_switching_modelling","A"
"ON A BIVARIATE HYSTERETIC AR-GARCH MODEL WITH CONDITIONAL ASYMMETRY IN CORRELATIONS",2021,"COMPUTATIONAL ECONOMICS","10.1007/s10614-020-10034-0",TRUE,"DOI","T2_regime_switching_modelling","A"
"SHRINKAGE ESTIMATION OF MULTIPLE THRESHOLD FACTOR MODELS",2023,"JOURNAL OF ECONOMETRICS","10.1016/j.jeconom.2023.02.002",TRUE,"DOI","T2_regime_switching_modelling","A"
"DOES THE MAGNITUDE OF THE EFFECT OF INFLATION UNCERTAINTY ON OUTPUT GROWTH DEPEND ON THE LEVEL OF INFLATION?",2010,"MANCHESTER SCHOOL","10.1111/j.1467-9957.2009.02162.x",TRUE,"DOI","T2_regime_switching_modelling","A"
"VOLATILITY DYNAMICS OF MALAYSIAN LISTED PROPERTY COMPANIES WITHIN THE ASIAN PUBLIC PROPERTY MARKETS BY USING A SWITCHING REGIME APPROACH",2019,"JOURNAL OF FINANCIAL MANAGEMENT OF PROPERTY AND CONSTRUCTION","10.1108/JFMPC-03-2019-0026",TRUE,"DOI","T2_regime_switching_modelling","A"
"CONDITIONAL MEAN REVERSION OF FINANCIAL RATIOS AND THE PREDICTABILITY OF RETURNS",2023,"JOURNAL OF INTERNATIONAL MONEY AND FINANCE","10.1016/j.jimonfin.2023.102907",TRUE,"DOI","T2_regime_switching_modelling","A"
"A GENERAL APPROACH FOR LOOKBACK OPTION PRICING UNDER MARKOV MODELS",2023,"QUANTITATIVE FINANCE","10.1080/14697688.2023.2230254",TRUE,"DOI","T2_regime_switching_modelling","A"
"HIDDEN PERSISTENT DISASTERS AND ASSET PRICES",2014,"ANNALS OF FINANCE","10.1007/s10436-013-0226-5",TRUE,"DOI","T2_regime_switching_modelling","A"
"MEASURING AND PREDICTING HETEROGENEOUS RECESSIONS",2013,"JOURNAL OF ECONOMIC DYNAMICS \& CONTROL","10.1016/j.jedc.2013.06.004",TRUE,"DOI","T2_regime_switching_modelling","A"
"HOW DOES THE VOLATILITY OF ESG STOCK INDICES SPILLOVER IN TIMES OF HIGH GEOPOLITICAL RISK? NEW INSIGHTS FROM EMERGING AND DEVELOPED MARKETS",2025,"JOURNAL OF SUSTAINABLE FINANCE \& INVESTMENT","10.1080/20430795.2025.2489395",TRUE,"DOI","T1a_core_detection","A"
"BAYESIAN ONLINE CHANGE POINT DETECTION IN FINANCE",2022,"FINANCIAL INTERNET QUARTERLY","10.2478/fiqf-2021-0025",TRUE,"DOI","T1a_core_detection","A"
"REGIONAL AND GLOBAL SPILLOVERS AND DIVERSIFICATION OPPORTUNITIES IN THE GCC EQUITY SECTORS",2015,"EMERGING MARKETS REVIEW","10.1016/j.ememar.2015.06.002",TRUE,"DOI","T2_regime_switching_modelling","A"
"IS GOLD A HEDGE OR A SAFE HAVEN AGAINST STOCK MARKETS? EVIDENCE FROM CONDITIONAL COMOMENTS",2023,"JOURNAL OF EMPIRICAL FINANCE","10.1016/j.jempfin.2023.101439",TRUE,"DOI","T2_regime_switching_modelling","A"
"TRANSITION FROM THE TAYLOR RULE TO THE ZERO LOWER BOUND",2022,"STUDIES IN NONLINEAR DYNAMICS AND ECONOMETRICS","10.1515/snde-2019-0102",TRUE,"DOI","T2_regime_switching_modelling","A"
"FISCAL STRESS AND MONETARY POLICY STANCE IN OIL-EXPORTING COUNTRIES",2021,"JOURNAL OF INTERNATIONAL MONEY AND FINANCE","10.1016/j.jimonfin.2020.102302",TRUE,"DOI","T2_regime_switching_modelling","A"
"THE IMPACT OF CO-JUMPS IN THE OIL SECTOR",2020,"RESEARCH IN INTERNATIONAL BUSINESS AND FINANCE","10.1016/j.ribaf.2020.101197",TRUE,"DOI","T2_regime_switching_modelling","A"
"INSURANCE CONSUMPTION AND ECONOMIC POLICY UNCERTAINTY IN INDIA: AN ANALYSIS OF ASYMMETRIC EFFECTS",2024,"SINGAPORE ECONOMIC REVIEW","10.1142/S0217590821410095",FALSE,"not retrieved",NA,NA
"NEWS AND MARKETS IN THE TIME OF COVID-19",2024,"JOURNAL OF FINANCIAL AND QUANTITATIVE ANALYSIS","10.1017/S002210902300131X",TRUE,"DOI","T1a_core_detection","A"
"EXISTENCE OF A CALIBRATED REGIME SWITCHING LOCAL VOLATILITY MODEL",2020,"MATHEMATICAL FINANCE","10.1111/mafi.12231",TRUE,"DOI","T2_regime_switching_modelling","A"
"DETERMINANTS AND EFFECTIVENESS OF FOREIGN EXCHANGE MARKET INTERVENTION IN GEORGIA",2011,"EMERGING MARKETS FINANCE AND TRADE","10.2753/REE1540-496X470405",TRUE,"DOI","T1a_core_detection","A"
"AN EMPIRICAL ANALYSIS ON THE PERSISTENT PREMIUM OF TSMC ADRS OVER DOMESTIC LISTINGS IN TAIWAN STOCK MARKET",2025,"APPLIED ECONOMICS LETTERS","10.1080/13504851.2025.2571074",TRUE,"DOI","T1a_core_detection","A"
"THE MARKET IMPACT OF THE SUPREME COURT DECISION REGARDING THE PATIENT PROTECTION AND AFFORDABLE CARE ACT: EVIDENCE FROM THE HEALTH INSURANCE INDUSTRY",2018,"JOURNAL OF INSURANCE ISSUES","10.2307/26505752",TRUE,"DOI","excluded","A"
"REGIME-DEPENDENT RELATION BETWEEN ISLAMIC AND CONVENTIONAL FINANCIAL MARKETS",2018,"BORSA ISTANBUL REVIEW","10.1016/j.bir.2017.11.001",TRUE,"DOI","T2_regime_switching_modelling","A"
"LONG MEMORY VERSUS STRUCTURAL BREAKS IN MODELING AND FORECASTING REALIZED VOLATILITY",2010,"JOURNAL OF INTERNATIONAL MONEY AND FINANCE","10.1016/j.jimonfin.2009.12.001",TRUE,"DOI","T1a_core_detection","A"
"SME STOCK MARKETS IN TROPICAL ECONOMIES: EVOLVING EFFICIENCY AND DUAL LONG MEMORY",2020,"ECONOMIC PAPERS","10.1111/1759-3441.12254",TRUE,"DOI","T1a_core_detection","A"
"REGIME-DEPENDENT EFFECTS OFUNCERTAINTY ON INFLATION AND OUTPUT GROWTH: EVIDENCE FROM THE UNITED KINGDOM AND THE UNITED STATES",2018,"SCOTTISH JOURNAL OF POLITICAL ECONOMY","10.1111/sjpe.12168",TRUE,"DOI","T2_regime_switching_modelling","A"
"MARKOV SWITCHING DYNAMICS IN REIT RETURNS: UNIVARIATE AND MULTIVARIATE EVIDENCE ON FORECASTING PERFORMANCE",2014,"REAL ESTATE ECONOMICS","10.1111/1540-6229.12025",TRUE,"DOI","T2_regime_switching_modelling","A"
"STRUCTURAL INSTABILITY AND PREDICTABILITY",2019,"JOURNAL OF INTERNATIONAL FINANCIAL MARKETS INSTITUTIONS \& MONEY","10.1016/j.intfin.2019.101145",TRUE,"DOI","T1a_core_detection","A"
"REGIME SHIFTS AND INFLATION UNCERTAINTY IN PERU",2012,"JOURNAL OF APPLIED ECONOMICS","10.1016/S1514-0326(12)60004-X",TRUE,"DOI","T2_regime_switching_modelling","A"
"UNIT ROOT MODELING FOR TRENDING STOCK MARKET SERIES",2016,"BORSA ISTANBUL REVIEW","10.1016/j.bir.2016.05.001",TRUE,"DOI","T1a_core_detection","A"
"OIL PRICES AND ECONOMIC ACTIVITY IN GREECE",2013,"ECONOMIC CHANGE AND RESTRUCTURING","10.1007/s10644-013-9140-0",TRUE,"DOI","T2_regime_switching_modelling","A"
"ARE CYCLICAL PATTERNS OF INTERNATIONAL HOUSING MARKETS INTERDEPENDENT?",2020,"ECONOMIC MODELLING","10.1016/j.econmod.2019.09.002",FALSE,"not retrieved",NA,NA
"TIME-VARYING WINDOW LENGTH FOR CORRELATION FORECASTS",2017,"ECONOMETRICS","10.3390/econometrics5040054",TRUE,"DOI","T1a_core_detection","A"
"CONDITIONAL MARKOV CHAIN AND ITS APPLICATION IN ECONOMIC TIME SERIES ANALYSIS",2011,"JOURNAL OF APPLIED ECONOMETRICS","10.1002/jae.1140",TRUE,"DOI","T2_regime_switching_modelling","A"
"INTERNATIONAL STOCK RETURN PREDICTABILITY",2021,"INTERNATIONAL REVIEW OF FINANCIAL ANALYSIS","10.1016/j.irfa.2021.101963",TRUE,"DOI","T1a_core_detection","A"
"CHANGEPOINT DETECTION IN HETEROSCEDASTIC RANDOM COEFFICIENT AUTOREGRESSIVE MODELS",2023,"JOURNAL OF BUSINESS \& ECONOMIC STATISTICS","10.1080/07350015.2022.2120485",TRUE,"DOI","T1a_core_detection","A"
"EQUITY PREMIUM ESTIMATES FROM ECONOMIC FUNDAMENTALS UNDER STRUCTURAL BREAKS",2017,"INTERNATIONAL REVIEW OF FINANCIAL ANALYSIS","10.1016/j.irfa.2017.04.011",TRUE,"DOI","T1a_core_detection","A"
"DIRECT AND INDIRECT OIL SHOCKS AND THEIR IMPACTS UPON ENERGY RELATED STOCKS",2014,"ECONOMIC SYSTEMS","10.1016/j.ecosys.2014.02.002",TRUE,"DOI","T1a_core_detection","A"
"PERFORMANCE EVALUATION OF OPTIMIZED PORTFOLIO INSURANCE STRATEGIES",2014,"JOURNAL OF BANKING \& FINANCE","10.1016/j.jbankfin.2014.03.027",TRUE,"DOI","T2_regime_switching_modelling","A"
"HEDGING WITH FUTURES: CONTRACT IN THE INDIAN STOCK MARKET",2023,"INTERNATIONAL JOURNAL OF APPLIED BEHAVIORAL ECONOMICS","10.4018/IJABE.333859",FALSE,"not retrieved",NA,NA
"BEHAVIORAL HETEROGENEITY IN THE AUSTRALIAN HOUSING MARKET",2017,"APPLIED ECONOMICS","10.1080/00036846.2016.1208355",FALSE,"not retrieved",NA,NA
"CREDIT, OUTPUT AND FINANCIAL STRESS: A NON-LINEAR LVSTAR APPLICATION TO BRAZIL",2022,"METROECONOMICA","10.1111/meca.12386",TRUE,"DOI","T2_regime_switching_modelling","A"
"THE CTMC-HESTON MODEL: CALIBRATION AND EXOTIC OPTION PRICING WITH SWIFT",2021,"JOURNAL OF COMPUTATIONAL FINANCE","10.21314/JCF.2020.398",TRUE,"DOI","T2_regime_switching_modelling","A"
"FORECASTING VARIANCE SWAP PAYOFFS",2022,"JOURNAL OF FUTURES MARKETS","10.1002/fut.22371",TRUE,"DOI","T1a_core_detection","A"
"EXCHANGE RATE BUBBLES: FUNDAMENTAL VALUE ESTIMATION AND RATIONAL EXPECTATIONS TEST",2012,"JOURNAL OF INTERNATIONAL MONEY AND FINANCE","10.1016/j.jimonfin.2011.12.009",TRUE,"DOI","T2_regime_switching_modelling","A"
"INTEREST RATE VOLATILITY REGIMES IN SELECTED ASIAN COUNTRIES: A UNIVARIATE MARKOV SWITCHING ANALYSIS",2020,"FRONTIERS OF ECONOMICS IN CHINA","10.3868/s060-011-020-0003-3",TRUE,"DOI","T2_regime_switching_modelling","A"
"ON THE CHINA FACTOR IN THE WORLD OIL MARKET: A REGIME SWITCHING APPROACH 1",2021,"ENERGY ECONOMICS","10.1016/j.eneco.2021.105119",TRUE,"DOI","T2_regime_switching_modelling","A"
"EXPONENTIAL CHANGE OF MEASURE APPLIED TO TERM STRUCTURES OF INTEREST RATES AND EXCHANGE RATES",2011,"INSURANCE MATHEMATICS \& ECONOMICS","10.1016/j.insmatheco.2011.04.004",TRUE,"DOI","T2_regime_switching_modelling","A"
"GEOPOLITICAL RISK AND FINANCIAL STRESS",2025,"NORTH AMERICAN JOURNAL OF ECONOMICS AND FINANCE","10.1016/j.najef.2025.102510",TRUE,"DOI","T1a_core_detection","A"
"HOUSEHOLD SAVINGS, THE STOCK MARKET, AND ECONOMIC GROWTH IN CHINA",2012,"EMERGING MARKETS FINANCE AND TRADE","10.2753/REE1540-496X480203",TRUE,"DOI","T1a_core_detection","A"
"BAYESIAN MARKOV SWITCHING MODEL FOR BRICS CURRENCIES\&APOS; EXCHANGE RATES",2024,"JOURNAL OF FORECASTING","10.1002/for.3128",TRUE,"DOI","T2_regime_switching_modelling","A"
"COVID-19 IMPACT ON LATIN AND ASIAN STOCK MARKETS",2023,"MANAGERIAL FINANCE","10.1108/MF-02-2022-0065",TRUE,"DOI","T1a_core_detection","A"
"FEAR OF APPRECIATION IN EAST AND SOUTHEAST ASIA: THE ROLE OF THE CHINESE RENMINBI",2012,"JOURNAL OF ASIAN ECONOMICS","10.1016/j.asieco.2012.03.005",TRUE,"DOI","T2_regime_switching_modelling","A"
"OFFSHORE PROPERTY INVESTMENT AND MARKET PERFORMANCE OF SOUTH AFRICAN REITS: A REGIME-SWITCHING CAPM ANALYSIS",2025,"JOURNAL OF PROPERTY INVESTMENT \& FINANCE","10.1108/JPIF-10-2024-0128",TRUE,"DOI","T2_regime_switching_modelling","A"
"DOWNSIDE RISK MEASURE PERFORMANCE IN THE PRESENCE OF BREAKS IN VOLATILITY",2015,"JOURNAL OF RISK MODEL VALIDATION","10.21314/JRMV.2015.142",TRUE,"DOI","T1a_core_detection","A"
"SMOOTH TRANSITION QUANTILE CAPITAL ASSET PRICING MODELS WITH HETEROSCEDASTICITY",2012,"COMPUTATIONAL ECONOMICS","10.1007/s10614-011-9266-y",TRUE,"DOI","T2_regime_switching_modelling","A"
"GROWTH MIRACLES AND FAILURES IN A MARKOV SWITCHING CLASSIFICATION MODEL OF GROWTH",2012,"JOURNAL OF DEVELOPMENT ECONOMICS","10.1016/j.jdeveco.2011.06.012",TRUE,"DOI","T2_regime_switching_modelling","A"
"A STATISTICALLY IDENTIFIED STRUCTURAL VECTOR AUTOREGRESSION WITH ENDOGENOUSLY SWITCHING VOLATILITY REGIME",2025,"JOURNAL OF BUSINESS \& ECONOMIC STATISTICS","10.1080/07350015.2024.2322090",TRUE,"DOI","T2_regime_switching_modelling","A"
"TIME-VARYING LINKAGES OF ECONOMIC ACTIVITIES IN CHINA AND THE STOCK MARKETS IN ASEAN-5",2016,"CONTEMPORARY ECONOMICS","10.5709/ce.1897-9254.205",TRUE,"DOI","T1a_core_detection","A"
"DYNAMICS OF VARIANCE RISK PREMIA: A NEW MODEL FOR DISENTANGLING THE PRICE OF RISK",2020,"JOURNAL OF ECONOMETRICS","10.1016/j.jeconom.2019.12.006",TRUE,"DOI","T2_regime_switching_modelling","A"
"CONSTRUCTION AND ANALYSIS OF CHINESE MACRO-FINANCIAL STABILITY INDEX",2025,"COMPUTATIONAL ECONOMICS","10.1007/s10614-024-10767-2",TRUE,"DOI","T2_regime_switching_modelling","A"
"OPTIMAL VERSUS REALIZED POLICY RULES IN A REGIME-SWITCHING FRAMEWORK",2011,"ECONOMIC MODELLING","10.1016/j.econmod.2011.07.004",TRUE,"DOI","T2_regime_switching_modelling","A"
"EFFECTS OF INFLATION ON OUTPUT GAP: A MRS-IV APPROACH",2015,"REVIEW OF ECONOMIC ANALYSIS",NA,TRUE,"DOI","T1a_core_detection","A"
"HOW FINANCIAL INVESTMENT DISTORTS FOOD PRICES: EVIDENCE FROM US GRAIN MARKETS",2018,"AGRICULTURAL ECONOMICS","10.1111/agec.12406",TRUE,"DOI","T2_regime_switching_modelling","A"
"DOES EXTREME CORRELATION MATTER IN GLOBAL EQUITY ASSET ALLOCATION?",2019,"JOURNAL OF INVESTMENT MANAGEMENT",NA,TRUE,"DOI","T1a_core_detection","A"
"DISENTANGLING THE NONLINEARITY EFFECT IN CRYPTOCURRENCY MARKETS DURING THE COVID-19 PANDEMIC: EVIDENCE FROM A REGIME-SWITCHING APPROACH",2023,"ASIA-PACIFIC FINANCIAL MARKETS","10.1007/s10690-022-09384-6",TRUE,"DOI","T2_regime_switching_modelling","A"
"TREE PLANTING SUBSIDIES AND LAND USE SWITCHING BETWEEN FORESTRY AND AGRICULTURE IN THE US SOUTH",2022,"JOURNAL OF FOREST ECONOMICS","10.1561/112.00000546",TRUE,"DOI","excluded","A"
"ANALYSING VOLATILITY PATTERNS IN EMERGING MARKETS: SYMMETRIC OR ASYMMETRIC MODELS?",2025,"JOURNAL OF ECONOMIC AND ADMINISTRATIVE SCIENCES","10.1108/JEAS-07-2023-0186",TRUE,"DOI","T1a_core_detection","A"
"THE BIG BANG: STOCK MARKET CAPITALIZATION IN THE LONG RUN",2022,"JOURNAL OF FINANCIAL ECONOMICS","10.1016/j.jfineco.2021.09.008",TRUE,"DOI","T1a_core_detection","A"
"HAS THE STRUCTURAL BREAK SLOWED DOWN GROWTH RATES OF STOCK MARKETS?",2013,"ECONOMIC MODELLING","10.1016/j.econmod.2012.10.001",TRUE,"DOI","T1a_core_detection","A"
"THE DIMINISHING LUSTRE: GOLD'S MARKET VOLATILITY AND THE FADING SAFE HAVEN EFFECT",2025,"GLOBAL FINANCE JOURNAL","10.1016/j.gfj.2025.101145",TRUE,"DOI","T1a_core_detection","A"
"THE OPTIMAL TIME TO BUY AND HOLD STOCK IN A REVERSAL",2024,"INTERNATIONAL JOURNAL OF FINANCE \& ECONOMICS","10.1002/ijfe.2868",FALSE,"not retrieved",NA,NA
"CAPTURING THE NONLINEAR IMPACT IN DISTRESS STATE: ENHANCING SCENARIO DESIGN OF STRESS TEST",2021,"ECONOMIC ANALYSIS AND POLICY","10.1016/j.eap.2020.12.015",TRUE,"DOI","T2_regime_switching_modelling","A"
"IMPACT OF OIL PRICE FLUCTUATIONS ON INDIAN ECONOMY",2015,"OPEC ENERGY REVIEW","10.1111/opec.12046",TRUE,"DOI","T1a_core_detection","A"
"IMPROVING QUANTILE FORECASTS VIA REALIZED DOUBLE HYSTERETIC GARCH MODEL IN STOCK MARKETS",2024,"COMPUTATIONAL ECONOMICS","10.1007/s10614-024-10563-y",TRUE,"DOI","T2_regime_switching_modelling","A"
"ESTIMATING AND TESTING NON-AFFINE OPTION PRICING MODELS WITH A LARGE UNBALANCED PANEL OF OPTIONS",2012,"ECONOMETRICS JOURNAL","10.1111/j.1368-423X.2012.00372.x",TRUE,"DOI","T2_regime_switching_modelling","A"
"THE RANDOM-WALK HYPOTHESIS ON THE INDIAN STOCK MARKET",2015,"EMERGING MARKETS FINANCE AND TRADE","10.1080/1540496X.2015.1061380",TRUE,"DOI","T1a_core_detection","A"
"LAND AND STOCK BUBBLES, CRASHES AND EXIT STRATEGIES IN JAPAN CIRCA 1990 AND IN 2013",2015,"QUANTITATIVE FINANCE","10.1080/14697688.2014.989897",TRUE,"DOI","T1a_core_detection","A"
"THE DETERMINATION OF THE VIX VOLATILITY INDEX IN THE DECISION-MAKING PROCESS OF INVESTORS: A MULTIPLE STRUCTURAL BREAKTHROUGH ANALYSIS",2023,"SOSYOEKONOMI","10.17233/sosyoekonomi.2023.01.25",TRUE,"DOI","T1a_core_detection","A"
"THE IMPACT OF NAFTA ON NORTH AMERICAN STOCK MARKET LINKAGES",2013,"NORTH AMERICAN JOURNAL OF ECONOMICS AND FINANCE","10.1016/j.najef.2013.04.001",TRUE,"DOI","T1a_core_detection","A"
"STOCK MARKET CORRELATIONS AND THE BUSINESS SENTIMENTS: EVIDENCE FROM THE US AND GERMANY",2018,"EKONOMICKY CASOPIS",NA,TRUE,"DOI","T1a_core_detection","A"
"FORECASTING VALUE-AT-RISK AND EXPECTED SHORTFALL OF CRYPTOCURRENCY USING RANGE-BASED COPULA METHOD",2025,"APPLIED ECONOMICS","10.1080/00036846.2025.2476212",FALSE,"not retrieved",NA,NA
"STOCK PERFORMANCE AND ECONOMIC GROWTH: LESSONS FROM THE JAPANESE CASE",2018,"MACROECONOMICS AND FINANCE IN EMERGING MARKET ECONOMIES","10.1080/17520843.2017.1356343",TRUE,"DOI","T1a_core_detection","A"
"ECONOMIC POLICY UNCERTAINTY AND STOCK MARKET INDEX: FRESH INSIGHTS FROM AUGMENTED-ARDL AND MULTIPLE STRUCTURAL BREAKS",2024,"JOURNAL OF INTERNATIONAL COMMERCE ECONOMICS AND POLICY","10.1142/S1793993324500108",TRUE,"DOI","T1a_core_detection","A"
"THE (DE)MERITS OF USING INTEGRAL TRANSFORMS IN PREDICTING STRUCTURAL BREAK POINTS",2021,"INTERNATIONAL REAL ESTATE REVIEW",NA,TRUE,"DOI","T1a_core_detection","A"
"STOCK PRICES' LONG MEMORY IN CHINA AND THE UNITED STATES",2022,"INTERNATIONAL JOURNAL OF EMERGING MARKETS","10.1108/IJOEM-11-2019-0921",TRUE,"DOI","T1a_core_detection","A"
"A PROFITABLE MODIFICATION TO GLOBAL QUADRATIC HEDGING",2019,"JOURNAL OF ECONOMIC DYNAMICS \& CONTROL","10.1016/j.jedc.2019.05.008",FALSE,"not retrieved",NA,NA
"MILITARY SPENDING AND ECONOMIC GROWTH IN CHINA: A REGIME-SWITCHING ANALYSIS",2014,"APPLIED ECONOMICS","10.1080/00036846.2014.929626",TRUE,"DOI","T2_regime_switching_modelling","A"
"RENEWABLE ENERGY INVESTMENT UNDER STOCHASTIC INTEREST RATE WITH REGIME-SWITCHING VOLATILITY",2024,"ENERGY ECONOMICS","10.1016/j.eneco.2024.107734",TRUE,"DOI","T2_regime_switching_modelling","A"
"FORECASTING TIME-VARYING COVARIANCE WITH A ROBUST BAYESIAN THRESHOLD MODEL",2011,"JOURNAL OF FORECASTING","10.1002/for.1183",TRUE,"DOI","T2_regime_switching_modelling","A"
"REGIME SWITCHES AND PERMANENT CHANGES IN IMPACTS OF HOUSING RISK FACTORS ON MSA-LEVEL HOUSING RETURNS",2021,"INTERNATIONAL JOURNAL OF FINANCE \& ECONOMICS","10.1002/ijfe.1791",TRUE,"DOI","T2_regime_switching_modelling","A"
"ON IVX-BASED STRUCTURAL BREAK TESTS IN UNIVARIATE PREDICTIVE REGRESSIONS",2024,"APPLIED ECONOMICS LETTERS","10.1080/13504851.2023.2203445",TRUE,"DOI","T1a_core_detection","A"
"A CENTURY OF EQUITY PREMIUM PREDICTABILITY AND THE CONSUMPTION-WEALTH RATIO: AN INTERNATIONAL PERSPECTIVE",2010,"JOURNAL OF EMPIRICAL FINANCE","10.1016/j.jempfin.2009.10.003",TRUE,"DOI","T1a_core_detection","A"
"PRICING CREDIT DERIVATIVES IN A MARKOV-MODULATED REDUCED-FORM MODEL",2013,"INTERNATIONAL JOURNAL OF THEORETICAL AND APPLIED FINANCE","10.1142/S0219024913500180",TRUE,"DOI","T2_regime_switching_modelling","A"
"EXCHANGE RATE MOVEMENTS AND STRUCTURAL BREAK ON CHINA FDI INFLOWS",2020,"CONTEMPORARY ECONOMICS","10.5709/ce.1897-9254.335",TRUE,"DOI","T1a_core_detection","A"
"EXIT EXPECTATIONS AND DEBT CRISES IN CURRENCY UNIONS",2019,"JOURNAL OF INTERNATIONAL ECONOMICS","10.1016/j.jinteco.2019.103253",TRUE,"DOI","T2_regime_switching_modelling","A"
"A JOINT TEST OF PREDICTABILITY AND STRUCTURAL BREAK IN PREDICTIVE REGRESSIONS",2024,"EMPIRICAL ECONOMICS","10.1007/s00181-024-02572-5",TRUE,"DOI","T1a_core_detection","A"
"DYNAMIC FACTOR ALLOCATION LEVERAGING REGIME-SWITCHING SIGNALS",2025,"JOURNAL OF PORTFOLIO MANAGEMENT",NA,TRUE,"DOI","T1a_core_detection","A"
"COMMODITIES AND FINANCIAL VARIABLES: ANALYZING RELATIONSHIPS IN A CHANGING REGIME ENVIRONMENT",2011,"INTERNATIONAL REVIEW OF ECONOMICS \& FINANCE","10.1016/j.iref.2010.07.011",TRUE,"DOI","T2_regime_switching_modelling","A"
"SWITCHING SPILLOVERS AND CONNECTEDNESS BETWEEN SUKUK AND INTERNATIONAL ISLAMIC STOCK MARKETS",2024,"PACIFIC-BASIN FINANCE JOURNAL","10.1016/j.pacfin.2024.102318",TRUE,"DOI","T2_regime_switching_modelling","A"
"THE IMPACT OF OIL SHOCKS ON EXCHANGE RATES: A MARKOV-SWITCHING APPROACH",2016,"ENERGY ECONOMICS","10.1016/j.eneco.2015.12.004",TRUE,"DOI","T2_regime_switching_modelling","A"
"DETERMINANTS OF MONETARY POLICY: AN APPLICATION OF REGIME SWITCHING MODEL",2023,"INDIAN JOURNAL OF ECONOMICS AND DEVELOPMENT","10.35716/IJED-23324",TRUE,"DOI","T2_regime_switching_modelling","A"
"QUANTITATIVE COMPARISONS ON THE INTRINSIC FEATURES OF FOREIGN EXCHANGE RATES BETWEEN THE 1920S AND THE 2010S: CASE OF THE USD-GBP EXCHANGE RATE",2016,"EAST ASIAN ECONOMIC REVIEW","10.11644/KIEP.EAER.2016.20.3.314",TRUE,"DOI","T1a_core_detection","A"
"HEDGE FUND RETURN HIGHER MOMENTS OVER THE BUSINESS CYCLE",2019,"ECONOMIC MODELLING","10.1016/j.econmod.2018.08.016",TRUE,"DOI","T2_regime_switching_modelling","A"
"WHEN DOES THE JAPAN EMPOWERING WOMEN INDEX OUTPERFORM ITS PARENT AND THE ESG SELECT LEADERS INDEXES?",2023,"INTERNATIONAL REVIEW OF FINANCIAL ANALYSIS","10.1016/j.irfa.2022.102428",TRUE,"DOI","T2_regime_switching_modelling","A"
"MODEL SELECTION AND AVERAGING IN FINANCIAL RISK MANAGEMENT",2013,"NORTH AMERICAN ACTUARIAL JOURNAL","10.1080/10920277.2013.824374",TRUE,"DOI","T2_regime_switching_modelling","A"
"COVARIANCE FORECASTS AND LONG-RUN CORRELATIONS IN A MARKOV-SWITCHING MODEL FOR DYNAMIC CORRELATIONS",2010,"FINANCE RESEARCH LETTERS","10.1016/j.frl.2009.12.002",TRUE,"DOI","T2_regime_switching_modelling","A"
"INFLUENCE OF OIL PRICE FLUCTUATIONS ON INFLATION UNCERTAINTY",2025,"JOURNAL OF CHINESE ECONOMIC AND FOREIGN TRADE STUDIES","10.1108/JCEFTS-06-2024-0045",TRUE,"DOI","T2_regime_switching_modelling","A"
"A SELF-EXCITING SWITCHING JUMP DIFFUSION: PROPERTIES, CALIBRATION AND HITTING TIME",2019,"QUANTITATIVE FINANCE","10.1080/14697688.2018.1501511",TRUE,"DOI","T2_regime_switching_modelling","A"
"THE USE OF OPEN SOURCE INTERNET TO ANALYSIS AND PREDICT STOCK MARKET TRADING VOLUME",2017,"RESEARCH IN INTERNATIONAL BUSINESS AND FINANCE","10.1016/j.ribaf.2017.04.048",TRUE,"DOI","T1a_core_detection","A"
"OPTIMAL PROPORTIONAL REINSURANCE AND INVESTMENT WITH REGIME-SWITCHING FOR MEAN-VARIANCE INSURERS",2013,"INSURANCE MATHEMATICS \& ECONOMICS","10.1016/j.insmatheco.2013.10.004",TRUE,"DOI","T2_regime_switching_modelling","A"
"OPTIMAL CAPITAL GROWTH WITH CONVEX SHORTFALL PENALTIES",2016,"QUANTITATIVE FINANCE","10.1080/14697688.2015.1059469",TRUE,"DOI","T2_regime_switching_modelling","A"
"THE JAPANESE ECONOMY IN CRISES: A TIME SERIES SEGMENTATION STUDY",2012,"ECONOMICS-THE OPEN ACCESS OPEN-ASSESSMENT E-JOURNAL","10.5018/economics-ejournal.ja.2012-5",TRUE,"DOI","T1a_core_detection","A"
"STRUCTURAL BREAKS IN VOLATILITY: EVIDENCE FOR THE OECD AND NON-OECD REAL EXCHANGE RATES",2010,"JOURNAL OF INTERNATIONAL MONEY AND FINANCE","10.1016/j.jimonfin.2008.12.006",TRUE,"DOI","T1a_core_detection","A"
"EVALUATION OF REALIZED MULTI-POWER VARIATIONS IN MINIMUM VARIANCE HEDGING",2015,"ECONOMIC MODELLING","10.1016/j.econmod.2015.08.024",FALSE,"not retrieved",NA,NA
"TIME-VARYING REGIONAL AND GLOBAL INTEGRATION AND CONTAGION: EVIDENCE FROM STYLE PORTFOLIOS",2015,"INTERNATIONAL REVIEW OF FINANCIAL ANALYSIS","10.1016/j.irfa.2014.10.007",TRUE,"DOI","T2_regime_switching_modelling","A"
"TREND AND VARIANCE ADAPTIVE BAYESIAN CHANGEPOINT ANALYSIS AND LOCAL OUTLIER SCORING",2025,"JOURNAL OF BUSINESS \& ECONOMIC STATISTICS","10.1080/07350015.2024.2362269",TRUE,"DOI","T1a_core_detection","A"
"A GENERAL APPROACH FOR PARISIAN STOPPING TIMES UNDER MARKOV PROCESSES",2023,"FINANCE AND STOCHASTICS","10.1007/s00780-023-00505-1",TRUE,"DOI","T2_regime_switching_modelling","A"
"PREDICTING THE UNPREDICTABLE: NEW EXPERIMENTAL EVIDENCE ON FORECASTING RANDOM WALKS",2023,"JOURNAL OF ECONOMIC DYNAMICS \& CONTROL","10.1016/j.jedc.2022.104571",TRUE,"DOI","excluded","A"
"THE RELATIONSHIP BETWEEN THE HEALTH SERVICES PRICE INDEX AND THE REAL EFFECTIVE EXCHANGE RATE INDEX IN TURKEY: A FREQUENCY DOMAIN CAUSALITY ANALYSIS",2022,"EKOIST-JOURNAL OF ECONOMETRICS AND STATISTICS","10.26650/ekoist.2022.36.1108803",TRUE,"DOI","T1a_core_detection","A"
"LEANING AGAINST THE WIND WHEN CREDIT BITES BACK",2017,"INTERNATIONAL JOURNAL OF CENTRAL BANKING",NA,TRUE,"DOI","T1a_core_detection","A"
"FORECASTING THE REAL PRICES OF CRUDE OIL: WHAT IS THE ROLE OF PARAMETER INSTABILITY?",2023,"ENERGY ECONOMICS","10.1016/j.eneco.2022.106483",TRUE,"DOI","T1a_core_detection","A"
"ASSET RETURN DYNAMICS AND LEARNING",2010,"REVIEW OF FINANCIAL STUDIES","10.1093/rfs/hhp112",TRUE,"DOI","T2_regime_switching_modelling","A"
"EXAMINING THE STOCHASTIC BEHAVIOR OF REIT RETURNS: EVIDENCE FROM THE REGIME SWITCHING APPROACH",2012,"ECONOMIC MODELLING","10.1016/j.econmod.2011.10.006",TRUE,"DOI","T2_regime_switching_modelling","A"
"FROM BLACK WEDNESDAY TO BREXIT: MACROECONOMIC SHOCKS AND CORRELATIONS OF EQUITY RETURNS IN FRANCE, GERMANY, ITALY, SPAIN, AND THE UNITED KINGDOM",2023,"INTERNATIONAL JOURNAL OF FINANCE \& ECONOMICS","10.1002/ijfe.2567",TRUE,"DOI","T1a_core_detection","A"
"EXCHANGE RATE REGIME SWITCHING IN MALAYSIA AND SINGAPORE IN RESPONSE TO CHINA'S MOVE TO A BASKET PEG: A DSGE ANALYSIS",2016,"JOURNAL OF ASIAN ECONOMICS","10.1016/j.asieco.2016.08.006",TRUE,"DOI","T2_regime_switching_modelling","A"
"INFLATION EXPECTATIONS INVESTIGATION USING MARKOV REGIME-SWITCHING AUTOREGRESSION",2022,"MONTENEGRIN JOURNAL OF ECONOMICS","10.14254/1800-5845/2022.18-1.2",TRUE,"DOI","T2_regime_switching_modelling","A"
"RECURSIVE ADJUSTED UNIT ROOT TESTS UNDER NON-STATIONARY VOLATILITY",2021,"ECONOMICS LETTERS","10.1016/j.econlet.2021.109941",TRUE,"DOI","T1a_core_detection","A"
"MACROECONOMIC FUNDAMENTALS AND DYNAMICS OF THE INDIAN RUPEE-DOLLAR EXCHANGE RATE",2015,"JOURNAL OF FINANCIAL ECONOMIC POLICY","10.1108/JFEP-11-2014-0069",TRUE,"DOI","T1a_core_detection","A"
"INVESTIGATING THE EFFECT OF CLIMATE UNCERTAINTY ON GLOBAL COMMODITY MARKETS",2021,"ENERGY ECONOMICS","10.1016/j.eneco.2021.105123",TRUE,"DOI","T2_regime_switching_modelling","A"
"FORECASTING MARKET TURBULENCE USING REGIME-SWITCHING MODELS",2014,"FINANCIAL MARKETS AND PORTFOLIO MANAGEMENT","10.1007/s11408-014-0226-0",TRUE,"DOI","T2_regime_switching_modelling","A"
"DETERMINANTS OF THE WTI-BRENT PRICE SPREAD REVISITED",2021,"JOURNAL OF FUTURES MARKETS","10.1002/fut.22184",TRUE,"DOI","T1a_core_detection","A"
"BUBBLE DETECTION IN BITCOIN AND ETHEREUM AND ITS RELATIONSHIP WITH VOLATILITY REGIMES",2023,"JOURNAL OF ECONOMIC STUDIES","10.1108/JES-09-2021-0452",TRUE,"DOI","T2_regime_switching_modelling","A"
"A CRYPTO-STOCK WEEKEND EFFECT: PREDICTING MONDAY STOCK RETURNS USING WEEKEND CRYPTOCURRENCY RETURNS",2025,"FINANCE RESEARCH LETTERS","10.1016/j.frl.2025.108661",TRUE,"DOI","T1a_core_detection","A"
"THE MEANING OF STRUCTURAL BREAKS FOR RISK MANAGEMENT: NEW EVIDENCE, MECHANISMS, AND INNOVATIVE VIEWS FOR THE POST-COVID-19 ERA",2022,"QUANTITATIVE FINANCE AND ECONOMICS","10.3934/QFE.2022012",TRUE,"DOI","T1a_core_detection","A"
"A CUSUM TEST FOR A LONG MEMORY HETEROGENEOUS AUTOREGRESSIVE MODEL",2013,"ECONOMICS LETTERS","10.1016/j.econlet.2013.09.014",TRUE,"DOI","T1a_core_detection","A"
"RISK-RETURN TRADEOFF IN CHINESE STOCK MARKETS: SOME RECENT EVIDENCE",2015,"INTERNATIONAL JOURNAL OF EMERGING MARKETS","10.1108/IJoEM-06-2012-0058",TRUE,"DOI","T1a_core_detection","A"
"PRICING AND HEDGING GLWB IN THE HESTON AND IN THE BLACK-SCHOLES WITH STOCHASTIC INTEREST RATE MODELS",2016,"INSURANCE MATHEMATICS \& ECONOMICS","10.1016/j.insmatheco.2016.05.018",TRUE,"DOI","T2_regime_switching_modelling","A"
"REGIME SWITCHING TERM STRUCTURE MODEL UNDER PARTIAL INFORMATION",2011,"INTERNATIONAL JOURNAL OF THEORETICAL AND APPLIED FINANCE","10.1142/S0219024911006358",TRUE,"DOI","T2_regime_switching_modelling","A"
"REBALANCING AND THE CHINESE VAT: SOME NUMERICAL SIMULATION RESULTS",2012,"CHINA ECONOMIC REVIEW","10.1016/j.chieco.2011.12.002",TRUE,"DOI","T2_regime_switching_modelling","A"
"THE MINIMUM-CVAR STRATEGY WITH SEMI-PARAMETRIC ESTIMATION IN CARBON MARKET HEDGING PROBLEMS",2018,"ENERGY ECONOMICS","10.1016/j.eneco.2018.09.024",FALSE,"not retrieved",NA,NA
"CURRENCY RETURNS, MARKET REGIMES AND BEHAVIORAL BIASES",2013,"ANNALS OF FINANCE","10.1007/s10436-012-0220-3",TRUE,"DOI","T2_regime_switching_modelling","A"
"HIGH-ORDER SEMI-HIDDEN MARKOV MODELING FOR MINUTE-LEVEL COMMODITY FUTURES RETURN FORECASTING",2025,"PROCEEDINGS OF 2025 8TH INTERNATIONAL CONFERENCE ON COMPUTER INFORMATION SCIENCE AND ARTIFICIAL INTELLIGENCE, CISAI 2025","10.1145/3773365.3773428",TRUE,"DOI","T2_regime_switching_modelling","B"
"MARKOV SWITCHING GENERALIZED AUTOREGRESSIVE CONDITIONAL HETEROSKEDASTICITY (MSGARCH) MODEL BASED ON LARGE DEVIATION PRINCIPLE",2025,"FAR EAST JOURNAL OF THEORETICAL STATISTICS","10.17654/0972086325015",TRUE,"DOI","T2_regime_switching_modelling","A"
"MAXIMUM PRINCIPLE OF STOCHASTIC OPTIMAL CONTROL PROBLEMS WITH MODEL UNCERTAINTY",2025,"JOURNAL OF OPTIMIZATION THEORY AND APPLICATIONS","10.1007/s10957-025-02786-2",FALSE,"not retrieved",NA,NA
"PARTICLE FILTERING ESTIMATION OF REGIME SWITCHING FACTOR MODEL AND ITS APPLICATION IN STATISTICAL ARBITRAGE STRATEGY",2025,"JOURNAL OF RISK AND FINANCIAL MANAGEMENT","10.3390/jrfm18100549",TRUE,"DOI","T2_regime_switching_modelling","A"
"OPTIMAL MEAN–VARIANCE PORTFOLIO SELECTION UNDER REGIME-SWITCHING-INDUCED STOCK PRICE SHOCKS",2025,"SYSTEMS AND CONTROL LETTERS","10.1016/j.sysconle.2025.106200",TRUE,"DOI","T2_regime_switching_modelling","B"
"A STATIONARY MEAN-FIELD EQUILIBRIUM MODEL OF IRREVERSIBLE INVESTMENT IN A TWO-REGIME ECONOMY",2025,"OPERATIONS RESEARCH","10.1287/opre.2023.0250",TRUE,"DOI","T2_regime_switching_modelling","A"
"REGIME-SWITCHING ASSET ALLOCATION USING A FRAMEWORK COMBING A JUMP MODEL AND MODEL PREDICTIVE CONTROL",2025,"MATHEMATICS","10.3390/math13172837",TRUE,"DOI","T2_regime_switching_modelling","B"
"STOCHASTIC MCKEAN-VLASOV CONTROL PROBLEM WITH REGIME-SWITCHING AND ITS APPLICATIONS",2025,"JOURNAL OF SYSTEMS SCIENCE AND COMPLEXITY","10.1007/s11424-025-4283-4",TRUE,"DOI","T2_regime_switching_modelling","B"
"ASYMPTOTIC PROPERTIES OF A STOCHASTIC SIR MODEL WITH REGIME SWITCHING AND MEAN-REVERTING ORNSTEIN–UHLENBECK PROCESS",2025,"MATHEMATICAL METHODS IN THE APPLIED SCIENCES","10.1002/mma.10875",TRUE,"DOI","excluded","B"
"MARKET REGIME IDENTIFICATION AND VARIABLE ANNUITY PRICING: ANALYSIS OF COVID-19-INDUCED REGIME SHIFTS IN THE INDIAN STOCK MARKET",2025,"MATHEMATICAL AND COMPUTATIONAL APPLICATIONS","10.3390/mca30020023",TRUE,"DOI","T2_regime_switching_modelling","B"
"VACCINE PROGRESS, STOCK PRICES, AND THE VALUE OF ENDING THE PANDEMIC",2025,"MANAGEMENT SCIENCE","10.1287/mnsc.2023.00863",TRUE,"DOI","T2_regime_switching_modelling","A"
"SOME BIVARIATE OPTIONS PRICING IN A REGIME-SWITCHING STOCHASTIC VOLATILITY JUMP-DIFFUSION MODEL WITH STOCHASTIC INTENSITY, STOCHASTIC INTEREST AND DEPENDENT JUMP",2025,"MATHEMATICS AND COMPUTERS IN SIMULATION","10.1016/j.matcom.2024.10.011",TRUE,"DOI","T2_regime_switching_modelling","B"
"ANALYTICAL COMPUTATION OF CONDITIONAL MOMENTS IN THE EXTENDED COX–INGERSOLL–ROSS PROCESS WITH REGIME SWITCHING: HYBRID PDE SYSTEM SOLUTIONS WITH FINANCIAL APPLICATIONS",2025,"MATHEMATICS AND COMPUTERS IN SIMULATION","10.1016/j.matcom.2024.09.032",TRUE,"DOI","T2_regime_switching_modelling","B"
"CONSTRAINED EQUILIBRIUM INVESTMENT AND RISK CONTROL STRATEGIES UNDER A NON-MARKOVIAN REGIME-SWITCHING MODEL",2025,"COMMUNICATIONS IN STATISTICS - THEORY AND METHODS","10.1080/03610926.2025.2462690",TRUE,"DOI","T2_regime_switching_modelling","B"
"PRICING FOREIGN EQUITY OPTIONS UNDER A REGIME-SWITCHING MODEL WITH LIQUIDITY RISK AND DEFAULT RISK",2025,"COMMUNICATIONS IN STATISTICS - THEORY AND METHODS","10.1080/03610926.2024.2430740",TRUE,"DOI","T2_regime_switching_modelling","B"
"HURST EXPONENT AS A REGIME-SWITCHING INDICATOR FOR TREND-FOLLOWING STRATEGIES IN EAST ASIAN STOCK MARKETS",2025,"ASIA PACIFIC JOURNAL OF MATHEMATICS","10.28924/APJM/12-109",TRUE,"DOI","T2_regime_switching_modelling","B"
"TERMINAL PERTURBATION FOR MCKEAN-VLASOV BSDE WITH REGIME SWITCHING AND APPLICATION TO FINANCE",2025,"MATHEMATICS AND FINANCIAL ECONOMICS","10.1007/s11579-025-00401-6",FALSE,"not retrieved",NA,NA
"REGIMEFOLIO: A REGIME AWARE ML SYSTEM FOR SECTORAL PORTFOLIO OPTIMIZATION IN DYNAMIC MARKETS",2025,"IEEE ACCESS","10.1109/ACCESS.2025.3624822",TRUE,"DOI","T2_regime_switching_modelling","B"
"HMMTMB: HIDDEN MARKOV MODELS WITH FLEXIBLE COVARIATE EFFECTS IN R",2025,"JOURNAL OF STATISTICAL SOFTWARE","10.18637/jss.v114.i05",TRUE,"DOI","T2_regime_switching_modelling","B"
"PARTIAL INFORMATION IN A MEAN-VARIANCE PORTFOLIO SELECTION GAME",2025,"MATHEMATICAL FINANCE","10.1111/mafi.70013",FALSE,"not retrieved",NA,NA
"GLOBAL OIL PRICES AND CHINA'S LOGISTICS INDUSTRY: MULTIPLE REGIME SWITCHING STRUCTURAL ANALYSIS",2025,"ENVIRONMENT, DEVELOPMENT AND SUSTAINABILITY","10.1007/s10668-025-06813-0",TRUE,"DOI","T2_regime_switching_modelling","B"
"MEAN-VARIANCE ASSET-LIABILITY MANAGEMENT: FROM SURPLUS OPTIMIZATION TO LIABILITY-DRIVEN INVESTMENT",2025,"JOURNAL OF INDUSTRIAL AND MANAGEMENT OPTIMIZATION","10.3934/jimo.2024180",FALSE,"not retrieved",NA,NA
"PAIRS TRADING UNDER A MEAN REVERSION MODEL WITH REGIME SWITCHING",2024,"NUMERICAL ALGEBRA, CONTROL AND OPTIMIZATION","10.3934/naco.2023023",TRUE,"DOI","excluded","B"
"PRICING CDS INDEX TRANCHES UNDER THINNING-DEPENDENCE STRUCTURE WITH REGIME SWITCHING",2024,"JOURNAL OF COMPUTATIONAL AND APPLIED MATHEMATICS","10.1016/j.cam.2024.116080",TRUE,"DOI","T2_regime_switching_modelling","B"
"EFFICIENT VALUATION OF GUARANTEED MINIMUM ACCUMULATION BENEFITS IN REGIME SWITCHING JUMP DIFFUSION MODELS WITH LAPSE RISK",2024,"APPLIED MATHEMATICS AND COMPUTATION","10.1016/j.amc.2024.128833",FALSE,"not retrieved",NA,NA
"REAL OPTION PRICING UNDER THE REGIME-SWITCHING MODEL WITH JUMPS ON A FINITE TIME HORIZON",2024,"JOURNAL OF COMPUTATIONAL AND APPLIED MATHEMATICS","10.1016/j.cam.2024.115893",FALSE,"not retrieved",NA,NA
"CLOSED-FORM FORMULA FOR THE CONDITIONAL MOMENT-GENERATING FUNCTION UNDER A REGIME-SWITCHING, NONLINEAR DRIFT CEV PROCESS, WITH APPLICATIONS TO OPTION PRICING",2024,"MATHEMATICS","10.3390/math12172667",TRUE,"DOI","T2_regime_switching_modelling","B"
"PRICING A DEFAULTABLE ZERO-COUPON BOND UNDER IMPERFECT INFORMATION AND REGIME SWITCHING",2024,"MATHEMATICS","10.3390/math12172740",TRUE,"DOI","T2_regime_switching_modelling","B"
"A MARKOV-SWITCHING SPATIO-TEMPORAL ARCH MODEL",2024,"STAT","10.1002/sta4.713",TRUE,"DOI","T1a_core_detection","B"
"RUIN PROBABILITIES WITH INVESTMENTS IN RANDOM ENVIRONMENT: SMOOTHNESS",2024,"MATHEMATICS","10.3390/math12111705",TRUE,"DOI","excluded","B"
"RIEMANNIAN-GEOMETRIC REGIME-SWITCHING COVARIANCE HEDGING",2024,"JOURNAL OF FUTURES MARKETS","10.1002/fut.22500",TRUE,"DOI","T2_regime_switching_modelling","A"
"MULTI-REGIME FOREIGN EXCHANGE RATE MODEL: CALIBRATION AND PRICING",2024,"MATHEMATICS AND COMPUTERS IN SIMULATION","10.1016/j.matcom.2024.01.008",TRUE,"DOI","T2_regime_switching_modelling","B"
"A CLOSED-FORM PRICING FORMULA FOR EUROPEAN OPTIONS UNDER A MULTI-FACTOR NONLINEAR STOCHASTIC VOLATILITY MODEL WITH REGIME-SWITCHING",2024,"JAPAN JOURNAL OF INDUSTRIAL AND APPLIED MATHEMATICS","10.1007/s13160-023-00642-2",TRUE,"DOI","T2_regime_switching_modelling","B"
"SENTIMENT-DRIVEN MEAN REVERSION IN THE 4/2 STOCHASTIC VOLATILITY MODEL WITH JUMPS",2024,"APPLIED STOCHASTIC MODELS IN BUSINESS AND INDUSTRY","10.1002/asmb.2763",TRUE,"DOI","T2_regime_switching_modelling","B"
"PRICING DISCRETELY MONITORED ASIAN OPTIONS UNDER REGIME-SWITCHING AND STOCHASTIC VOLATILITY MODELS WITH JUMPS",2024,"JOURNAL OF SCIENTIFIC COMPUTING","10.1007/s10915-023-02438-5",TRUE,"DOI","T2_regime_switching_modelling","B"
"ERROR ANALYSIS OF FINITE DIFFERENCE SCHEME FOR AMERICAN OPTION PRICING UNDER REGIME-SWITCHING WITH JUMPS",2024,"JOURNAL OF COMPUTATIONAL AND APPLIED MATHEMATICS","10.1016/j.cam.2023.115484",FALSE,"not retrieved",NA,NA
"MULTIDIMENSIONAL INDEFINITE STOCHASTIC RICCATI EQUATIONS AND ZERO-SUM STOCHASTIC LINEAR-QUADRATIC DIFFERENTIAL GAMES WITH NON-MARKOVIAN REGIME SWITCHING",2024,"SIAM JOURNAL ON CONTROL AND OPTIMIZATION","10.1137/23M1581984",FALSE,"not retrieved",NA,NA
"MEAN–VARIANCE PORTFOLIO SELECTION IN A MARKOVIAN REGIME-SWITCHING MARKET WHEN THE UNCERTAIN TIME HORIZON IS A STOPPING TIME OF MARKET STATE FILTRATION: A MULTI-PERIOD MODEL",2024,"JOURNAL OF THE OPERATIONS RESEARCH SOCIETY OF CHINA","10.1007/s40305-024-00559-8",FALSE,"not retrieved",NA,NA
"OPTIMIZING PORTFOLIOS WITH NEURAL NETWORKS AND DYNAMIC PROGRAMMING: TACKLING REGIME SWITCHING AND TRANSACTION COSTS",2024,"5TH INTERNATIONAL CONFERENCE ON ELECTRONICS AND SUSTAINABLE COMMUNICATION SYSTEMS, ICESC 2024 - PROCEEDINGS","10.1109/ICESC60852.2024.10689730",TRUE,"DOI","T2_regime_switching_modelling","B"
"ANALYTICAL FORMULAE FOR VARIANCE AND VOLATILITY SWAPS WITH STOCHASTIC VOLATILITY, STOCHASTIC EQUILIBRIUM LEVEL AND REGIME SWITCHING",2024,"AIMS MATHEMATICS","10.3934/math.20241081",TRUE,"DOI","excluded","B"
"FHMM: HIDDEN MARKOV MODELS FOR FINANCIAL TIME SERIES IN R",2024,"JOURNAL OF STATISTICAL SOFTWARE","10.18637/jss.v109.i09",TRUE,"DOI","T2_regime_switching_modelling","B"
"DEEP LEARNING FOR ENHANCED INDEX TRACKING",2024,"QUANTITATIVE FINANCE","10.1080/14697688.2024.2356239",TRUE,"DOI","T2_regime_switching_modelling","A"
"MULTI-PERIOD PORTFOLIO OPTIMISATION USING A REGIME-SWITCHING PREDICTIVE FRAMEWORK",2024,"SPRINGER PROCEEDINGS IN BUSINESS AND ECONOMICS","10.1007/978-3-031-49951-7_1",FALSE,"not retrieved",NA,NA
"DEEP REINFORCEMENT LEARNING FOR GOAL-BASED INVESTING UNDER REGIME-SWITCHING",2024,"PROCEEDINGS OF MACHINE LEARNING RESEARCH",NA,TRUE,"DOI","T1a_core_detection","A"
"FORWARD STARTING OPTIONS PRICING UNDER A REGIME-SWITCHING JUMP-DIFFUSION MODEL WITH WISHART STOCHASTIC VOLATILITY AND STOCHASTIC INTEREST RATE",2024,"INTERNATIONAL JOURNAL OF COMPUTER MATHEMATICS","10.1080/00207160.2024.2327612",TRUE,"DOI","T2_regime_switching_modelling","B"
"VALUING EQUITY-LINKED GUARANTEED MINIMUM DEATH BENEFITS WITH EUROPEAN-STYLE ASIAN PAYOFFS UNDER A REGIME SWITCHING JUMP-DIFFUSION MODEL",2024,"COMMUNICATIONS IN NONLINEAR SCIENCE AND NUMERICAL SIMULATION","10.1016/j.cnsns.2023.107605",TRUE,"DOI","T2_regime_switching_modelling","B"
"OPTION PRICING WITH EXCHANGE RATE RISK UNDER REGIME-SWITCHING MULTI-SCALE JUMP-DIFFUSION MODELS",2024,"COMMUNICATIONS IN STATISTICS - THEORY AND METHODS","10.1080/03610926.2022.2129992",TRUE,"DOI","T2_regime_switching_modelling","B"
"BRC-GARCH-X MODEL: THE EMPIRICAL EVIDENCE IN STOCK RETURNS",2024,"COMMUNICATIONS IN STATISTICS: SIMULATION AND COMPUTATION","10.1080/03610918.2022.2102653",TRUE,"DOI","T2_regime_switching_modelling","B"
"OPTIMAL INVESTMENT OF DEFINED CONTRIBUTION PENSION PLAN WITH ENVIRONMENTAL, SOCIAL, AND GOVERNANCE (ESG) FACTORS IN REGIME-SWITCHING JUMP DIFFUSION MODELS",2024,"COMMUNICATIONS IN STATISTICS - THEORY AND METHODS","10.1080/03610926.2024.2395883",TRUE,"DOI","excluded","B"
"HIDDEN MARKOV MODEL-BASED MODELING AND PREDICTION FOR IMPLIED VOLATILITY SURFACE",2023,"JOURNAL OF INTELLIGENT AND FUZZY SYSTEMS","10.3233/JIFS-232139",TRUE,"DOI","excluded","B"
"WHAT DRIVES CRYPTOCURRENCY RETURNS? A SPARSE STATISTICAL JUMP MODEL APPROACH",2023,"DIGITAL FINANCE","10.1007/s42521-023-00085-x",TRUE,"DOI","T2_regime_switching_modelling","A"
"STOCHASTIC LINEAR-QUADRATIC CONTROL WITH A JUMP AND REGIME SWITCHING ON A RANDOM HORIZON",2023,"MATHEMATICAL CONTROL AND RELATED FIELDS","10.3934/mcrf.2022051",FALSE,"not retrieved",NA,NA
"DEEP LEARNING BASED REGIME-SWITCHING MODELS OF ENERGY COMMODITY PRICES",2023,"ENERGY SYSTEMS","10.1007/s12667-022-00515-6",TRUE,"DOI","T2_regime_switching_modelling","B"
"RANDOMIZATION AND THE VALUATION OF GUARANTEED MINIMUM DEATH BENEFITS",2023,"EUROPEAN JOURNAL OF OPERATIONAL RESEARCH","10.1016/j.ejor.2023.01.059",TRUE,"DOI","T2_regime_switching_modelling","A"
"EXPLORING THE NEXUS BETWEEN MONETARY UNCERTAINTY AND VOLATILITY IN GLOBAL CRUDE OIL: A CONTEMPORARY APPROACH OF REGIME-SWITCHING",2023,"RESOURCES POLICY","10.1016/j.resourpol.2023.103886",TRUE,"DOI","T2_regime_switching_modelling","B"
"EQUILIBRIUM INVESTMENT STRATEGY FOR MULTI-PERIOD DC PENSION FUNDS WITH STOCHASTIC INTEREST RATE AND REGIME SWITCHING",2023,"JOURNAL OF INDUSTRIAL AND MANAGEMENT OPTIMIZATION","10.3934/jimo.2022203",TRUE,"DOI","T2_regime_switching_modelling","B"
"MODELING LONG MEMORY AND REGIME SWITCHING WITH AN MRS-FIEGARCH MODEL: A SIMULATION STUDY",2023,"AXIOMS","10.3390/axioms12050446",TRUE,"DOI","T2_regime_switching_modelling","B"
"INVESTIGATING PRICE FLUCTUATIONS IN COPPER FUTURES: BASED ON EEMD AND MARKOV-SWITCHING VAR MODEL",2023,"RESOURCES POLICY","10.1016/j.resourpol.2023.103518",TRUE,"DOI","T2_regime_switching_modelling","B"
"ANALYTICALLY PRICING VARIANCE AND VOLATILITY SWAPS WITH STOCHASTIC VOLATILITY, STOCHASTIC EQUILIBRIUM LEVEL AND REGIME SWITCHING",2023,"EXPERT SYSTEMS WITH APPLICATIONS","10.1016/j.eswa.2023.119592",TRUE,"DOI","excluded","B"
"STOCHASTIC LINEAR-QUADRATIC OPTIMAL CONTROL PROBLEMS WITH RANDOM COEFFICIENTS AND MARKOVIAN REGIME SWITCHING SYSTEM",2023,"SIAM JOURNAL ON CONTROL AND OPTIMIZATION","10.1137/22M1481415",FALSE,"not retrieved",NA,NA
"OPEN-LOOP EQUILIBRIUM STRATEGY FOR MEAN-VARIANCE PORTFOLIO SELECTION WITH INVESTMENT CONSTRAINTS IN A NON-MARKOVIAN REGIME-SWITCHING JUMP-DIFFUSION MODEL",2023,"JOURNAL OF INDUSTRIAL AND MANAGEMENT OPTIMIZATION","10.3934/jimo.2022048",FALSE,"not retrieved",NA,NA
"WORLD PANDEMIC UNCERTAINTY AND GERMAN STOCK MARKET: EVIDENCE FROM MARKOV REGIME-SWITCHING AND FOURIER BASED APPROACHES",2023,"QUALITY AND QUANTITY","10.1007/s11135-022-01435-4",TRUE,"DOI","T2_regime_switching_modelling","B"
"A CONDITIONAL HIGHER-MOMENT CAPM",2023,"INTERNATIONAL REVIEW OF FINANCIAL ANALYSIS","10.1016/j.irfa.2023.102524",TRUE,"DOI","T2_regime_switching_modelling","A"
"PARTIAL DIFFERENTIAL INTEGRAL EQUATION MODEL FOR PRICING AMERICAN OPTION UNDER MULTI STATE REGIME SWITCHING WITH JUMPS",2023,"NUMERICAL METHODS FOR PARTIAL DIFFERENTIAL EQUATIONS","10.1002/num.22791",TRUE,"DOI","T2_regime_switching_modelling","B"
"TWO-FACTOR HESTON MODEL EQUIPPED WITH REGIME-SWITCHING: AMERICAN OPTION PRICING AND MODEL CALIBRATION BY LEVENBERG–MARQUARDT OPTIMIZATION ALGORITHM",2023,"MATHEMATICS AND COMPUTERS IN SIMULATION","10.1016/j.matcom.2022.09.006",TRUE,"DOI","T2_regime_switching_modelling","B"
"A NEW NONLINEAR STOCHASTIC VOLATILITY MODEL WITH REGIME SWITCHING STOCHASTIC MEAN REVERSION AND ITS APPLICATIONS TO OPTION PRICING",2023,"EXPERT SYSTEMS WITH APPLICATIONS","10.1016/j.eswa.2022.118742",TRUE,"DOI","T2_regime_switching_modelling","B"
"DATA-DRIVEN DISTRIBUTIONALLY ROBUST CVAR PORTFOLIO OPTIMIZATION UNDER A REGIME-SWITCHING AMBIGUITY SET",2023,"MANUFACTURING AND SERVICE OPERATIONS MANAGEMENT","10.1287/msom.2023.1229",TRUE,"DOI","T2_regime_switching_modelling","A"
"BAYESIAN NONPARAMETRIC PORTFOLIO SELECTION WITH ROLLING MAXIMUM DRAWDOWN CONTROL",2023,"QUANTITATIVE FINANCE","10.1080/14697688.2023.2250386",FALSE,"not retrieved",NA,NA
"THE PRICE TAG OF CYBER RISK: A SIGNAL-PROCESSING APPROACH",2023,"IEEE ACCESS","10.1109/ACCESS.2023.3272572",TRUE,"DOI","T2_regime_switching_modelling","B"
"IMPROVING ON THE MARKOV-SWITCHING REGRESSION MODEL BY THE USE OF AN ADAPTIVE MOVING AVERAGE",2023,"SPRINGER PROCEEDINGS IN BUSINESS AND ECONOMICS","10.1007/978-3-031-23844-4_2",TRUE,"DOI","T2_regime_switching_modelling","A"
"L∞-NORM CONVERGENCE RATES OF AN IMEX SCHEME FOR SOLVING A PARTIAL INTEGRO-DIFFERENTIAL EQUATION SYSTEM ARISING FROM REGIME-SWITCHING JUMP-DIFFUSION ASIAN OPTION PRICING",2023,"INTERNATIONAL JOURNAL OF COMPUTER MATHEMATICS","10.1080/00207160.2023.2189048",FALSE,"not retrieved",NA,NA
"A SECOND-ORDER ADI METHOD FOR PRICING OPTIONS UNDER FRACTIONAL REGIME-SWITCHING MODELS",2023,"NETWORKS AND HETEROGENEOUS MEDIA","10.3934/nhm.2023028",FALSE,"not retrieved",NA,NA
"AMERICAN OPTIONS PRICING UNDER REGIME-SWITCHING JUMP-DIFFUSION MODELS WITH MESHFREE FINITE POINT METHOD",2023,"CHAOS, SOLITONS AND FRACTALS","10.1016/j.chaos.2022.112919",FALSE,"not retrieved",NA,NA
"VALUING EQUITY-LINKED DEATH BENEFITS WITH A THRESHOLD EXPENSE STRUCTURE UNDER A REGIME-SWITCHING LEVY MODEL",2023,"JOURNAL OF INDUSTRIAL AND MANAGEMENT OPTIMIZATION","10.3934/jimo.2022007",TRUE,"DOI","T2_regime_switching_modelling","B"
"DYNAMIC BEHAVIOR OF STOCHASTIC PROSTATE CANCER SYSTEM WITH COMPREHENSIVE THERAPY UNDER REGIME SWITCHING",2023,"APPLIED MATHEMATICAL MODELLING","10.1016/j.apm.2022.09.019",TRUE,"DOI","excluded","B"
"AN EXACT AND EXPLICIT FORMULA FOR PRICING LOOKBACK OPTIONS WITH REGIME SWITCHING",2023,"JOURNAL OF INDUSTRIAL AND MANAGEMENT OPTIMIZATION","10.3934/jimo.2021203",TRUE,"DOI","T2_regime_switching_modelling","B"
"A CLOSED-FORM PRICING FORMULA FOR EUROPEAN OPTIONS UNDER A NEW THREE-FACTOR STOCHASTIC VOLATILITY MODEL WITH REGIME SWITCHING",2023,"JAPAN JOURNAL OF INDUSTRIAL AND APPLIED MATHEMATICS","10.1007/s13160-022-00538-7",TRUE,"DOI","T2_regime_switching_modelling","B"
"A MIXTURE AUTOREGRESSIVE MODEL BASED ON STUDENT’S T–DISTRIBUTION",2023,"COMMUNICATIONS IN STATISTICS - THEORY AND METHODS","10.1080/03610926.2021.1916531",TRUE,"DOI","excluded","B"
"MODELING MAXIMA WITH A REGIME-SWITCHING FRÉCHET MODEL",2022,"JOURNAL OF RISK","10.21314/JOR.2022.045",TRUE,"DOI","T2_regime_switching_modelling","A"
"REGIME RECOVERY USING IMPLIED VOLATILITY IN MARKOV MODULATED MARKET MODEL",2022,"APPLIED STOCHASTIC MODELS IN BUSINESS AND INDUSTRY","10.1002/asmb.2719",TRUE,"DOI","T2_regime_switching_modelling","B"
"BARRIER OPTION PRICING UNDER A MARKOV REGIME SWITCHING DIFFUSION MODEL",2022,"QUARTERLY REVIEW OF ECONOMICS AND FINANCE","10.1016/j.qref.2022.08.001",TRUE,"DOI","T2_regime_switching_modelling","A"
"ON A BUFFERED THRESHOLD AUTOREGRESSIVE STOCHASTIC VOLATILITY MODEL",2022,"APPLIED STOCHASTIC MODELS IN BUSINESS AND INDUSTRY","10.1002/asmb.2689",TRUE,"DOI","T2_regime_switching_modelling","B"
"INFLATION FORECASTS AND EUROPEAN ASSET RETURNS: A REGIME-SWITCHING APPROACH",2022,"JOURNAL OF RISK AND FINANCIAL MANAGEMENT","10.3390/jrfm15100475",TRUE,"DOI","T2_regime_switching_modelling","A"
"A LATTICE APPROACH FOR OPTION PRICING UNDER A REGIME-SWITCHING GARCH-JUMP MODEL",2022,"PROBABILITY IN THE ENGINEERING AND INFORMATIONAL SCIENCES","10.1017/S0269964821000292",FALSE,"not retrieved",NA,NA
"GOLD-OIL DYNAMIC RELATIONSHIP AND THE ASYMMETRIC ROLE OF GEOPOLITICAL RISKS: EVIDENCE FROM BAYESIAN PDBEKK-GARCH WITH REGIME SWITCHING",2022,"RESOURCES POLICY","10.1016/j.resourpol.2022.102917",TRUE,"DOI","T2_regime_switching_modelling","B"
"AN EXAMINATION OF HERDING BEHAVIOUR OF THE CHINESE MUTUAL FUNDS: A TIME-VARYING PERSPECTIVE",2022,"PACIFIC BASIN FINANCE JOURNAL","10.1016/j.pacfin.2022.101820",FALSE,"not retrieved",NA,NA
"INTENSITY AND DIRECTION OF VOLATILITY SPILLOVER EFFECT IN CARBON–ENERGY MARKETS: A REGIME-SWITCHING APPROACH",2022,"ALGORITHMS","10.3390/a15080264",TRUE,"DOI","T2_regime_switching_modelling","B"
"INVESTOR SENTIMENT AND PARADIGM SHIFTS IN EQUITY RETURN FORECASTING",2022,"MANAGEMENT SCIENCE","10.1287/mnsc.2020.3834",FALSE,"not retrieved",NA,NA
"EVOLUTIONARY CORRELATION, REGIME SWITCHING, SPECTRAL DYNAMICS AND OPTIMAL TRADING STRATEGIES FOR CRYPTOCURRENCIES AND EQUITIES",2022,"PHYSICA D: NONLINEAR PHENOMENA","10.1016/j.physd.2022.133262",TRUE,"DOI","T1a_core_detection","B"
"PRICING SOME LIFE-CONTINGENT LOOKBACK OPTIONS UNDER REGIME-SWITCHING LÉVY MODELS",2022,"JOURNAL OF COMPUTATIONAL AND APPLIED MATHEMATICS","10.1016/j.cam.2022.114082",TRUE,"DOI","T2_regime_switching_modelling","B"
"LEARNING ABOUT THE PERSISTENCE OF RECESSIONS UNDER AMBIGUITY AVERSION",2022,"FINANCE RESEARCH LETTERS","10.1016/j.frl.2021.102522",FALSE,"not retrieved",NA,NA
"DETECTING STOCK MARKET REGIMES FROM OPTION PRICES",2022,"OPERATIONS RESEARCH LETTERS","10.1016/j.orl.2022.02.006",TRUE,"DOI","T2_regime_switching_modelling","B"
"PRICING FOREIGN EXCHANGE OPTIONS UNDER A HYBRID HESTON-COX-INGERSOLL-ROSS MODEL WITH REGIME SWITCHING",2022,"IMA JOURNAL OF MANAGEMENT MATHEMATICS","10.1093/imaman/dpab013",TRUE,"DOI","T2_regime_switching_modelling","A"
"SIGNAL-TO-NOISE MATRIX AND MODEL REDUCTION IN CONTINUOUS-TIME HIDDEN MARKOV MODELS",2022,"MATHEMATICAL METHODS OF OPERATIONS RESEARCH","10.1007/s00186-022-00784-y",TRUE,"DOI","T2_regime_switching_modelling","B"
"FINANCIAL UNCERTAINTY WITH AMBIGUITY AND LEARNING",2022,"MANAGEMENT SCIENCE","10.1287/mnsc.2021.3958",TRUE,"DOI","T2_regime_switching_modelling","A"
"VULNERABLE EUROPEAN OPTION PRICING IN A MARKOV REGIME-SWITCHING HESTON MODEL WITH STOCHASTIC INTEREST RATE",2022,"CHAOS, SOLITONS AND FRACTALS","10.1016/j.chaos.2022.111896",TRUE,"DOI","T2_regime_switching_modelling","B"
"PRICE DISCOVERY UNDER MODEL UNCERTAINTY",2022,"ENERGY ECONOMICS","10.1016/j.eneco.2022.105833",TRUE,"DOI","T2_regime_switching_modelling","A"
"UNCERTAINTY AND OIL VOLATILITY: EVIDENCE FROM SHRINKAGE METHOD",2022,"RESOURCES POLICY","10.1016/j.resourpol.2021.102482",TRUE,"DOI","T2_regime_switching_modelling","B"
"CONSTRAINED STOCHASTIC LQ CONTROL WITH REGIME SWITCHING AND APPLICATION TO PORTFOLIO SELECTION",2022,"ANNALS OF APPLIED PROBABILITY","10.1214/21-AAP1684",FALSE,"not retrieved",NA,NA
"TIME-DELAYED STOCHASTIC VOLATILITY MODEL",2022,"PHYSICA D: NONLINEAR PHENOMENA","10.1016/j.physd.2021.133088",TRUE,"DOI","T2_regime_switching_modelling","B"
"THE NEXUS OF RENEWABLE ENERGY EQUITY AND AGRICULTURAL COMMODITIES IN THE UNITED STATES: EVIDENCE OF REGIME-SWITCHING AND PRICE BUBBLES",2022,"ENERGY","10.1016/j.energy.2021.122377",TRUE,"DOI","excluded","B"
"CONDITIONAL VALUE-AT-RISK FOR QUANTITATIVE TRADING: A DIRECT REINFORCEMENT LEARNING APPROACH",2022,"2022 IEEE CONFERENCE ON CONTROL TECHNOLOGY AND APPLICATIONS, CCTA 2022","10.1109/CCTA49430.2022.9966017",TRUE,"DOI","T2_regime_switching_modelling","B"
"A KIND OF OPTIMAL INVESTMENT PROBLEM UNDER NON-MARKOVIAN REGIME-SWITCHING MODEL WITH RANDOM HORIZON",2022,"CHINESE CONTROL CONFERENCE, CCC","10.23919/CCC55666.2022.9902267",TRUE,"title","T2_regime_switching_modelling","B"
"CLUSTERING-BASED CROSS-SECTIONAL REGIME IDENTIFICATION FOR FINANCIAL MARKET FORECASTING",2022,"LECTURE NOTES IN COMPUTER SCIENCE (INCLUDING SUBSERIES LECTURE NOTES IN ARTIFICIAL INTELLIGENCE AND LECTURE NOTES IN BIOINFORMATICS)","10.1007/978-3-031-12426-6_1",TRUE,"DOI","T2_regime_switching_modelling","B"
"STATE-ANFIS: A GENERALIZED REGIME-SWITCHING MODEL FOR FINANCIAL MODELING",2022,"2022 IEEE SYMPOSIUM ON COMPUTATIONAL INTELLIGENCE FOR FINANCIAL ENGINEERING AND ECONOMICS, CIFER 2022 - PROCEEDINGS","10.1109/CIFEr52523.2022.9776208",TRUE,"DOI","T2_regime_switching_modelling","A"
"MODELLING AND FILTERING FOR DYNAMIC INVESTMENT IN THE PRECIOUS-METALS MARKET",2022,"INTERNATIONAL JOURNAL OF COMPUTER MATHEMATICS","10.1080/00207160.2022.2064192",TRUE,"DOI","T2_regime_switching_modelling","B"
"CONSTRAINED STOCHASTIC LQ CONTROL ON INFINITE TIME HORIZON WITH REGIME SWITCHING",2022,"ESAIM - CONTROL, OPTIMISATION AND CALCULUS OF VARIATIONS","10.1051/cocv/2021110",FALSE,"not retrieved",NA,NA
"FORECASTING THE VOLATILITY OF CRUDE OIL FUTURES: THE ROLE OF OIL INVESTOR ATTENTION AND ITS REGIME SWITCHING CHARACTERISTICS UNDER A HIGH-FREQUENCY FRAMEWORK",2022,"ENERGY","10.1016/j.energy.2021.121779",TRUE,"DOI","T1a_core_detection","B"
"STATE HETEROGENEITY ANALYSIS OF FINANCIAL VOLATILITY USING HIGH-FREQUENCY FINANCIAL DATA",2022,"JOURNAL OF TIME SERIES ANALYSIS","10.1111/jtsa.12594",TRUE,"DOI","T2_regime_switching_modelling","B"
"PRICING DOUBLE-BARRIER OPTION WITH PROCESSES DEPENDING ON VARIOUS STATES OF THE ECONOMY",2022,"COMMUNICATIONS IN STATISTICS - THEORY AND METHODS","10.1080/03610926.2021.1891439",TRUE,"DOI","T2_regime_switching_modelling","B"
"A UNIFIED OPTION PRICING MODEL WITH MARKOV REGIME-SWITCHING DOUBLE STOCHASTIC VOLATILITY, STOCHASTIC INTEREST RATE AND JUMPS",2022,"COMMUNICATIONS IN STATISTICS - THEORY AND METHODS","10.1080/03610926.2020.1833221",TRUE,"DOI","T2_regime_switching_modelling","B"
"PREDICTING RISK-ADJUSTED RETURNS USING AN ASSET INDEPENDENT REGIME-SWITCHING MODEL",2021,"EXPERT SYSTEMS WITH APPLICATIONS","10.1016/j.eswa.2021.115576",TRUE,"DOI","T2_regime_switching_modelling","B"
"FEATURE SELECTION IN JUMP MODELS",2021,"EXPERT SYSTEMS WITH APPLICATIONS","10.1016/j.eswa.2021.115558",TRUE,"DOI","T2_regime_switching_modelling","B"
"ON RUIN PROBABILITIES WITH RISKY INVESTMENTS IN A STOCK WITH STOCHASTIC VOLATILITY",2021,"EXTREMES","10.1007/s10687-021-00420-8",TRUE,"DOI","excluded","B"
"THE TERM STRUCTURE OF EQUITY RISK PREMIA",2021,"JOURNAL OF FINANCIAL ECONOMICS","10.1016/j.jfineco.2021.05.043",TRUE,"DOI","T2_regime_switching_modelling","A"
"MEAN-VARIANCE ASSET-LIABILITY MANAGEMENT IN A NON-MARKOVIAN REGIME-SWITCHING JUMP-DIFFUSION MARKET WITH RANDOM HORIZON",2021,"APPLIED MATHEMATICS AND OPTIMIZATION","10.1007/s00245-021-09770-y",TRUE,"DOI","T2_regime_switching_modelling","B"
"A GENERAL STOCHASTIC MAXIMUM PRINCIPLE FOR MEAN-FIELD CONTROLS WITH REGIME SWITCHING",2021,"APPLIED MATHEMATICS AND OPTIMIZATION","10.1007/s00245-021-09747-x",FALSE,"not retrieved",NA,NA
"ON THE “MEMENTUM” OF MEME STOCKS",2021,"ECONOMICS LETTERS","10.1016/j.econlet.2021.110021",TRUE,"DOI","T2_regime_switching_modelling","A"
"OIL-GOLD NEXUS: EVIDENCE FROM REGIME SWITCHING-QUANTILE REGRESSION APPROACH",2021,"RESOURCES POLICY","10.1016/j.resourpol.2021.102215",TRUE,"DOI","T2_regime_switching_modelling","B"
"THE IMPACT OF COVID-19 ON COMMODITY MARKETS VOLATILITY: ANALYZING TIME-FREQUENCY RELATIONS BETWEEN COMMODITY PRICES AND CORONAVIRUS PANIC LEVELS",2021,"RESOURCES POLICY","10.1016/j.resourpol.2021.102164",TRUE,"DOI","T2_regime_switching_modelling","B"
"VOLATILITY ANALYSIS OF REGIME-SWITCHING MODELS",2021,"PROBABILITY IN THE ENGINEERING AND INFORMATIONAL SCIENCES","10.1017/S0269964820000236",TRUE,"DOI","excluded","B"
"CONVERTIBLE BOND VALUATION WITH REGIME SWITCHING",2021,"CHAOS, SOLITONS AND FRACTALS","10.1016/j.chaos.2021.111201",TRUE,"DOI","T2_regime_switching_modelling","B"
"OPTIMAL PORTFOLIO AND CONSUMPTION FOR A MARKOVIAN REGIME-SWITCHING JUMP-DIFFUSION PROCESS",2021,"ANZIAM JOURNAL","10.1017/S1446181121000122",FALSE,"not retrieved",NA,NA
"THE SWITCHING HIERARCHICAL GAUSSIAN FILTER",2021,"IEEE INTERNATIONAL SYMPOSIUM ON INFORMATION THEORY - PROCEEDINGS","10.1109/ISIT45174.2021.9518229",TRUE,"DOI","T2_regime_switching_modelling","B"
"PRICING EQUITY-LINKED DEATH BENEFITS BY COMPLEX FOURIER SERIES EXPANSION IN A REGIME-SWITCHING JUMP DIFFUSION MODEL",2021,"APPLIED MATHEMATICS AND COMPUTATION","10.1016/j.amc.2021.126031",FALSE,"not retrieved",NA,NA
"SOME DOUBLE DIFFUSION MODELS FOR STOCK PRICES",2021,"GLOBAL AND STOCHASTIC ANALYSIS",NA,TRUE,"DOI","T1a_core_detection","A"
"ROBUST PORTFOLIO SELECTION WITH REGIME SWITCHING AND ASYMMETRIC DEPENDENCE",2021,"ECONOMIC MODELLING","10.1016/j.econmod.2021.03.011",TRUE,"DOI","T2_regime_switching_modelling","A"
"REGIME DEPENDENT INTERCONNECTEDNESS AMONG FUZZY CLUSTERS OF FINANCIAL TIME SERIES",2021,"ADVANCES IN DATA ANALYSIS AND CLASSIFICATION","10.1007/s11634-020-00405-8",TRUE,"DOI","T2_regime_switching_modelling","B"
"OPTIMAL VWAP STRATEGIES UNDER REGIME SWITCHING",2021,"2021 55TH ANNUAL CONFERENCE ON INFORMATION SCIENCES AND SYSTEMS, CISS 2021","10.1109/CISS50987.2021.9400284",TRUE,"DOI","T2_regime_switching_modelling","B"
"A CLOSED-FORM PRICING FORMULA FOR FORWARD START OPTIONS UNDER A REGIME-SWITCHING STOCHASTIC VOLATILITY MODEL",2021,"CHAOS, SOLITONS AND FRACTALS","10.1016/j.chaos.2020.110644",TRUE,"DOI","T2_regime_switching_modelling","B"
"OPTION PRICING WITH CONDITIONAL GARCH MODELS",2021,"EUROPEAN JOURNAL OF OPERATIONAL RESEARCH","10.1016/j.ejor.2020.07.002",TRUE,"DOI","T2_regime_switching_modelling","A"
"A NEW LATTICE-BASED SCHEME FOR SWING OPTION PRICING UNDER MEAN-REVERTING REGIME-SWITCHING JUMP–DIFFUSION PROCESSES",2021,"JOURNAL OF COMPUTATIONAL AND APPLIED MATHEMATICS","10.1016/j.cam.2020.113132",TRUE,"DOI","T2_regime_switching_modelling","B"
"MULTI-PERIOD PORTFOLIO OPTIMIZATION WITH INVESTOR VIEWS UNDER REGIME SWITCHING",2021,"JOURNAL OF RISK AND FINANCIAL MANAGEMENT","10.3390/jrfm14010003",TRUE,"DOI","T2_regime_switching_modelling","A"
"CONDITIONS FOR EXACT HEDGING IN AN UNCONSTRAINED REGIME-SWITCHING MARKET MODEL",2021,"2021 7TH INDIAN CONTROL CONFERENCE, ICC 2021 - PROCEEDINGS","10.1109/ICC54714.2021.9703166",TRUE,"DOI","T2_regime_switching_modelling","B"
"TOWARDS DYNAMIC STRUCTURE CHANGES DETECTION IN FINANCIAL SERIES VIA CAUSAL ANALYSIS",2021,"IEEE INTERNATIONAL CONFERENCE ON DATA MINING WORKSHOPS, ICDMW","10.1109/ICDMW53433.2021.00073",TRUE,"DOI","T2_regime_switching_modelling","B"
"VALUE FUNCTIONS IN A REGIME SWITCHING JUMP DIFFUSION WITH DELAY MARKET MODEL",2021,"AIMS MATHEMATICS","10.3934/math.2021673",TRUE,"DOI","T2_regime_switching_modelling","B"
"OPTIMAL SURRENDER POLICY OF GUARANTEED MINIMUM MATURITY BENEFITS IN VARIABLE ANNUITIES WITH REGIME-SWITCHING VOLATILITY",2021,"MATHEMATICAL PROBLEMS IN ENGINEERING","10.1155/2021/9969937",TRUE,"DOI","T2_regime_switching_modelling","B"
"MULTI-PERIOD MEAN-VARIANCE PORTFOLIO SELECTION IN A REGIME-SWITCHING MARKET WITH A BANKRUPTCY STATE AND A STATE-DEPENDENT UNCERTAIN EXIT-TIME",2021,"INTERNATIONAL JOURNAL OF MATHEMATICS IN OPERATIONAL RESEARCH","10.1504/IJMOR.2021.113591",TRUE,"DOI","T2_regime_switching_modelling","B"
"A DOUBLE MIXTURE AUTOREGRESSIVE MODEL OF COMMODITY PRICES",2021,"COMMUNICATIONS IN STATISTICS CASE STUDIES DATA ANALYSIS AND APPLICATIONS","10.1080/23737484.2021.1882353",TRUE,"DOI","T2_regime_switching_modelling","B"
"INDUSTRY PORTFOLIO ALLOCATION WITH ASYMMETRIC CORRELATIONS",2021,"EUROPEAN JOURNAL OF FINANCE","10.1080/1351847X.2020.1740287",FALSE,"not retrieved",NA,NA
"EMPIRICAL ANALYSIS OF SH50ETF AND SH50ETF OPTION PRICES UNDER REGIME-SWITCHING JUMP-DIFFUSION MODELS",2021,"COMMUNICATIONS IN STATISTICS - THEORY AND METHODS","10.1080/03610926.2019.1662045",FALSE,"not retrieved",NA,NA
"AN AUTOMATED FINANCIAL INDICES-PROCESSING SCHEME FOR CLASSIFYING MARKET LIQUIDITY REGIMES",2021,"INTERNATIONAL JOURNAL OF CONTROL","10.1080/00207179.2019.1616225",TRUE,"DOI","T2_regime_switching_modelling","B"
"OPTION PRICING BASED ON A REGIME SWITCHING DIVIDEND PROCESS",2020,"COMMUNICATIONS IN STATISTICS - THEORY AND METHODS","10.1080/03610926.2019.1625920",TRUE,"DOI","T2_regime_switching_modelling","B"
"EXPLAINABLE MACHINE LEARNING FOR REGIME-BASED ASSET ALLOCATION",2020,"PROCEEDINGS - 2020 IEEE INTERNATIONAL CONFERENCE ON BIG DATA, BIG DATA 2020","10.1109/BigData50022.2020.9378332",TRUE,"DOI","T2_regime_switching_modelling","B"
"DISSECTING TETHER’S NONLINEAR DYNAMICS DURING COVID-19",2020,"JOURNAL OF OPEN INNOVATION: TECHNOLOGY, MARKET, AND COMPLEXITY","10.3390/joitmc6040161",TRUE,"DOI","T2_regime_switching_modelling","A"
"DIVERSIFICATION BENEFITS OF CAT BONDS: AN IN-DEPTH EXAMINATION",2020,"FINANCIAL MARKETS, INSTITUTIONS AND INSTRUMENTS","10.1111/fmii.12134",TRUE,"DOI","T2_regime_switching_modelling","A"
"EXAMINING THE PREDICTIVE INFORMATION OF CBOE OVX ON CHINA'S OIL FUTURES VOLATILITY: EVIDENCE FROM MS-MIDAS MODELS",2020,"ENERGY","10.1016/j.energy.2020.118743",TRUE,"DOI","T1a_core_detection","B"
"DETECTION OF VOLATILITY REGIME-SWITCHING FOR CRUDE OIL PRICE MODELING AND FORECASTING",2020,"RESOURCES POLICY","10.1016/j.resourpol.2020.101669",TRUE,"DOI","T2_regime_switching_modelling","B"
"DOES ECONOMIC POLICY UNCERTAINTY DRIVE THE DYNAMIC CONNECTEDNESS BETWEEN OIL PRICE SHOCKS AND GOLD PRICE?",2020,"RESOURCES POLICY","10.1016/j.resourpol.2020.101819",TRUE,"DOI","T2_regime_switching_modelling","B"
"STRUCTURAL PRICING OF COCOS AND DEPOSIT INSURANCE WITH REGIME SWITCHING AND JUMPS",2020,"ASIA-PACIFIC FINANCIAL MARKETS","10.1007/s10690-020-09304-6",FALSE,"not retrieved",NA,NA
"DOWNSIDE RISK MEASUREMENT IN REGIME SWITCHING STOCHASTIC VOLATILITY",2020,"JOURNAL OF COMPUTATIONAL AND APPLIED MATHEMATICS","10.1016/j.cam.2020.112845",TRUE,"DOI","T2_regime_switching_modelling","B"
"PORTFOLIO SELECTION IN A REGIME SWITCHING MARKET WITH A BANKRUPTCY STATE AND AN UNCERTAIN EXIT-TIME: MULTI-PERIOD MEAN–VARIANCE FORMULATION",2020,"OPERATIONAL RESEARCH","10.1007/s12351-018-0372-7",TRUE,"DOI","T2_regime_switching_modelling","B"
"ON AN ASSET MODEL OF HOBSON-ROGERS TYPE",2020,"JOURNAL OF STOCHASTIC ANALYSIS","10.31390/josa.1.3.05",TRUE,"DOI","T2_regime_switching_modelling","B"
"REGIME CLASSIFICATION AND STOCK LOAN VALUATION",2020,"OPERATIONS RESEARCH","10.1287/opre.2019.1934",TRUE,"DOI","T2_regime_switching_modelling","A"
"FUZZY HIDDEN MARKOV-SWITCHING PORTFOLIO SELECTION WITH CAPITAL GAIN TAX",2020,"EXPERT SYSTEMS WITH APPLICATIONS","10.1016/j.eswa.2020.113304",FALSE,"not retrieved",NA,NA
"PRICING AND HEDGING DEFAULTABLE PARTICIPATING CONTRACTS WITH REGIME SWITCHING AND JUMP RISK",2020,"DECISIONS IN ECONOMICS AND FINANCE","10.1007/s10203-020-00276-w",TRUE,"DOI","T2_regime_switching_modelling","B"
"A REGIME SWITCHING FRACTIONAL BLACK–SCHOLES MODEL AND EUROPEAN OPTION PRICING",2020,"COMMUNICATIONS IN NONLINEAR SCIENCE AND NUMERICAL SIMULATION","10.1016/j.cnsns.2020.105222",TRUE,"DOI","T2_regime_switching_modelling","B"
"ON BARRIER OPTION PRICING BY ERLANGIZATION IN A REGIME-SWITCHING MODEL WITH JUMPS",2020,"JOURNAL OF COMPUTATIONAL AND APPLIED MATHEMATICS","10.1016/j.cam.2019.112606",TRUE,"DOI","T2_regime_switching_modelling","B"
"HEAVY TAIL AND LIGHT TAIL OF COX-INGERSOLL-ROSS PROCESSES WITH REGIME-SWITCHING",2020,"SCIENCE CHINA MATHEMATICS","10.1007/s11425-017-9392-5",TRUE,"DOI","T2_regime_switching_modelling","B"
"ASSET LIQUIDATION UNDER DRIFT UNCERTAINTY AND REGIME-SWITCHING VOLATILITY",2020,"APPLIED MATHEMATICS AND OPTIMIZATION","10.1007/s00245-018-9518-5",TRUE,"DOI","excluded","B"
"DYNAMICS OF A MEAN-REVERTING STOCHASTIC VOLATILITY EQUATION WITH REGIME SWITCHING",2020,"COMMUNICATIONS IN NONLINEAR SCIENCE AND NUMERICAL SIMULATION","10.1016/j.cnsns.2019.105110",TRUE,"DOI","excluded","B"
"PMCMC FOR TERM STRUCTURE OF INTEREST RATES UNDER MARKOV REGIME SWITCHING AND JUMPS",2020,"JOURNAL OF SYSTEMS SCIENCE AND INFORMATION","10.21078/JSSI-2020-159-11",TRUE,"DOI","T2_regime_switching_modelling","A"
"GLOBAL CRISES AND GOLD AS A SAFE HAVEN: EVIDENCE FROM OVER SEVEN AND A HALF CENTURIES OF DATA",2020,"PHYSICA A: STATISTICAL MECHANICS AND ITS APPLICATIONS","10.1016/j.physa.2019.123093",FALSE,"not retrieved",NA,NA
"PORTFOLIO SELECTION WITH REGIME-SWITCHING AND STATE-DEPENDENT PREFERENCES",2020,"JOURNAL OF COMPUTATIONAL AND APPLIED MATHEMATICS","10.1016/j.cam.2019.112361",FALSE,"not retrieved",NA,NA
"OPTIMAL CONSUMPTION AND INVESTMENT STRATEGIES WITH LIQUIDITY RISK AND LIFETIME UNCERTAINTY FOR MARKOV REGIME-SWITCHING JUMP DIFFUSION MODELS",2020,"EUROPEAN JOURNAL OF OPERATIONAL RESEARCH","10.1016/j.ejor.2019.07.066",FALSE,"not retrieved",NA,NA
"PRICING STEP-UP OPTIONS USING LAPLACE TRANSFORM",2020,"JOURNAL OF APPLIED MATHEMATICS AND INFORMATICS","10.14317/jami.2020.439",TRUE,"DOI","T2_regime_switching_modelling","B"
"PRICING VARIANCE AND VOLATILITY SWAPS WITH STOCHASTIC VOLATILITY, STOCHASTIC INTEREST RATE AND REGIME SWITCHING",2020,"PHYSICA A: STATISTICAL MECHANICS AND ITS APPLICATIONS","10.1016/j.physa.2019.122714",TRUE,"DOI","T2_regime_switching_modelling","B"
"MODELING VOLATILITY OF PRECIOUS METALS MARKETS BY USING REGIME-SWITCHING GARCH MODELS",2019,"RESOURCES POLICY","10.1016/j.resourpol.2019.101497",TRUE,"DOI","T2_regime_switching_modelling","B"
"INTEGRATION AND RISK CONTAGION IN FINANCIAL CRISES: EVIDENCE FROM INTERNATIONAL STOCK MARKETS",2019,"JOURNAL OF BUSINESS RESEARCH","10.1016/j.jbusres.2019.07.031",TRUE,"DOI","T2_regime_switching_modelling","A"
"MEAN-VARIANCE PORTFOLIO SELECTION WITH AN UNCERTAIN EXIT-TIME IN A REGIME-SWITCHING MARKET",2019,"RAIRO - OPERATIONS RESEARCH","10.1051/ro/2018050",FALSE,"not retrieved",NA,NA
"ASSESSING THE INFLATION HEDGING POTENTIAL OF COAL AND IRON ORE IN AUSTRALIA",2019,"RESOURCES POLICY","10.1016/j.resourpol.2019.101410",TRUE,"DOI","T2_regime_switching_modelling","B"
"BLOCK TRADING: BUILDING UP A STOCK POSITION UNDER A REGIME SWITCHING MODEL",2019,"METHODOLOGY AND COMPUTING IN APPLIED PROBABILITY","10.1007/s11009-019-09698-5",TRUE,"DOI","T2_regime_switching_modelling","B"
"OPTION PRICING IN MARKOV-MODULATED EXPONENTIAL LÉVY MODELS WITH STOCHASTIC INTEREST RATES",2019,"JOURNAL OF COMPUTATIONAL AND APPLIED MATHEMATICS","10.1016/j.cam.2019.01.044",TRUE,"DOI","T2_regime_switching_modelling","B"
"A SUSTAINABILITY-ORIENTED ENHANCED INDEXATION MODEL WITH REGIME SWITCHING AND CARDINALITY CONSTRAINT",2019,"SUSTAINABILITY (SWITZERLAND)","10.3390/su11154055",TRUE,"DOI","T2_regime_switching_modelling","B"
"FORECAST THE REALIZED RANGE-BASED VOLATILITY: THE ROLE OF INVESTOR SENTIMENT AND REGIME SWITCHING",2019,"PHYSICA A: STATISTICAL MECHANICS AND ITS APPLICATIONS","10.1016/j.physa.2019.121422",TRUE,"DOI","excluded","B"
"OPTIMAL MEAN–VARIANCE INVESTMENT/REINSURANCE WITH COMMON SHOCK IN A REGIME-SWITCHING MARKET",2019,"MATHEMATICAL METHODS OF OPERATIONS RESEARCH","10.1007/s00186-018-00657-3",TRUE,"DOI","T2_regime_switching_modelling","B"
"A HIGH-ORDER RBF-FD METHOD FOR OPTION PRICING UNDER REGIME-SWITCHING STOCHASTIC VOLATILITY MODELS WITH JUMPS",2019,"JOURNAL OF COMPUTATIONAL SCIENCE","10.1016/j.jocs.2019.05.007",TRUE,"DOI","T2_regime_switching_modelling","B"
"ESTIMATING PRIVATE BELIEFS OF BAYESIAN AGENTS BASED ON OBSERVED DECISIONS",2019,"IEEE CONTROL SYSTEMS LETTERS","10.1109/LCSYS.2019.2911802",FALSE,"not retrieved",NA,NA
"CHAOS AND ORDER IN THE BITCOIN MARKET",2019,"PHYSICA A: STATISTICAL MECHANICS AND ITS APPLICATIONS","10.1016/j.physa.2019.04.164",TRUE,"DOI","T2_regime_switching_modelling","B"
"A JUMP MODEL FOR CREDIT DEFAULT SWAPS WITH HIERARCHICAL CLUSTERING",2019,"PHYSICA A: STATISTICAL MECHANICS AND ITS APPLICATIONS","10.1016/j.physa.2019.04.255",TRUE,"DOI","T2_regime_switching_modelling","B"
"RISK TRANSMISSION BETWEEN NATURAL GAS MARKET AND STOCK MARKETS: PORTFOLIO AND HEDGING STRATEGY ANALYSIS",2019,"FINANCE RESEARCH LETTERS","10.1016/j.frl.2018.08.011",TRUE,"DOI","T2_regime_switching_modelling","A"
"EMERGENCE OF TURBULENT EPOCHS IN OIL PRICES",2019,"CHAOS, SOLITONS AND FRACTALS","10.1016/j.chaos.2019.03.016",TRUE,"DOI","T2_regime_switching_modelling","B"
"MEAN–VARIANCE PORTFOLIO SELECTION UNDER A NON-MARKOVIAN REGIME-SWITCHING MODEL",2019,"JOURNAL OF COMPUTATIONAL AND APPLIED MATHEMATICS","10.1016/j.cam.2018.10.040",FALSE,"not retrieved",NA,NA
"PRICING AND HEDGING EQUITY-INDEXED ANNUITIES VIA LOCAL RISK-MINIMIZATION",2019,"COMMUNICATIONS IN STATISTICS - THEORY AND METHODS","10.1080/03610926.2018.1433848",TRUE,"DOI","T2_regime_switching_modelling","B"
"BAYESIAN INFERENCE IN THRESHOLD STOCHASTIC FRONTIER MODELS",2019,"EMPIRICAL ECONOMICS","10.1007/s00181-017-1364-9",TRUE,"DOI","T2_regime_switching_modelling","A"
"HEDGE FUND PERFORMANCE: A COMPARATIVE ANALYSIS BETWEEN LINEAR FACTOR MODEL AND NON-LINEAR MODELS",2019,"PROCEEDINGS OF INTERNATIONAL CONFERENCE ON COMPUTERS AND INDUSTRIAL ENGINEERING, CIE",NA,TRUE,"DOI","T1a_core_detection","A"
"MEAN-VARIANCE PORTFOLIO SELECTION UNDER A NON-MARKOVIAN REGIME-SWITCHING MODEL: TIME-CONSISTENT SOLUTIONS",2019,"SIAM JOURNAL ON CONTROL AND OPTIMIZATION","10.1137/18M1186423",FALSE,"not retrieved",NA,NA
"SYSTEMIC RISK IN THE CHINESE STOCK MARKET UNDER DIFFERENT REGIMES: A SECTOR-LEVEL PERSPECTIVE",2019,"ASIAN ECONOMIC AND FINANCIAL REVIEW","10.18488/journal.aefr.2019.96.665.679",TRUE,"DOI","T2_regime_switching_modelling","A"
"ECONOMIC POLICY UNCERTAINTY EFFECT ON PRECIOUS METAL MARKETS: A MARKOV-SWITCHING MODEL WITH MIXTURE DISTRIBUTION REGIMES",2019,"THAI JOURNAL OF MATHEMATICS",NA,TRUE,"DOI","T1a_core_detection","A"
"SENTIMENT-INDUCED REGIME SWITCHING IN DENSITY FORECASTS OF EMERGING MARKETS' EXCHANGE RATES. CALIBRATED SIMULATION TRUMPS ESTIMATED AUTOREGRESSION",2019,"BANK I KREDYT",NA,TRUE,"DOI","T1a_core_detection","A"
"RISK SENSITIVE PORTFOLIO OPTIMIZATION WITH DEFAULT CONTAGION AND REGIME-SWITCHING ∗",2019,"SIAM JOURNAL ON CONTROL AND OPTIMIZATION","10.1137/18M1166274",TRUE,"DOI","T2_regime_switching_modelling","B"
"VOLATILITY FORECASTING: GLOBAL ECONOMIC POLICY UNCERTAINTY AND REGIME SWITCHING",2018,"PHYSICA A: STATISTICAL MECHANICS AND ITS APPLICATIONS","10.1016/j.physa.2018.07.056",TRUE,"DOI","T2_regime_switching_modelling","B"
"SPREAD AND BASKET OPTION PRICING IN A MARKOV-MODULATED LÉVY FRAMEWORK WITH SYNCHRONOUS JUMPS",2018,"APPLIED STOCHASTIC MODELS IN BUSINESS AND INDUSTRY","10.1002/asmb.2385",TRUE,"DOI","T2_regime_switching_modelling","B"
"EXPLICIT SOLUTIONS TO UTILITY MAXIMIZATION PROBLEMS IN A REGIME-SWITCHING MARKET MODEL VIA LAPLACE TRANSFORMS",2018,"NONLINEAR ANALYSIS: HYBRID SYSTEMS","10.1016/j.nahs.2018.04.005",TRUE,"DOI","T2_regime_switching_modelling","B"
"POWER PENALTY APPROACH TO AMERICAN OPTIONS PRICING UNDER REGIME SWITCHING",2018,"JOURNAL OF OPTIMIZATION THEORY AND APPLICATIONS","10.1007/s10957-018-1299-0",FALSE,"not retrieved",NA,NA
"ONE-DAY-AHEAD FORECAST OF STATE OF TURBULENCE BASED ON TODAY'S ECONOMIC SITUATION",2018,"EQUILIBRIUM. QUARTERLY JOURNAL OF ECONOMICS AND ECONOMIC POLICY","10.24136/eq.2018.018",TRUE,"DOI","T2_regime_switching_modelling","A"
"BASKET CDS PRICING WITH DEFAULT INTENSITIES USING A REGIME-SWITCHING SHOT-NOISE MODEL",2018,"COMMUNICATIONS IN STATISTICS - THEORY AND METHODS","10.1080/03610926.2017.1376087",TRUE,"DOI","T2_regime_switching_modelling","B"
"NESTED STOCHASTIC VALUATION OF LARGE VARIABLE ANNUITY PORTFOLIOS: MONTE CARLO SIMULATION AND SYNTHETIC DATASETS",2018,"DATA","10.3390/data3030031",TRUE,"DOI","T2_regime_switching_modelling","B"
"ON AN OPTIMAL EXTRACTION PROBLEM WITH REGIME SWITCHING",2018,"ADVANCES IN APPLIED PROBABILITY","10.1017/apr.2018.31",TRUE,"DOI","excluded","B"
"STOCHASTIC MAXIMUM PRINCIPLE FOR FORWARD-BACKWARD REGIME SWITCHING JUMP DIFFUSION SYSTEMS AND APPLICATIONS TO FINANCE",2018,"CHINESE ANNALS OF MATHEMATICS. SERIES B","10.1007/s11401-018-0095-3",TRUE,"DOI","T2_regime_switching_modelling","B"
"STOCHASTIC MAXIMUM PRINCIPLE FOR PARTIALLY OBSERVED FORWARD-BACKWARD STOCHASTIC DIFFERENTIAL EQUATIONS WITH JUMPS AND REGIME SWITCHING",2018,"SCIENCE CHINA INFORMATION SCIENCES","10.1007/s11432-017-9267-0",FALSE,"not retrieved",NA,NA
"TIME CONSISTENT MULTI-PERIOD ROBUST RISK MEASURES AND PORTFOLIO SELECTION MODELS WITH REGIME-SWITCHING",2018,"EUROPEAN JOURNAL OF OPERATIONAL RESEARCH","10.1016/j.ejor.2018.01.009",FALSE,"not retrieved",NA,NA
"REGIME SHIFTS AND STOCK RETURN PREDICTABILITY",2018,"INTERNATIONAL REVIEW OF ECONOMICS AND FINANCE","10.1016/j.iref.2017.10.021",TRUE,"DOI","T2_regime_switching_modelling","A"
"INTEREST RATE PASS THROUGH IN A MARKOV-SWITCHING VECTOR AUTOREGRESSION MODEL: EVIDENCE FROM GREEK RETAIL BANK INTEREST RATES",2018,"JOURNAL OF ECONOMIC ASYMMETRIES","10.1016/j.jeca.2018.03.002",TRUE,"DOI","T2_regime_switching_modelling","A"
"CONVERGENCE ANALYSIS OF ITERATIVE LAPLACE TRANSFORM METHODS FOR THE COUPLED PDES FROM REGIME-SWITCHING OPTION PRICING",2018,"JOURNAL OF SCIENTIFIC COMPUTING","10.1007/s10915-017-0604-7",FALSE,"not retrieved",NA,NA
"AN EMPIRICAL ANALYSIS OF THE DEPENDENCE STRUCTURE OF INTERNATIONAL EQUITY AND BOND MARKETS USING REGIME-SWITCHING COPULA MODEL",2018,"IAENG INTERNATIONAL JOURNAL OF APPLIED MATHEMATICS",NA,TRUE,"DOI","T1a_core_detection","A"
"PORTFOLIO SELECTION WITH CAPITAL GAINS TAX, RECURSIVE UTILITY, AND REGIME SWITCHING",2018,"MANAGEMENT SCIENCE","10.1287/mnsc.2016.2650",TRUE,"DOI","T2_regime_switching_modelling","A"
"DOES SPREAD REALLY REFLECT THE CRISIS? THE EMPIRICAL EVIDENCE FROM CHINA BOND MARKET",2018,"ACM INTERNATIONAL CONFERENCE PROCEEDING SERIES","10.1145/3230348.3234643",TRUE,"DOI","T2_regime_switching_modelling","B"
"SOLVING COMPLEX PIDE SYSTEMS FOR PRICING AMERICAN OPTION UNDER MULTI-STATE REGIME SWITCHING JUMP–DIFFUSION MODEL",2018,"COMPUTERS AND MATHEMATICS WITH APPLICATIONS","10.1016/j.camwa.2018.01.026",TRUE,"DOI","T2_regime_switching_modelling","B"
"WEATHER DERIVATIVES PRICING USING REGIME SWITCHING MODEL",2018,"MONTE CARLO METHODS AND APPLICATIONS","10.1515/mcma-2018-0002",TRUE,"DOI","T2_regime_switching_modelling","B"
"LEVERAGE EFFECT, ECONOMIC POLICY UNCERTAINTY AND REALIZED VOLATILITY WITH REGIME SWITCHING",2018,"PHYSICA A: STATISTICAL MECHANICS AND ITS APPLICATIONS","10.1016/j.physa.2017.10.040",TRUE,"DOI","T2_regime_switching_modelling","B"
"MAXIMUM PRINCIPLE FOR MARKOV REGIME-SWITCHING FORWARD–BACKWARD STOCHASTIC CONTROL SYSTEM WITH JUMPS AND RELATION TO DYNAMIC PROGRAMMING",2018,"JOURNAL OF OPTIMIZATION THEORY AND APPLICATIONS","10.1007/s10957-017-1068-5",TRUE,"DOI","T2_regime_switching_modelling","B"
"FORECASTING PRIVATE SECTOR BANK DEPOSITS IN GREECE: DETERMINANTS FOR TREND AND SHOCK EFFECTS",2018,"INTERNATIONAL JOURNAL OF BANKING, ACCOUNTING AND FINANCE","10.1504/IJBAAF.2018.092132",TRUE,"DOI","T2_regime_switching_modelling","A"
"ECONOMETRIC TESTING OF UNCOVERED INTEREST RATE PARITY IN SERBIA",2018,"ECONOMIC ANNALS","10.2298/EKA1816035M",TRUE,"DOI","T2_regime_switching_modelling","A"
"VOLATILITY SPILLOVER AMONG USA AND MAJOR EAST ASIAN STOCK INDICES BASED ON MULTIVARIATE STOCHASTIC VOLATILITY WITH REGIME-SWITCHING MODEL",2017,"INTERNATIONAL CONFERENCE ON CONTROL, AUTOMATION AND SYSTEMS","10.23919/ICCAS.2017.8204399",TRUE,"title","T2_regime_switching_modelling","B"
"OPTIMAL STOPPING OF TWO-TIME SCALE MARKOVIAN SYSTEMS: ANALYSIS, NUMERICAL METHODS, AND APPLICATIONS",2017,"NONLINEAR ANALYSIS: HYBRID SYSTEMS","10.1016/j.nahs.2017.05.005",TRUE,"DOI","T2_regime_switching_modelling","B"
"DUAL CONTROL MONTE-CARLO METHOD FOR TIGHT BOUNDS OF VALUE FUNCTION IN REGIME SWITCHING UTILITY MAXIMIZATION",2017,"EUROPEAN JOURNAL OF OPERATIONAL RESEARCH","10.1016/j.ejor.2017.04.056",FALSE,"not retrieved",NA,NA
"VALUATION AND HEDGING STRATEGY OF CURRENCY OPTIONS UNDER REGIME-SWITCHING JUMP-DIFFUSION MODEL",2017,"ACTA MATHEMATICAE APPLICATAE SINICA","10.1007/s10255-017-0704-z",TRUE,"DOI","T2_regime_switching_modelling","B"
"A GENERAL FRAMEWORK FOR DISCRETELY SAMPLED REALIZED VARIANCE DERIVATIVES IN STOCHASTIC VOLATILITY MODELS WITH JUMPS",2017,"EUROPEAN JOURNAL OF OPERATIONAL RESEARCH","10.1016/j.ejor.2017.04.007",TRUE,"DOI","T2_regime_switching_modelling","A"
"AN INTEGRATION BY PARTS FORMULA IN A MARKOVIAN REGIME SWITCHING MODEL AND APPLICATION TO SENSITIVITY ANALYSIS",2017,"STOCHASTIC ANALYSIS AND APPLICATIONS","10.1080/07362994.2017.1339613",TRUE,"DOI","T2_regime_switching_modelling","B"
"RECURSIVE RISK MEASURES UNDER REGIME SWITCHING APPLIED TO PORTFOLIO SELECTION",2017,"QUANTITATIVE FINANCE","10.1080/14697688.2016.1267393",FALSE,"not retrieved",NA,NA
"VARIANCE SWAPS UNDER THE THRESHOLD ORNSTEIN–UHLENBECK MODEL",2017,"APPLIED STOCHASTIC MODELS IN BUSINESS AND INDUSTRY","10.1002/asmb.2252",TRUE,"DOI","T2_regime_switching_modelling","B"
"ROLE OF STYLIZED FEATURES IN CONSTRUCTING BETTER ESTIMATORS",2017,"COMMUNICATIONS IN STATISTICS - THEORY AND METHODS","10.1080/03610926.2016.1157191",TRUE,"DOI","T2_regime_switching_modelling","B"
"CLUSTER-BASED REGIME-SWITCHING AR FOR THE EEM 2017 WIND POWER FORECASTING COMPETITION",2017,"INTERNATIONAL CONFERENCE ON THE EUROPEAN ENERGY MARKET, EEM","10.1109/EEM.2017.7982034",FALSE,"not retrieved",NA,NA
"DEPENDENCE IN CREDIT DEFAULT SWAP AND EQUITY MARKETS: DYNAMIC COPULA WITH MARKOV-SWITCHING",2017,"INTERNATIONAL JOURNAL OF FORECASTING","10.1016/j.ijforecast.2017.01.006",TRUE,"DOI","T2_regime_switching_modelling","A"
"AN FFT APPROACH FOR OPTION PRICING UNDER A REGIME-SWITCHING STOCHASTIC INTEREST RATE MODEL",2017,"COMMUNICATIONS IN STATISTICS - THEORY AND METHODS","10.1080/03610926.2015.1100740",TRUE,"DOI","T2_regime_switching_modelling","B"
"MULTIVARIATE EUROPEAN OPTION PRICING IN A MARKOV-MODULATED LÉVY FRAMEWORK",2017,"JOURNAL OF COMPUTATIONAL AND APPLIED MATHEMATICS","10.1016/j.cam.2016.11.040",FALSE,"not retrieved",NA,NA
"OPTIMAL INVESTMENT AND LIABILITY RATIO POLICIES IN A MULTIDIMENSIONAL REGIME SWITCHING MODEL",2017,"RISKS","10.3390/risks5010006",FALSE,"not retrieved",NA,NA
"RISK-MINIMIZING PRICING AND HEDGING FOREIGN CURRENCY OPTIONS UNDER REGIME-SWITCHING JUMP-DIFFUSION MODELS",2017,"COMMUNICATIONS IN STATISTICS - THEORY AND METHODS","10.1080/03610926.2015.1030420",TRUE,"DOI","T2_regime_switching_modelling","B"
"REAL OPTIONS AND CONTINGENT CONVERTIBLES WITH REGIME SWITCHING",2017,"JOURNAL OF ECONOMIC DYNAMICS AND CONTROL","10.1016/j.jedc.2016.12.002",FALSE,"not retrieved",NA,NA
"OPTIMAL MANAGEMENT WITH REVERSIBLE REGIME SHIFTS",2016,"JOURNAL OF ECONOMIC BEHAVIOR AND ORGANIZATION","10.1016/j.jebo.2016.04.016",TRUE,"DOI","excluded","A"
"UNSUPERVISED LEARNING OF MARKOV-SWITCHING STOCHASTIC VOLATILITY WITH AN APPLICATION TO MARKET DATA",2016,"IEEE INTERNATIONAL WORKSHOP ON MACHINE LEARNING FOR SIGNAL PROCESSING, MLSP","10.1109/MLSP.2016.7738821",TRUE,"title","excluded","B"
"PRICING ASIAN OPTIONS OF DISCRETELY MONITORED GEOMETRIC AVERAGE IN THE REGIME-SWITCHING MODEL",2016,"APPLIED STOCHASTIC MODELS IN BUSINESS AND INDUSTRY","10.1002/asmb.2183",TRUE,"DOI","T2_regime_switching_modelling","B"
"MULTI-PERIOD MEAN VARIANCE PORTFOLIO SELECTION UNDER INCOMPLETE INFORMATION",2016,"APPLIED STOCHASTIC MODELS IN BUSINESS AND INDUSTRY","10.1002/asmb.2191",TRUE,"DOI","T2_regime_switching_modelling","B"
"MULTI-PERIOD DEFINED CONTRIBUTION PENSION FUNDS INVESTMENT MANAGEMENT WITH REGIME-SWITCHING AND MORTALITY RISK",2016,"INSURANCE: MATHEMATICS AND ECONOMICS","10.1016/j.insmatheco.2016.08.005",TRUE,"DOI","T2_regime_switching_modelling","A"
"REGIME SWITCHING MODEL FOR FINANCIAL DATA: EMPIRICAL RISK ANALYSIS",2016,"PHYSICA A: STATISTICAL MECHANICS AND ITS APPLICATIONS","10.1016/j.physa.2016.05.002",TRUE,"DOI","T2_regime_switching_modelling","B"
"NUMERICAL METHODS FOR DYNAMIC BERTRAND OLIGOPOLY AND AMERICAN OPTIONS UNDER REGIME SWITCHING",2016,"QUANTITATIVE FINANCE","10.1080/14697688.2016.1167281",TRUE,"DOI","T2_regime_switching_modelling","A"
"PRICING OPTIONS IN A MARKOV REGIME SWITCHING MODEL WITH A RANDOM ACCELERATION FOR THE VOLATILITY",2016,"IMA JOURNAL OF APPLIED MATHEMATICS (INSTITUTE OF MATHEMATICS AND ITS APPLICATIONS)","10.1093/imamat/hxw035",TRUE,"DOI","T2_regime_switching_modelling","B"
"MEAN–VARIANCE PORTFOLIO SELECTION WITH REGIME SWITCHING UNDER SHORTING PROHIBITION",2016,"OPERATIONS RESEARCH LETTERS","10.1016/j.orl.2016.07.008",FALSE,"not retrieved",NA,NA
"LOCAL RISK MINIMIZATION FOR VULNERABLE EUROPEAN CONTINGENT CLAIMS ON NONTRADABLE ASSETS UNDER REGIME SWITCHING MODELS",2016,"STOCHASTIC ANALYSIS AND APPLICATIONS","10.1080/07362994.2016.1166061",TRUE,"DOI","T2_regime_switching_modelling","B"
"OPTIMAL LIQUIDATION IN A FINITE TIME REGIME SWITCHING MODEL WITH PERMANENT AND TEMPORARY PRICING IMPACT",2016,"DISCRETE AND CONTINUOUS DYNAMICAL SYSTEMS - SERIES B","10.3934/dcdsb.2016002",TRUE,"DOI","T2_regime_switching_modelling","B"
"GIBBS SAMPLING APPROACH TO REGIME SWITCHING ANALYSIS OF FINANCIAL TIME SERIES",2016,"JOURNAL OF COMPUTATIONAL AND APPLIED MATHEMATICS","10.1016/j.cam.2015.12.010",TRUE,"DOI","T2_regime_switching_modelling","B"
"STRUCTURAL BREAK TESTS AND THE GREEK SOVEREIGN DEBT CRISIS: REVISITED",2016,"JOURNAL OF ECONOMICS AND FINANCE","10.1007/s12197-015-9339-1",TRUE,"DOI","T1a_core_detection","A"
"OPTIMAL FISHERY MANAGEMENT WITH REGIME SHIFTS: AN ASSESSMENT OF HARVESTING STRATEGIES",2016,"ENVIRONMENTAL AND RESOURCE ECONOMICS","10.1007/s10640-015-9906-0",TRUE,"DOI","excluded","A"
"THE REGIME-SWITCHING RISK PREMIUM IN THE GOLD FUTURES MARKET",2016,"JOURNAL OF ECONOMICS AND FINANCE","10.1007/s12197-014-9308-0",TRUE,"DOI","T2_regime_switching_modelling","A"
"OPTIMAL FINANCING AND DIVIDEND DISTRIBUTION IN A GENERAL DIFFUSION MODEL WITH REGIME SWITCHING",2016,"ADVANCES IN APPLIED PROBABILITY","10.1017/apr.2016.7",TRUE,"DOI","excluded","B"
"REGIME-DEPENDENT ROBUST PORTFOLIO SELECTION MODEL",2016,"JOURNAL OF INTERDISCIPLINARY MATHEMATICS","10.1080/09720502.2015.1130864",TRUE,"DOI","T2_regime_switching_modelling","B"
"SECOND-ORDER LATTICE BOLTZMANN METHODS FOR PDES OF ASIAN OPTION PRICING WITH REGIME SWITCHING",2016,"COMPUTERS AND MATHEMATICS WITH APPLICATIONS","10.1016/j.camwa.2016.02.019",FALSE,"not retrieved",NA,NA
"OPTIMAL POLICY FOR A TIME CONSISTENT MEAN-VARIANCE MODEL WITH REGIME SWITCHING",2016,"IMA JOURNAL OF MANAGEMENT MATHEMATICS","10.1093/imaman/dpu018",FALSE,"not retrieved",NA,NA
"STATE SWITCHING IN US EQUITY INDEX RETURNS BASED ON SETAR MODEL WITH KALMAN FILTER TRACKING",2016,"2015 IEEE GLOBAL CONFERENCE ON SIGNAL AND INFORMATION PROCESSING, GLOBALSIP 2015","10.1109/GlobalSIP.2015.7416924",TRUE,"title","T2_regime_switching_modelling","B"
"REGIME-DEPENDENT DETERMINANTS OF CHINAS SOVEREIGN CREDIT DEFAULT SWAP SPREAD",2016,"EMERGING MARKETS FINANCE AND TRADE","10.1080/1540496X.2015.1062293",TRUE,"DOI","T2_regime_switching_modelling","A"
"EXPLICIT COMPUTATIONS FOR SOME MARKOV MODULATED COUNTING PROCESSES",2016,"SPRINGER PROCEEDINGS IN MATHEMATICS AND STATISTICS","10.1007/978-3-319-45875-5_3",TRUE,"DOI","T2_regime_switching_modelling","A"
"REGIME SWITCHING BEHAVIOUR OF REAL ESTATE AND EQUITY PRICES IN EMERGING COUNTRIES",2016,"PRAGUE ECONOMIC PAPERS","10.18267/j.pep.560",FALSE,"not retrieved",NA,NA
"RISK MANAGEMENT AND PORTFOLIO SELECTION USING Α-STABLE REGIME SWITCHING MODELS",2016,"APPLIED MATHEMATICAL SCIENCES","10.12988/ams.2016.512722",TRUE,"DOI","T2_regime_switching_modelling","B"
"CONVENIENCE YIELD IN COMMODITY PRICE MODELING: A REGIME SWITCHING APPROACH",2016,"ENERGY ECONOMICS","10.1016/j.eneco.2014.06.016",TRUE,"DOI","T2_regime_switching_modelling","A"
"ON A MARKOV CHAIN APPROXIMATION METHOD FOR OPTION PRICING WITH REGIME SWITCHING",2016,"JOURNAL OF INDUSTRIAL AND MANAGEMENT OPTIMIZATION","10.3934/jimo.2016.12.529",TRUE,"DOI","T2_regime_switching_modelling","B"
"NUMERICAL SCHEMES FOR PRICING ASIAN OPTIONS UNDER STATE-DEPENDENT REGIME-SWITCHING JUMP-DIFFUSION MODELS",2016,"COMPUTERS AND MATHEMATICS WITH APPLICATIONS","10.1016/j.camwa.2015.12.017",TRUE,"DOI","T2_regime_switching_modelling","B"
"A NEW EFFICIENT NUMERICAL METHOD FOR SOLVING AMERICAN OPTION UNDER REGIME SWITCHING MODEL",2016,"COMPUTERS AND MATHEMATICS WITH APPLICATIONS","10.1016/j.camwa.2015.11.019",FALSE,"not retrieved",NA,NA
"A PATH-INDEPENDENT METHOD FOR BARRIER OPTION PRICING IN HIDDEN MARKOV MODELS",2015,"PHYSICA A: STATISTICAL MECHANICS AND ITS APPLICATIONS","10.1016/j.physa.2015.08.003",FALSE,"not retrieved",NA,NA
"PRICING AMERICAN OPTIONS UNDER MULTI-STATE REGIME SWITCHING WITH AN EFFICIENT L- STABLE METHOD",2015,"INTERNATIONAL JOURNAL OF COMPUTER MATHEMATICS","10.1080/00207160.2015.1071799",TRUE,"DOI","T2_regime_switching_modelling","B"
"A REGIME SWITCHING OHLSON MODEL",2015,"QUALITY AND QUANTITY","10.1007/s11135-014-0088-6",TRUE,"DOI","T2_regime_switching_modelling","B"
"GENERAL EQUILIBRIUM PRICING WITH MULTIPLE DIVIDEND STREAMS AND REGIME SWITCHING",2015,"QUANTITATIVE FINANCE","10.1080/14697688.2014.974872",TRUE,"DOI","T2_regime_switching_modelling","A"
"OPTIMAL REINSURANCE AND ASSET ALLOCATION UNDER REGIME SWITCHING",2015,"JOURNAL OF BANKING AND FINANCE","10.1016/j.jbankfin.2015.03.002",TRUE,"DOI","T2_regime_switching_modelling","A"
"A MATHEMATICAL MODEL FOR VOLATILITY FLOCKING WITH A REGIME SWITCHING MECHANISM IN A STOCK MARKET",2015,"MATHEMATICAL MODELS AND METHODS IN APPLIED SCIENCES","10.1142/S0218202515500335",TRUE,"DOI","T2_regime_switching_modelling","B"
"CAN WE PREDICT THE PROPERTY CYCLE' A STUDY OF SECURITIZED PROPERTY MARKET",2015,"PHYSICA A: STATISTICAL MECHANICS AND ITS APPLICATIONS","10.1016/j.physa.2015.01.013",TRUE,"DOI","T2_regime_switching_modelling","B"
"THE REACTION OF STOCK RETURNS TO NEWS ABOUT FUNDAMENTALS",2015,"MANAGEMENT SCIENCE","10.1287/mnsc.2013.1859",TRUE,"DOI","T2_regime_switching_modelling","A"
"MARTINGALE APPROACH TO OPTIMAL PORTFOLIO-CONSUMPTION PROBLEMS IN MARKOV-MODULATED PURE-JUMP MODELS",2015,"STOCHASTIC MODELS","10.1080/15326349.2014.999286",TRUE,"DOI","T2_regime_switching_modelling","B"
"NASH EQUILIBRIUM STRATEGY FOR A MULTI-PERIOD MEAN-VARIANCE PORTFOLIO SELECTION PROBLEM WITH REGIME SWITCHING",2015,"ECONOMIC MODELLING","10.1016/j.econmod.2014.12.024",TRUE,"DOI","T2_regime_switching_modelling","A"
"DEVELOPMENT OF COMPUTATIONAL ALGORITHMS FOR PRICING EUROPEAN BOND OPTIONS UNDER THE INFLUENCE OF MACRO-ECONOMIC CONDITIONS",2015,"APPLIED MATHEMATICS AND COMPUTATION","10.1016/j.amc.2014.11.071",TRUE,"DOI","T2_regime_switching_modelling","B"
"A DISCUSSION ON THE INNOVATION DISTRIBUTION OF MARKOV REGIME-SWITCHING GARCH MODEL",2015,"PROCEEDINGS - 21ST INTERNATIONAL CONGRESS ON MODELLING AND SIMULATION, MODSIM 2015",NA,TRUE,"DOI","T1a_core_detection","A"
"HANDLING RISK-ON/RISK-OFF DYNAMICS WITH CORRELATION REGIMES AND CORRELATION NETWORKS",2015,"FINANCIAL MARKETS AND PORTFOLIO MANAGEMENT","10.1007/s11408-015-0248-2",TRUE,"DOI","T2_regime_switching_modelling","A"
"RISK-MINIMIZING HEDGING STRATEGY FOR AN EQUITY-INDEXED ANNUITY UNDER A REGIME SWITCHING MODEL",2015,"ACTA MATHEMATICAE APPLICATAE SINICA","10.1007/s10255-012-0176-0",TRUE,"DOI","T2_regime_switching_modelling","B"
"IMPULSE CONTROL OF PENSION FUND CONTRIBUTIONS, IN A REGIME SWITCHING ECONOMY",2014,"EUROPEAN JOURNAL OF OPERATIONAL RESEARCH","10.1016/j.ejor.2014.06.016",TRUE,"DOI","T2_regime_switching_modelling","A"
"CROSS-REGION AND CROSS-SECTOR ASSET ALLOCATION WITH REGIMES",2014,"ACCOUNTING AND FINANCE","10.1111/acfi.12017",TRUE,"DOI","T2_regime_switching_modelling","A"
"AN OCCURRENCE BASED REGIME SWITCHING MODEL TO IMPROVE FORECASTING",2014,"MANAGEMENT DECISION","10.1108/MD-11-2012-0787",TRUE,"DOI","T2_regime_switching_modelling","A"
"PORTFOLIO OPTIMIZATION IN A REGIME-SWITCHING MARKET WITH DERIVATIVES",2014,"EUROPEAN JOURNAL OF OPERATIONAL RESEARCH","10.1016/j.ejor.2013.08.033",TRUE,"DOI","T2_regime_switching_modelling","A"
"A CONDITIONAL MARKOV REGIME SWITCHING MODEL TO STUDY MARGINS: APPLICATION TO THE FRENCH FUEL RETAIL MARKETS",2014,"ENERGY STUDIES REVIEW",NA,TRUE,"DOI","T1a_core_detection","A"
"REGIME SWITCHING AND BOND PRICING",2014,"JOURNAL OF FINANCIAL ECONOMETRICS","10.1093/jjfinec/nbt019",TRUE,"DOI","T2_regime_switching_modelling","A"
"COMPUTATIONAL FINANCE: CORRELATION, VOLATILITY, AND MARKETS",2014,"WILEY INTERDISCIPLINARY REVIEWS: COMPUTATIONAL STATISTICS","10.1002/wics.1323",TRUE,"DOI","T2_regime_switching_modelling","B"
"THE UNEASY CASE FOR REAL ESTATE INVESTMENTS",2014,"RESEARCH IN FINANCE","10.1108/S0196-382120140000030009",TRUE,"DOI","T2_regime_switching_modelling","A"
"ON A CONTINUOUS TIME STOCK PRICE MODEL WITH REGIME SWITCHING, DELAY, AND THRESHOLD",2014,"QUANTITATIVE FINANCE","10.1080/14697688.2013.879990",TRUE,"DOI","T2_regime_switching_modelling","A"
"CONTINUOUS-TIME MEAN-VARIANCE ASSET-LIABILITY MANAGEMENT WITH HIDDEN MARKOVIAN REGIME SWITCHING",2014,"MATHEMATICAL PROBLEMS IN ENGINEERING","10.1155/2014/140140",TRUE,"DOI","T2_regime_switching_modelling","B"
"REGIME-DEPENDENT ROBUST RISK MEASURES WITH APPLICATION IN PORTFOLIO SELECTION",2014,"PROCEDIA COMPUTER SCIENCE","10.1016/j.procs.2014.05.277",FALSE,"not retrieved",NA,NA
"PORTFOLIO SELECTION WITH A HIDDEN MARKOV MODEL",2014,"QUALITY TECHNOLOGY AND QUANTITATIVE MANAGEMENT","10.1080/16843703.2014.11673334",FALSE,"not retrieved",NA,NA
"THE STATE-DEPENDENT TIME VARIATION IN THE VALUE PREMIUM",2014,"JOURNAL OF ASSET MANAGEMENT","10.1057/jam.2014.16",TRUE,"DOI","T2_regime_switching_modelling","A"
"OPTION PRICING USING A REGIME SWITCHING STOCHASTIC DISCOUNT FACTOR",2014,"INTERNATIONAL JOURNAL OF THEORETICAL AND APPLIED FINANCE","10.1142/S0219024914500204",TRUE,"DOI","T2_regime_switching_modelling","A"
"INFORMATION, NO-ARBITRAGE AND COMPLETENESS FOR ASSET PRICE MODELS WITH A CHANGE POINT",2014,"STOCHASTIC PROCESSES AND THEIR APPLICATIONS","10.1016/j.spa.2014.04.010",TRUE,"DOI","T1a_core_detection","B"
"REAL DIVIDEND - STOCK MARKET PRICE CAUSALITY NEXUS: AN APPLICATION OF MARKOV SWITCHING MODEL",2014,"AFRO-ASIAN JOURNAL OF FINANCE AND ACCOUNTING","10.1504/AAJFA.2014.059502",TRUE,"DOI","T2_regime_switching_modelling","A"
"FORECASTING UK GDP GROWTH AND INFLATION UNDER STRUCTURAL CHANGE. A COMPARISON OF MODELS WITH TIME-VARYING PARAMETERS",2014,"INTERNATIONAL JOURNAL OF FORECASTING","10.1016/j.ijforecast.2013.06.002",TRUE,"DOI","T1b_contextual_detection","A"
"MULTI-PERIOD MARKOWITZ'S MEAN-VARIANCE PORTFOLIO SELECTION WITH STATE-DEPENDENT EXIT PROBABILITY",2014,"ECONOMIC MODELLING","10.1016/j.econmod.2013.09.005",FALSE,"not retrieved",NA,NA
"OPTION PRICING WHEN ASSET RETURNS JUMP INTERRUPTEDLY",2013,"APPLIED STOCHASTIC MODELS IN BUSINESS AND INDUSTRY","10.1002/asmb.1935",TRUE,"DOI","T2_regime_switching_modelling","B"
"PRICING AND MANAGING RISKS OF EUROPEAN-STYLE OPTIONS IN A MARKOVIAN REGIME-SWITCHING BINOMIAL MODEL",2013,"ANNALS OF FINANCE","10.1007/s10436-012-0192-3",FALSE,"not retrieved",NA,NA
"MULTI-PERIOD MEAN-VARIANCE PORTFOLIO SELECTION IN A REGIME-SWITCHING MARKET WITH A BANKRUPTCY STATE",2013,"OPTIMAL CONTROL APPLICATIONS AND METHODS","10.1002/oca.2027",FALSE,"not retrieved",NA,NA
"OPTION VALUATION BY A SELF-EXCITING THRESHOLD BINOMIAL MODEL",2013,"MATHEMATICAL AND COMPUTER MODELLING","10.1016/j.mcm.2012.07.014",TRUE,"DOI","excluded","B"
"FUNDING AND INVESTMENT DECISIONS IN A STOCHASTIC DEFINED BENEFIT PENSION PLAN WITH REGIME SWITCHING*",2013,"LITHUANIAN MATHEMATICAL JOURNAL","10.1007/s10986-013-9201-0",FALSE,"not retrieved",NA,NA
"OPTIMAL PORTFOLIO IN A CONTINUOUS-TIME SELF-EXCITING THRESHOLD MODEL",2013,"JOURNAL OF INDUSTRIAL AND MANAGEMENT OPTIMIZATION","10.3934/jimo.2013.9.487",FALSE,"not retrieved",NA,NA
"RISK-MINIMIZING PORTFOLIO SELECTION FOR INSURANCE PAYMENT PROCESSES UNDER A MARKOV-MODULATED MODEL",2013,"JOURNAL OF INDUSTRIAL AND MANAGEMENT OPTIMIZATION","10.3934/jimo.2013.9.411",FALSE,"not retrieved",NA,NA
"AN ANALYTIC FORMULA FOR PRICING AMERICAN-STYLE CONVERTIBLE BONDS IN A REGIME SWITCHING MODEL",2013,"IMA JOURNAL OF MANAGEMENT MATHEMATICS","10.1093/imaman/dpu005",TRUE,"DOI","T2_regime_switching_modelling","A"
"AMERICAN OPTIONS IN THE HESTON MODEL WITH STOCHASTIC INTEREST RATE AND ITS GENERALIZATIONS",2013,"APPLIED MATHEMATICAL FINANCE","10.1080/1350486X.2012.655935",TRUE,"DOI","T2_regime_switching_modelling","A"
"PRICING VARIANCE SWAPS UNDER A STOCHASTIC INTEREST RATE AND VOLATILITY MODEL WITH REGIME-SWITCHING",2013,"OPERATIONS RESEARCH LETTERS","10.1016/j.orl.2012.12.008",TRUE,"DOI","T2_regime_switching_modelling","B"
"REGIME SWITCHING OF STOCHASTIC VOLATILITY MODEL WITH VG PROCESS",2013,"INTERNATIONAL JOURNAL OF APPLIED MATHEMATICS AND STATISTICS",NA,TRUE,"DOI","T1a_core_detection","A"
"NON-LINEAR TRADEOFF BETWEEN RISK AND RETURN: A REGIME-SWITCHING MULTI-FACTOR FRAMEWORK",2013,"LECTURE NOTES IN BUSINESS INFORMATION PROCESSING","10.1007/978-3-642-38279-6_7",TRUE,"title","T2_regime_switching_modelling","B"
"ASSET ALLOCATION IN MARKETS WITH CONTAGION: THE INTERPLAY BETWEEN VOLATILITIES, JUMP INTENSITIES, AND CORRELATIONS",2013,"REVIEW OF FINANCIAL ECONOMICS","10.1016/j.rfe.2012.08.001",TRUE,"DOI","T2_regime_switching_modelling","A"
"A MARKOV REGIME SWITCHING JUMP-DIFFUSION MODEL FOR THE PRICING OF PORTFOLIO CREDIT DERIVATIVES",2013,"STATISTICS AND PROBABILITY LETTERS","10.1016/j.spl.2012.10.003",TRUE,"DOI","T2_regime_switching_modelling","B"
"A DECOMPOSITION METHOD FOR OPTIMAL PORTFOLIOS WITH REGIME-SWITCHING AND RISK CONSTRAINT",2012,"RISK AND DECISION ANALYSIS","10.3233/RDA-2012-0070",FALSE,"not retrieved",NA,NA
"PORTFOLIO VALUE-AT-RISK ESTIMATING ON MARKOV REGIME SWITCHING COPULA-AUTOREGRESSIVE CONDITIONAL JUMP INTENSITY-THRESHOLD GENERALIZED AUTOREGRESSIVE CONDITIONAL HETEROSCEDASTICITY MODEL",2012,"PROCEEDING OF 2012 INTERNATIONAL CONFERENCE ON INFORMATION MANAGEMENT, INNOVATION MANAGEMENT AND INDUSTRIAL ENGINEERING, ICIII 2012","10.1109/ICIII.2012.6339654",TRUE,"DOI","T2_regime_switching_modelling","A"
"VITERBI-BASED ESTIMATION FOR MARKOV SWITCHING GARCH MODEL",2012,"APPLIED MATHEMATICAL FINANCE","10.1080/1350486X.2011.620396",TRUE,"DOI","T2_regime_switching_modelling","A"
"A COPULA-BASED REGIME-SWITCHING MODEL FOR RAINBOW OPTION PRICING",2012,"PROCEEDINGS OF THE 2012 5TH INTERNATIONAL CONFERENCE ON BUSINESS INTELLIGENCE AND FINANCIAL ENGINEERING, BIFE 2012","10.1109/BIFE.2012.148",TRUE,"DOI","T2_regime_switching_modelling","B"
"DYNAMIC RISK EXPOSURES IN HEDGE FUNDS",2012,"COMPUTATIONAL STATISTICS AND DATA ANALYSIS","10.1016/j.csda.2010.08.015",TRUE,"DOI","T2_regime_switching_modelling","B"
"NONLINEARITY AND SMOOTHING IN VENTURE CAPITAL PERFORMANCE DATA",2012,"JOURNAL OF EMPIRICAL FINANCE","10.1016/j.jempfin.2012.08.004",FALSE,"not retrieved",NA,NA
"RISK-MINIMIZING OPTION PRICING UNDER A MARKOV-MODULATED JUMP-DIFFUSION MODEL WITH STOCHASTIC VOLATILITY",2012,"STATISTICS AND PROBABILITY LETTERS","10.1016/j.spl.2012.05.026",TRUE,"DOI","T2_regime_switching_modelling","B"
"QUADRATIC RISK MINIMIZATION IN A REGIME-SWITCHING MODEL WITH PORTFOLIO CONSTRAINTS",2012,"SIAM JOURNAL ON CONTROL AND OPTIMIZATION","10.1137/100809271",TRUE,"DOI","T2_regime_switching_modelling","B"
"OPTIMAL INVESTMENT AND CONSUMPTION WHEN REGIME TRANSITIONS CAUSE PRICE SHOCKS",2012,"INSURANCE: MATHEMATICS AND ECONOMICS","10.1016/j.insmatheco.2012.07.011",FALSE,"not retrieved",NA,NA
"OPTIMAL SURRENDER STRATEGIES FOR EQUITY-INDEXED ANNUITY INVESTORS WITH PARTIAL INFORMATION",2012,"STATISTICS AND PROBABILITY LETTERS","10.1016/j.spl.2012.03.021",FALSE,"not retrieved",NA,NA
"NON-PARAMETRIC SEGMENTATION OF REGIME-SWITCHING TIME SERIES WITH OBLIQUE SWITCHING TREES",2012,"ICPRAM 2012 - PROCEEDINGS OF THE 1ST INTERNATIONAL CONFERENCE ON PATTERN RECOGNITION APPLICATIONS AND METHODS",NA,TRUE,"DOI","T1a_core_detection","A"
"A STOCHASTIC MAXIMUM PRINCIPLE FOR A MARKOV REGIME-SWITCHING JUMP-DIFFUSION MODEL AND ITS APPLICATION TO FINANCE",2012,"SIAM JOURNAL ON CONTROL AND OPTIMIZATION","10.1137/110839357",TRUE,"DOI","T2_regime_switching_modelling","B"
"A FRONT-FIXING FINITE ELEMENT METHOD FOR THE VALUATION OF AMERICAN OPTIONS WITH REGIME SWITCHING",2012,"INTERNATIONAL JOURNAL OF COMPUTER MATHEMATICS","10.1080/00207160.2012.663911",TRUE,"DOI","T2_regime_switching_modelling","B"
"MULTI-PERIOD MEAN-VARIANCE PORTFOLIO SELECTION WITH REGIME SWITCHING AND A STOCHASTIC CASH FLOW",2012,"INSURANCE: MATHEMATICS AND ECONOMICS","10.1016/j.insmatheco.2012.01.003",FALSE,"not retrieved",NA,NA
"A FULL JUMP SWITCHING LEVEL GARCH MODEL FOR SHORT-TERM INTEREST RATE",2012,"APPLIED FINANCIAL ECONOMICS","10.1080/09603107.2011.619491",TRUE,"DOI","T2_regime_switching_modelling","A"
"ESTIMATING INSURER'S CAPITAL REQUIREMENTS THROUGH MARKOV SWITCHING MODELS IN THE SOLVENCY II FRAMEWORK",2012,"INTERNATIONAL RESEARCH JOURNAL OF FINANCE AND ECONOMICS",NA,TRUE,"DOI","T1a_core_detection","A"
"THE EVALUATION OF GAS SWING CONTRACTS WITH REGIME SWITCHING",2012,"SPRINGER PROCEEDINGS IN MATHEMATICS AND STATISTICS","10.1007/978-1-4614-3433-7_9",TRUE,"DOI","excluded","B"
"THE PIIGS STOCK MARKETS BEFORE AND AFTER THE 2008 FINANCIAL CRISIS: A DYNAMIC COINTEGRATION AND CAUSALITY ANALYSIS",2012,"INTERNATIONAL JOURNAL OF BANKING, ACCOUNTING AND FINANCE","10.1504/IJBAAF.2012.051612",TRUE,"DOI","T2_regime_switching_modelling","A"
"MARKOVIAN REGIME-SWITCHING MARKET COMPLETION USING ADDITIONAL MARKOV JUMP ASSETS",2012,"IMA JOURNAL OF MANAGEMENT MATHEMATICS","10.1093/imaman/dpr018",FALSE,"not retrieved",NA,NA
"THE STOCHASTIC LQ FRAMEWORK WITH MARKOV MODULATION PARAMETERS",2011,"PROCEEDINGS - 2011 INTERNATIONAL CONFERENCE OF INFORMATION TECHNOLOGY, COMPUTER ENGINEERING AND MANAGEMENT SCIENCES, ICM 2011","10.1109/ICM.2011.188",TRUE,"DOI","T2_regime_switching_modelling","B"
"DYNAMIC EFFECTS IN INTERNATIONAL CARBON EMISSION MARKETS: EVIDENCE FROM ECX CER",2011,"PROCEEDINGS - 2011 4TH INTERNATIONAL CONFERENCE ON BUSINESS INTELLIGENCE AND FINANCIAL ENGINEERING, BIFE 2011","10.1109/BIFE.2011.51",FALSE,"not retrieved",NA,NA
"LOCALLY RISK-MINIMIZING HEDGING STRATEGIES FOR UNIT-LINKED LIFE INSURANCE CONTRACTS UNDER A REGIME SWITCHING LÉVY MODEL",2011,"FRONTIERS OF MATHEMATICS IN CHINA","10.1007/s11464-011-0100-6",TRUE,"DOI","T2_regime_switching_modelling","B"
"UTILITY-BASED INDIFFERENCE PRICING IN REGIME-SWITCHING MODELS",2011,"NONLINEAR ANALYSIS, THEORY, METHODS AND APPLICATIONS","10.1016/j.na.2011.06.009",FALSE,"not retrieved",NA,NA
"COMBINING STOCK MARKET VOLATILITY FORECASTS WITH ANALYSIS OF STOCK MATERIALS UNDER REGIME SWITCHING",2011,"ADVANCES IN INTELLIGENT AND SOFT COMPUTING","10.1007/978-3-642-23777-5_65",TRUE,"title","T2_regime_switching_modelling","B"
"LONG-TERM STRATEGIC ASSET ALLOCATION WITH INFLATION RISK AND REGIME SWITCHING",2011,"QUANTITATIVE FINANCE","10.1080/14697680903055588",TRUE,"DOI","T2_regime_switching_modelling","A"
"CROSS HEDGING SINGLE STOCK WITH AMERICAN DEPOSITARY RECEIPT AND STOCK INDEX FUTURES",2011,"FINANCE RESEARCH LETTERS","10.1016/j.frl.2010.11.001",TRUE,"DOI","T2_regime_switching_modelling","A"
"DEPENDENCE STRUCTURE AND EXTREME COMOVEMENTS IN INTERNATIONAL EQUITY AND BOND MARKETS",2011,"JOURNAL OF BANKING AND FINANCE","10.1016/j.jbankfin.2011.01.003",TRUE,"DOI","T2_regime_switching_modelling","A"
"MARKET TIMING UNDER MULTIPLE ECONOMIC REGIMES",2011,"ACCOUNTING AND FINANCE","10.1111/j.1467-629X.2010.00389.x",TRUE,"DOI","T2_regime_switching_modelling","A"
"MARKOWITZ'S MEAN-VARIANCE ASSET-LIABILITY MANAGEMENT WITH REGIME SWITCHING: A MULTI-PERIOD MODEL",2011,"APPLIED MATHEMATICAL FINANCE","10.1080/13504861003703633",FALSE,"not retrieved",NA,NA
"MULTI-PERIOD MEAN-VARIANCE PORTFOLIO SELECTION WITH MARKOV REGIME SWITCHING AND UNCERTAIN TIME-HORIZON",2011,"JOURNAL OF SYSTEMS SCIENCE AND COMPLEXITY","10.1007/s11424-011-9184-z",FALSE,"not retrieved",NA,NA
"CHAOS AND CAPACITY UTILIZATION UNDER INCREASING RETURNS TO SCALE",2011,"JOURNAL OF ECONOMIC BEHAVIOR AND ORGANIZATION","10.1016/j.jebo.2010.10.002",FALSE,"not retrieved",NA,NA
"REGIME SWITCHING FRACTIONAL COINTEGRATION AND FUTURES HEDGING",2011,"APPLIED FINANCIAL ECONOMICS","10.1080/09603107.2011.564133",TRUE,"DOI","T2_regime_switching_modelling","A"
"CHINA STOCK MARKET REGIMES PREDICTION WITH ARTIFICIAL NEURAL NETWORK AND MARKOV REGIME SWITCHING",2010,"WCE 2010 - WORLD CONGRESS ON ENGINEERING 2010",NA,TRUE,"DOI","T1a_core_detection","A"
"DYNAMIC HEDGE FUND ASSET ALLOCATION UNDER MULTIPLE REGIMES",2010,"2010 48TH ANNUAL ALLERTON CONFERENCE ON COMMUNICATION, CONTROL, AND COMPUTING, ALLERTON 2010","10.1109/ALLERTON.2010.5707074",TRUE,"DOI","T2_regime_switching_modelling","B"
"CHAOTIC SETS AND EULER EQUATION BRANCHING",2010,"JOURNAL OF MATHEMATICAL ECONOMICS","10.1016/j.jmateco.2010.09.004",TRUE,"DOI","T2_regime_switching_modelling","A"
"CONDITIONAL COSKEWNESS IN STOCK AND BOND MARKETS: TIME-SERIES EVIDENCE",2010,"MANAGEMENT SCIENCE","10.1287/mnsc.1100.1237",TRUE,"DOI","T2_regime_switching_modelling","A"
"FORECASTING VOLATILITY UNDER FRACTALITY, REGIME-SWITCHING, LONG MEMORY AND STUDENT-T INNOVATIONS",2010,"COMPUTATIONAL STATISTICS AND DATA ANALYSIS","10.1016/j.csda.2010.03.005",TRUE,"DOI","T2_regime_switching_modelling","B"
"REGIME SWITCHING VOLATILITY CALIBRATION BY THE BAUMWELCH METHOD",2010,"JOURNAL OF COMPUTATIONAL AND APPLIED MATHEMATICS","10.1016/j.cam.2010.04.022",TRUE,"DOI","excluded","B"
"BOND PRICING UNDER A MARKOVIAN REGIME-SWITCHING JUMP-AUGMENTED VASICEK MODEL VIA STOCHASTIC FLOWS",2010,"APPLIED MATHEMATICS AND COMPUTATION","10.1016/j.amc.2010.04.037",TRUE,"DOI","T2_regime_switching_modelling","B"
"STOCK LOAN VALUATION UNDER A REGIME-SWITCHING MODEL WITH MEAN-REVERTING AND FINITE MATURITY",2010,"JOURNAL OF SYSTEMS SCIENCE AND COMPLEXITY","10.1007/s11424-010-0146-7",TRUE,"DOI","T2_regime_switching_modelling","B"
"SWITCH, SWITCH, SWITCH! A REGIME-SWITCHING OPTION-BASED MODEL FOR VALUING A TOLLING AGREEMENT",2010,"ENGINEERING ECONOMIST","10.1080/0013791X.2010.504807",TRUE,"DOI","T2_regime_switching_modelling","A"
"IS REGIME SWITCHING IN STOCK RETURNS IMPORTANT IN PORTFOLIO DECISIONS?",2010,"MANAGEMENT SCIENCE","10.1287/mnsc.1100.1181",TRUE,"DOI","T2_regime_switching_modelling","A"
"MARTINGALE REPRESENTATION AND ADMISSIBLE PORTFOLIO PROCESS WITH REGIME SWITCHING",2010,"STOCHASTIC ANALYSIS AND APPLICATIONS","10.1080/07362994.2011.532027",FALSE,"not retrieved",NA,NA
"THRESHOLD RECURRENT REINFORCEMENT LEARNING MODEL FOR AUTOMATED TRADING",2010,"LECTURE NOTES IN COMPUTER SCIENCE (INCLUDING SUBSERIES LECTURE NOTES IN ARTIFICIAL INTELLIGENCE AND LECTURE NOTES IN BIOINFORMATICS)","10.1007/978-3-642-12242-2_22",TRUE,"title","T1a_core_detection","B"
